staff_id,date,code
1F-01,2026-10-03,有
1F-02,2026-10-10,有
1F-03,2026-10-17,有
1F-04,2026-10-24,有
1F-05,2026-10-04,有
1F-07,2026-10-18,有
1F-08,2026-10-25,有
1F-09,2026-10-05,有
1F-10,2026-10-12,有
1F-11,2026-10-19,有
1F-13,2026-10-06,有
1F-14,2026-10-13,有
1F-15,2026-10-20,有
1F-16,2026-10-27,有
1F-17,2026-10-07,有
1F-19,2026-10-21,有
1F-20,2026-10-28,有
1F-21,2026-10-08,有
1F-22,2026-10-15,有
1F-23,2026-10-22,有
2F-01,2026-10-09,有
2F-02,2026-10-16,有
2F-03,2026-10-23,有
2F-04,2026-10-03,有
2F-05,2026-10-10,有
2F-07,2026-10-24,有
2F-08,2026-10-04,有
2F-09,2026-10-11,有
2F-10,2026-10-18,有
2F-11,2026-10-25,有
2F-13,2026-10-12,有
2F-14,2026-10-19,有
2F-15,2026-10-26,有
2F-16,2026-10-06,有
2F-17,2026-10-13,有
2F-19,2026-10-27,有
2F-20,2026-10-07,有
2F-21,2026-10-14,有
2F-22,2026-10-21,有
2F-23,2026-10-28,有
3F-01,2026-10-15,有
3F-02,2026-10-22,有
3F-03,2026-10-29,有
3F-04,2026-10-09,有
3F-05,2026-10-16,有
3F-07,2026-10-03,有
3F-08,2026-10-10,有
3F-09,2026-10-17,有
3F-10,2026-10-24,有
3F-11,2026-10-04,有
3F-13,2026-10-18,有
3F-14,2026-10-25,有
3F-15,2026-10-05,有
3F-16,2026-10-12,有
3F-17,2026-10-19,有
3F-19,2026-10-06,有
3F-20,2026-10-13,有
3F-21,2026-10-20,有
3F-22,2026-10-27,有
3F-23,2026-10-07,有
