重大度,検出コード,分類,職員ID,日時,フロア,内容
YELLOW,FACILITY_LEGAL_STAFFING,未確認・V1制約,,,,施設種別・資格・利用者数に応じた法定配置基準は未実装
YELLOW,LEAVE_HISTORY_REVIEW,未確認・V1制約,,,,全員の年休付与・残数・取得履歴の完全性を未確認
YELLOW,MONTH_BOUNDARY_REVIEW,未確認・V1制約,,,,前後月を含む完全な勤務・休暇履歴の監査が未完了
YELLOW,WORK_SYSTEM_REVIEW,未確認・V1制約,,,,変形労働時間制の手続・事前特定・日週月の時間外計算と36協定は個別審査が必要
YELLOW,YEAR_HOLIDAY_REVIEW,未確認・V1制約,,,,年間公休120日は施設目標。年間実績は未監査
YELLOW,EARLY_BELOW_TARGET,目標人数,,2026-10-05,1F,早番 4人(最低4人は満たしているが、目標5人に未達)
YELLOW,LATE_BELOW_TARGET,目標人数,,2026-10-05,1F,遅番 4人(最低4人は満たしているが、目標5人に未達)
YELLOW,EARLY_BELOW_TARGET,目標人数,,2026-10-05,2F,早番 4人(最低4人は満たしているが、目標5人に未達)
YELLOW,LATE_BELOW_TARGET,目標人数,,2026-10-05,2F,遅番 4人(最低4人は満たしているが、目標5人に未達)
YELLOW,EARLY_BELOW_TARGET,目標人数,,2026-10-05,3F,早番 4人(最低4人は満たしているが、目標5人に未達)
YELLOW,LATE_BELOW_TARGET,目標人数,,2026-10-05,3F,遅番 4人(最低4人は満たしているが、目標5人に未達)
RED,EARLY_SHORT,施設ルール,,2026-10-06,1F,早番 3/4人
YELLOW,LATE_BELOW_TARGET,目標人数,,2026-10-06,1F,遅番 4人(最低4人は満たしているが、目標5人に未達)
YELLOW,EARLY_BELOW_TARGET,目標人数,,2026-10-06,2F,早番 4人(最低4人は満たしているが、目標5人に未達)
YELLOW,LATE_BELOW_TARGET,目標人数,,2026-10-06,2F,遅番 4人(最低4人は満たしているが、目標5人に未達)
YELLOW,EARLY_BELOW_TARGET,目標人数,,2026-10-06,3F,早番 4人(最低4人は満たしているが、目標5人に未達)
YELLOW,LATE_BELOW_TARGET,目標人数,,2026-10-06,3F,遅番 4人(最低4人は満たしているが、目標5人に未達)
YELLOW,EARLY_BELOW_TARGET,目標人数,,2026-10-07,1F,早番 4人(最低4人は満たしているが、目標5人に未達)
YELLOW,LATE_BELOW_TARGET,目標人数,,2026-10-07,1F,遅番 4人(最低4人は満たしているが、目標5人に未達)
YELLOW,EARLY_BELOW_TARGET,目標人数,,2026-10-07,2F,早番 4人(最低4人は満たしているが、目標5人に未達)
YELLOW,LATE_BELOW_TARGET,目標人数,,2026-10-07,2F,遅番 4人(最低4人は満たしているが、目標5人に未達)
YELLOW,EARLY_BELOW_TARGET,目標人数,,2026-10-07,3F,早番 4人(最低4人は満たしているが、目標5人に未達)
YELLOW,LATE_BELOW_TARGET,目標人数,,2026-10-07,3F,遅番 4人(最低4人は満たしているが、目標5人に未達)
RED,COVERAGE_SHORT,施設ルール,,2026-10-07 21:00:00,統括,実働0人・最低1人・不足1人
RED,COVERAGE_SHORT,施設ルール,,2026-10-07 21:30:00,統括,実働0人・最低1人・不足1人
YELLOW,EARLY_BELOW_TARGET,目標人数,,2026-10-08,1F,早番 4人(最低4人は満たしているが、目標5人に未達)
RED,LATE_SHORT,施設ルール,,2026-10-08,1F,遅番 3/4人
YELLOW,EARLY_BELOW_TARGET,目標人数,,2026-10-08,2F,早番 4人(最低4人は満たしているが、目標5人に未達)
YELLOW,LATE_BELOW_TARGET,目標人数,,2026-10-08,2F,遅番 4人(最低4人は満たしているが、目標5人に未達)
YELLOW,EARLY_BELOW_TARGET,目標人数,,2026-10-08,3F,早番 4人(最低4人は満たしているが、目標5人に未達)
YELLOW,LATE_BELOW_TARGET,目標人数,,2026-10-08,3F,遅番 4人(最低4人は満たしているが、目標5人に未達)
YELLOW,EARLY_BELOW_TARGET,目標人数,,2026-10-09,1F,早番 4人(最低4人は満たしているが、目標5人に未達)
YELLOW,LATE_BELOW_TARGET,目標人数,,2026-10-09,1F,遅番 4人(最低4人は満たしているが、目標5人に未達)
YELLOW,EARLY_BELOW_TARGET,目標人数,,2026-10-09,2F,早番 4人(最低4人は満たしているが、目標5人に未達)
YELLOW,LATE_BELOW_TARGET,目標人数,,2026-10-09,2F,遅番 4人(最低4人は満たしているが、目標5人に未達)
YELLOW,EARLY_BELOW_TARGET,目標人数,,2026-10-09,3F,早番 4人(最低4人は満たしているが、目標5人に未達)
YELLOW,LATE_BELOW_TARGET,目標人数,,2026-10-09,3F,遅番 4人(最低4人は満たしているが、目標5人に未達)
YELLOW,EARLY_BELOW_TARGET,目標人数,,2026-10-10,1F,早番 4人(最低4人は満たしているが、目標5人に未達)
YELLOW,LATE_BELOW_TARGET,目標人数,,2026-10-10,1F,遅番 4人(最低4人は満たしているが、目標5人に未達)
YELLOW,LATE_BELOW_TARGET,目標人数,,2026-10-10,2F,遅番 4人(最低4人は満たしているが、目標5人に未達)
YELLOW,EARLY_BELOW_TARGET,目標人数,,2026-10-10,3F,早番 4人(最低4人は満たしているが、目標5人に未達)
YELLOW,LATE_BELOW_TARGET,目標人数,,2026-10-10,3F,遅番 4人(最低4人は満たしているが、目標5人に未達)
YELLOW,EARLY_BELOW_TARGET,目標人数,,2026-10-11,1F,早番 4人(最低4人は満たしているが、目標5人に未達)
YELLOW,LATE_BELOW_TARGET,目標人数,,2026-10-11,1F,遅番 4人(最低4人は満たしているが、目標5人に未達)
YELLOW,EARLY_BELOW_TARGET,目標人数,,2026-10-11,2F,早番 4人(最低4人は満たしているが、目標5人に未達)
YELLOW,LATE_BELOW_TARGET,目標人数,,2026-10-11,2F,遅番 4人(最低4人は満たしているが、目標5人に未達)
YELLOW,EARLY_BELOW_TARGET,目標人数,,2026-10-11,3F,早番 4人(最低4人は満たしているが、目標5人に未達)
YELLOW,LATE_BELOW_TARGET,目標人数,,2026-10-11,3F,遅番 4人(最低4人は満たしているが、目標5人に未達)
RED,FACILITY_BREAK_SHORT,施設ルール,1F-01,2026-10-04,,施設休憩不足: 0/180分
RED,LEGAL_BREAK_SHORT,法令,1F-01,2026-10-04,,法定休憩不足: 0分
RED,NIGHT_BREAK_CONTINUITY,施設ルール,1F-01,2026-10-04,,夜勤の連続休憩が不足
YELLOW,CONTRACT_HOURS,契約確認,1F-01,2026-10-05,,暦週2026-10-05の既知実働60hが契約40h超過。法定残業とは別
RED,WEEKLY_HOLIDAY,施設ルール,1F-01,2026-10-05,,週1日の公休なし（週休方式の仮想施設。4週4休・休日労働の例外は未採用）
RED,FACILITY_BREAK_SHORT,施設ルール,1F-01,2026-10-06,,施設休憩不足: 120/180分
RED,FACILITY_BREAK_SHORT,施設ルール,1F-01,2026-10-08,,施設休憩不足: 0/60分
RED,LEGAL_BREAK_SHORT,法令,1F-01,2026-10-08,,法定休憩不足: 0分
RED,FACILITY_BREAK_SHORT,施設ルール,1F-01,2026-10-09,,施設休憩不足: 0/60分
RED,LEGAL_BREAK_SHORT,法令,1F-01,2026-10-09,,法定休憩不足: 0分
RED,REQUEST_CONFLICT,施設ルール,1F-01,2026-10-09,,休希望日に割当または未入力
RED,FACILITY_BREAK_SHORT,施設ルール,1F-01,2026-10-10,,施設休憩不足: 0/60分
RED,LEGAL_BREAK_SHORT,法令,1F-01,2026-10-10,,法定休憩不足: 0分
RED,FACILITY_BREAK_SHORT,施設ルール,1F-01,2026-10-11,,施設休憩不足: 0/60分
RED,LEGAL_BREAK_SHORT,法令,1F-01,2026-10-11,,法定休憩不足: 0分
RED,FACILITY_BREAK_SHORT,施設ルール,1F-01,2026-10-12,,施設休憩不足: 0/180分
RED,LEGAL_BREAK_SHORT,法令,1F-01,2026-10-12,,法定休憩不足: 0分
RED,NIGHT_BREAK_CONTINUITY,施設ルール,1F-01,2026-10-12,,夜勤の連続休憩が不足
RED,FACILITY_BREAK_SHORT,施設ルール,1F-02,2026-10-04,,施設休憩不足: 0/180分
RED,LEGAL_BREAK_SHORT,法令,1F-02,2026-10-04,,法定休憩不足: 0分
RED,NIGHT_BREAK_CONTINUITY,施設ルール,1F-02,2026-10-04,,夜勤の連続休憩が不足
YELLOW,CONTRACT_HOURS,契約確認,1F-02,2026-10-05,,暦週2026-10-05の既知実働60hが契約40h超過。法定残業とは別
RED,WEEKLY_HOLIDAY,施設ルール,1F-02,2026-10-05,,週1日の公休なし（週休方式の仮想施設。4週4休・休日労働の例外は未採用）
RED,FACILITY_BREAK_SHORT,施設ルール,1F-02,2026-10-06,,施設休憩不足: 120/180分
RED,FACILITY_BREAK_SHORT,施設ルール,1F-02,2026-10-08,,施設休憩不足: 0/60分
RED,LEGAL_BREAK_SHORT,法令,1F-02,2026-10-08,,法定休憩不足: 0分
RED,FACILITY_BREAK_SHORT,施設ルール,1F-02,2026-10-09,,施設休憩不足: 0/60分
RED,LEGAL_BREAK_SHORT,法令,1F-02,2026-10-09,,法定休憩不足: 0分
RED,FACILITY_BREAK_SHORT,施設ルール,1F-02,2026-10-10,,施設休憩不足: 0/60分
RED,LEGAL_BREAK_SHORT,法令,1F-02,2026-10-10,,法定休憩不足: 0分
RED,FACILITY_BREAK_SHORT,施設ルール,1F-02,2026-10-11,,施設休憩不足: 0/60分
RED,LEGAL_BREAK_SHORT,法令,1F-02,2026-10-11,,法定休憩不足: 0分
RED,FACILITY_BREAK_SHORT,施設ルール,1F-02,2026-10-12,,施設休憩不足: 0/180分
RED,LEGAL_BREAK_SHORT,法令,1F-02,2026-10-12,,法定休憩不足: 0分
RED,NIGHT_BREAK_CONTINUITY,施設ルール,1F-02,2026-10-12,,夜勤の連続休憩が不足
RED,FACILITY_BREAK_SHORT,施設ルール,1F-03,2026-10-04,,施設休憩不足: 0/180分
RED,LEGAL_BREAK_SHORT,法令,1F-03,2026-10-04,,法定休憩不足: 0分
RED,NIGHT_BREAK_CONTINUITY,施設ルール,1F-03,2026-10-04,,夜勤の連続休憩が不足
YELLOW,CONTRACT_HOURS,契約確認,1F-03,2026-10-05,,暦週2026-10-05の既知実働51hが契約40h超過。法定残業とは別
RED,FACILITY_BREAK_SHORT,施設ルール,1F-03,2026-10-07,,施設休憩不足: 120/180分
RED,FACILITY_BREAK_SHORT,施設ルール,1F-03,2026-10-09,,施設休憩不足: 0/60分
RED,LEGAL_BREAK_SHORT,法令,1F-03,2026-10-09,,法定休憩不足: 0分
RED,FACILITY_BREAK_SHORT,施設ルール,1F-03,2026-10-10,,施設休憩不足: 0/60分
RED,LEGAL_BREAK_SHORT,法令,1F-03,2026-10-10,,法定休憩不足: 0分
RED,FACILITY_BREAK_SHORT,施設ルール,1F-03,2026-10-11,,施設休憩不足: 0/60分
RED,LEGAL_BREAK_SHORT,法令,1F-03,2026-10-11,,法定休憩不足: 0分
RED,FACILITY_BREAK_SHORT,施設ルール,1F-04,2026-10-04,,施設休憩不足: 0/180分
RED,LEGAL_BREAK_SHORT,法令,1F-04,2026-10-04,,法定休憩不足: 0分
RED,NIGHT_BREAK_CONTINUITY,施設ルール,1F-04,2026-10-04,,夜勤の連続休憩が不足
YELLOW,CONTRACT_HOURS,契約確認,1F-04,2026-10-05,,暦週2026-10-05の既知実働60hが契約40h超過。法定残業とは別
RED,WEEKLY_HOLIDAY,施設ルール,1F-04,2026-10-05,,週1日の公休なし（週休方式の仮想施設。4週4休・休日労働の例外は未採用）
RED,FACILITY_BREAK_SHORT,施設ルール,1F-04,2026-10-06,,施設休憩不足: 0/60分
RED,LEGAL_BREAK_SHORT,法令,1F-04,2026-10-06,,法定休憩不足: 0分
RED,FACILITY_BREAK_SHORT,施設ルール,1F-04,2026-10-07,,施設休憩不足: 120/180分
RED,FACILITY_BREAK_SHORT,施設ルール,1F-04,2026-10-09,,施設休憩不足: 0/60分
RED,LEGAL_BREAK_SHORT,法令,1F-04,2026-10-09,,法定休憩不足: 0分
RED,FACILITY_BREAK_SHORT,施設ルール,1F-04,2026-10-10,,施設休憩不足: 0/60分
RED,LEGAL_BREAK_SHORT,法令,1F-04,2026-10-10,,法定休憩不足: 0分
RED,FACILITY_BREAK_SHORT,施設ルール,1F-04,2026-10-11,,施設休憩不足: 0/60分
RED,LEGAL_BREAK_SHORT,法令,1F-04,2026-10-11,,法定休憩不足: 0分
YELLOW,CONTRACT_HOURS,契約確認,1F-05,2026-10-05,,暦週2026-10-05の既知実働57hが契約40h超過。法定残業とは別
RED,FACILITY_BREAK_SHORT,施設ルール,1F-05,2026-10-05,,施設休憩不足: 120/180分
RED,WEEKLY_HOLIDAY,施設ルール,1F-05,2026-10-05,,週1日の公休なし（週休方式の仮想施設。4週4休・休日労働の例外は未採用）
RED,FACILITY_BREAK_SHORT,施設ルール,1F-05,2026-10-07,,施設休憩不足: 0/60分
RED,LEGAL_BREAK_SHORT,法令,1F-05,2026-10-07,,法定休憩不足: 0分
RED,FACILITY_BREAK_SHORT,施設ルール,1F-05,2026-10-08,,施設休憩不足: 120/180分
RED,TRANSFER_FORBIDDEN,施設ルール,1F-05,2026-10-08 21:00:00,,他フロア応援不可
RED,TRANSFER_FORBIDDEN,施設ルール,1F-05,2026-10-08 21:30:00,,他フロア応援不可
RED,TRANSFER_FORBIDDEN,施設ルール,1F-05,2026-10-08 22:00:00,,他フロア応援不可
RED,TRANSFER_FORBIDDEN,施設ルール,1F-05,2026-10-08 22:30:00,,他フロア応援不可
RED,TRANSFER_FORBIDDEN,施設ルール,1F-05,2026-10-08 23:00:00,,他フロア応援不可
RED,TRANSFER_FORBIDDEN,施設ルール,1F-05,2026-10-08 23:30:00,,他フロア応援不可
RED,TRANSFER_FORBIDDEN,施設ルール,1F-05,2026-10-09 00:00:00,,他フロア応援不可
RED,TRANSFER_FORBIDDEN,施設ルール,1F-05,2026-10-09 00:30:00,,他フロア応援不可
RED,TRANSFER_FORBIDDEN,施設ルール,1F-05,2026-10-09 01:00:00,,他フロア応援不可
RED,TRANSFER_FORBIDDEN,施設ルール,1F-05,2026-10-09 01:30:00,,他フロア応援不可
RED,TRANSFER_FORBIDDEN,施設ルール,1F-05,2026-10-09 02:00:00,,他フロア応援不可
RED,TRANSFER_FORBIDDEN,施設ルール,1F-05,2026-10-09 02:30:00,,他フロア応援不可
RED,FACILITY_BREAK_SHORT,施設ルール,1F-05,2026-10-10,,施設休憩不足: 0/60分
RED,LEGAL_BREAK_SHORT,法令,1F-05,2026-10-10,,法定休憩不足: 0分
RED,FACILITY_BREAK_SHORT,施設ルール,1F-05,2026-10-11,,施設休憩不足: 0/60分
RED,LEGAL_BREAK_SHORT,法令,1F-05,2026-10-11,,法定休憩不足: 0分
YELLOW,CONTRACT_HOURS,契約確認,1F-06,2026-10-05,,暦週2026-10-05の既知実働57hが契約40h超過。法定残業とは別
RED,FACILITY_BREAK_SHORT,施設ルール,1F-06,2026-10-05,,施設休憩不足: 120/180分
RED,WEEKLY_HOLIDAY,施設ルール,1F-06,2026-10-05,,週1日の公休なし（週休方式の仮想施設。4週4休・休日労働の例外は未採用）
RED,FACILITY_BREAK_SHORT,施設ルール,1F-06,2026-10-07,,施設休憩不足: 0/60分
RED,LEGAL_BREAK_SHORT,法令,1F-06,2026-10-07,,法定休憩不足: 0分
RED,FACILITY_BREAK_SHORT,施設ルール,1F-06,2026-10-08,,施設休憩不足: 120/180分
RED,FACILITY_BREAK_SHORT,施設ルール,1F-06,2026-10-10,,施設休憩不足: 0/60分
RED,LEGAL_BREAK_SHORT,法令,1F-06,2026-10-10,,法定休憩不足: 0分
RED,FACILITY_BREAK_SHORT,施設ルール,1F-06,2026-10-11,,施設休憩不足: 0/60分
RED,LEGAL_BREAK_SHORT,法令,1F-06,2026-10-11,,法定休憩不足: 0分
YELLOW,CONTRACT_HOURS,契約確認,1F-07,2026-10-05,,暦週2026-10-05の既知実働57hが契約40h超過。法定残業とは別
RED,FACILITY_BREAK_SHORT,施設ルール,1F-07,2026-10-05,,施設休憩不足: 0/60分
RED,LEGAL_BREAK_SHORT,法令,1F-07,2026-10-05,,法定休憩不足: 0分
RED,WEEKLY_HOLIDAY,施設ルール,1F-07,2026-10-05,,週1日の公休なし（週休方式の仮想施設。4週4休・休日労働の例外は未採用）
RED,FACILITY_BREAK_SHORT,施設ルール,1F-07,2026-10-06,,施設休憩不足: 120/180分
RED,FACILITY_BREAK_SHORT,施設ルール,1F-07,2026-10-08,,施設休憩不足: 0/60分
RED,LEGAL_BREAK_SHORT,法令,1F-07,2026-10-08,,法定休憩不足: 0分
RED,FACILITY_BREAK_SHORT,施設ルール,1F-07,2026-10-09,,施設休憩不足: 0/60分
RED,LEGAL_BREAK_SHORT,法令,1F-07,2026-10-09,,法定休憩不足: 0分
RED,FACILITY_BREAK_SHORT,施設ルール,1F-07,2026-10-10,,施設休憩不足: 120/180分
YELLOW,CONTRACT_HOURS,契約確認,1F-08,2026-10-05,,暦週2026-10-05の既知実働57hが契約40h超過。法定残業とは別
RED,FACILITY_BREAK_SHORT,施設ルール,1F-08,2026-10-05,,施設休憩不足: 0/60分
RED,LEGAL_BREAK_SHORT,法令,1F-08,2026-10-05,,法定休憩不足: 0分
RED,WEEKLY_HOLIDAY,施設ルール,1F-08,2026-10-05,,週1日の公休なし（週休方式の仮想施設。4週4休・休日労働の例外は未採用）
RED,FACILITY_BREAK_SHORT,施設ルール,1F-08,2026-10-06,,施設休憩不足: 120/180分
RED,FACILITY_BREAK_SHORT,施設ルール,1F-08,2026-10-08,,施設休憩不足: 0/60分
RED,LEGAL_BREAK_SHORT,法令,1F-08,2026-10-08,,法定休憩不足: 0分
RED,FACILITY_BREAK_SHORT,施設ルール,1F-08,2026-10-09,,施設休憩不足: 0/60分
RED,LEGAL_BREAK_SHORT,法令,1F-08,2026-10-09,,法定休憩不足: 0分
RED,FACILITY_BREAK_SHORT,施設ルール,1F-08,2026-10-10,,施設休憩不足: 120/180分
YELLOW,CONTRACT_HOURS,契約確認,1F-09,2026-10-05,,暦週2026-10-05の既知実働57hが契約40h超過。法定残業とは別
RED,FACILITY_BREAK_SHORT,施設ルール,1F-09,2026-10-05,,施設休憩不足: 0/60分
RED,LEGAL_BREAK_SHORT,法令,1F-09,2026-10-05,,法定休憩不足: 0分
RED,WEEKLY_HOLIDAY,施設ルール,1F-09,2026-10-05,,週1日の公休なし（週休方式の仮想施設。4週4休・休日労働の例外は未採用）
RED,FACILITY_BREAK_SHORT,施設ルール,1F-09,2026-10-06,,施設休憩不足: 0/60分
RED,LEGAL_BREAK_SHORT,法令,1F-09,2026-10-06,,法定休憩不足: 0分
RED,FACILITY_BREAK_SHORT,施設ルール,1F-09,2026-10-07,,施設休憩不足: 120/180分
RED,FACILITY_BREAK_SHORT,施設ルール,1F-09,2026-10-09,,施設休憩不足: 0/60分
RED,LEGAL_BREAK_SHORT,法令,1F-09,2026-10-09,,法定休憩不足: 0分
RED,FACILITY_BREAK_SHORT,施設ルール,1F-09,2026-10-10,,施設休憩不足: 0/60分
RED,LEGAL_BREAK_SHORT,法令,1F-09,2026-10-10,,法定休憩不足: 0分
RED,FACILITY_BREAK_SHORT,施設ルール,1F-09,2026-10-11,,施設休憩不足: 120/180分
YELLOW,CONTRACT_HOURS,契約確認,1F-10,2026-10-05,,暦週2026-10-05の既知実働48hが契約40h超過。法定残業とは別
RED,FACILITY_BREAK_SHORT,施設ルール,1F-10,2026-10-05,,施設休憩不足: 0/60分
RED,LEGAL_BREAK_SHORT,法令,1F-10,2026-10-05,,法定休憩不足: 0分
RED,FACILITY_BREAK_SHORT,施設ルール,1F-10,2026-10-06,,施設休憩不足: 0/60分
RED,LEGAL_BREAK_SHORT,法令,1F-10,2026-10-06,,法定休憩不足: 0分
RED,FACILITY_BREAK_SHORT,施設ルール,1F-10,2026-10-07,,施設休憩不足: 120/180分
RED,FACILITY_BREAK_SHORT,施設ルール,1F-10,2026-10-09,,施設休憩不足: 0/60分
RED,LEGAL_BREAK_SHORT,法令,1F-10,2026-10-09,,法定休憩不足: 0分
RED,FACILITY_BREAK_SHORT,施設ルール,1F-10,2026-10-11,,施設休憩不足: 120/180分
YELLOW,CONTRACT_HOURS,契約確認,1F-11,2026-10-05,,暦週2026-10-05の既知実働51hが契約40h超過。法定残業とは別
RED,FACILITY_BREAK_SHORT,施設ルール,1F-11,2026-10-05,,施設休憩不足: 0/60分
RED,LEGAL_BREAK_SHORT,法令,1F-11,2026-10-05,,法定休憩不足: 0分
RED,FACILITY_BREAK_SHORT,施設ルール,1F-11,2026-10-06,,施設休憩不足: 0/60分
RED,LEGAL_BREAK_SHORT,法令,1F-11,2026-10-06,,法定休憩不足: 0分
RED,FACILITY_BREAK_SHORT,施設ルール,1F-11,2026-10-07,,施設休憩不足: 0/60分
RED,LEGAL_BREAK_SHORT,法令,1F-11,2026-10-07,,法定休憩不足: 0分
RED,FACILITY_BREAK_SHORT,施設ルール,1F-11,2026-10-08,,施設休憩不足: 0/60分
RED,LEGAL_BREAK_SHORT,法令,1F-11,2026-10-08,,法定休憩不足: 0分
RED,FACILITY_BREAK_SHORT,施設ルール,1F-11,2026-10-09,,施設休憩不足: 120/180分
RED,FACILITY_BREAK_SHORT,施設ルール,1F-11,2026-10-12,,施設休憩不足: 0/180分
RED,LEGAL_BREAK_SHORT,法令,1F-11,2026-10-12,,法定休憩不足: 0分
RED,NIGHT_BREAK_CONTINUITY,施設ルール,1F-11,2026-10-12,,夜勤の連続休憩が不足
YELLOW,CONTRACT_HOURS,契約確認,1F-12,2026-10-05,,暦週2026-10-05の既知実働51hが契約40h超過。法定残業とは別
RED,FACILITY_BREAK_SHORT,施設ルール,1F-12,2026-10-05,,施設休憩不足: 0/60分
RED,LEGAL_BREAK_SHORT,法令,1F-12,2026-10-05,,法定休憩不足: 0分
RED,FACILITY_BREAK_SHORT,施設ルール,1F-12,2026-10-06,,施設休憩不足: 0/60分
RED,LEGAL_BREAK_SHORT,法令,1F-12,2026-10-06,,法定休憩不足: 0分
RED,FACILITY_BREAK_SHORT,施設ルール,1F-12,2026-10-07,,施設休憩不足: 0/60分
RED,LEGAL_BREAK_SHORT,法令,1F-12,2026-10-07,,法定休憩不足: 0分
RED,FACILITY_BREAK_SHORT,施設ルール,1F-12,2026-10-08,,施設休憩不足: 0/60分
RED,LEGAL_BREAK_SHORT,法令,1F-12,2026-10-08,,法定休憩不足: 0分
RED,FACILITY_BREAK_SHORT,施設ルール,1F-12,2026-10-09,,施設休憩不足: 120/180分
RED,FACILITY_BREAK_SHORT,施設ルール,1F-12,2026-10-12,,施設休憩不足: 0/180分
RED,LEGAL_BREAK_SHORT,法令,1F-12,2026-10-12,,法定休憩不足: 0分
RED,NIGHT_BREAK_CONTINUITY,施設ルール,1F-12,2026-10-12,,夜勤の連続休憩が不足
RED,FACILITY_BREAK_SHORT,施設ルール,1F-13,2026-10-05,,施設休憩不足: 0/60分
RED,LEGAL_BREAK_SHORT,法令,1F-13,2026-10-05,,法定休憩不足: 0分
RED,FACILITY_BREAK_SHORT,施設ルール,1F-13,2026-10-06,,施設休憩不足: 0/60分
RED,LEGAL_BREAK_SHORT,法令,1F-13,2026-10-06,,法定休憩不足: 0分
RED,FACILITY_BREAK_SHORT,施設ルール,1F-13,2026-10-07,,施設休憩不足: 0/60分
RED,LEGAL_BREAK_SHORT,法令,1F-13,2026-10-07,,法定休憩不足: 0分
RED,ORPHAN_POST_NIGHT,入力整合,1F-13,2026-10-09,,明に対応する前日夜勤がない
RED,FACILITY_BREAK_SHORT,施設ルール,1F-13,2026-10-11,,施設休憩不足: 0/60分
RED,LEGAL_BREAK_SHORT,法令,1F-13,2026-10-11,,法定休憩不足: 0分
YELLOW,CONTRACT_HOURS,契約確認,1F-14,2026-10-05,,暦週2026-10-05の既知実働51hが契約40h超過。法定残業とは別
RED,FACILITY_BREAK_SHORT,施設ルール,1F-14,2026-10-05,,施設休憩不足: 0/60分
RED,LEGAL_BREAK_SHORT,法令,1F-14,2026-10-05,,法定休憩不足: 0分
RED,FACILITY_BREAK_SHORT,施設ルール,1F-14,2026-10-07,,施設休憩不足: 0/60分
RED,LEGAL_BREAK_SHORT,法令,1F-14,2026-10-07,,法定休憩不足: 0分
RED,FACILITY_BREAK_SHORT,施設ルール,1F-14,2026-10-08,,施設休憩不足: 120/180分
RED,FACILITY_BREAK_SHORT,施設ルール,1F-14,2026-10-10,,施設休憩不足: 0/60分
RED,LEGAL_BREAK_SHORT,法令,1F-14,2026-10-10,,法定休憩不足: 0分
RED,FACILITY_BREAK_SHORT,施設ルール,1F-14,2026-10-11,,施設休憩不足: 0/60分
RED,LEGAL_BREAK_SHORT,法令,1F-14,2026-10-11,,法定休憩不足: 0分
RED,NIGHT_MONTH_LIMIT,施設ルール,1F-15,2026-10,,施設の月間夜勤上限超過
RED,FACILITY_BREAK_SHORT,施設ルール,1F-15,2026-10-06,,施設休憩不足: 0/60分
RED,LEGAL_BREAK_SHORT,法令,1F-15,2026-10-06,,法定休憩不足: 0分
RED,FACILITY_BREAK_SHORT,施設ルール,1F-15,2026-10-07,,施設休憩不足: 0/60分
RED,LEGAL_BREAK_SHORT,法令,1F-15,2026-10-07,,法定休憩不足: 0分
RED,CODE_RESTRICTION,施設ルール,1F-15,2026-10-08,,勤務可能コード外: 夜
RED,FACILITY_BREAK_SHORT,施設ルール,1F-15,2026-10-08,,施設休憩不足: 120/180分
RED,NIGHT_FORBIDDEN,施設ルール,1F-15,2026-10-08,,長時間夜勤不可者への夜勤
RED,OFF_DAY_WORK,施設ルール,1F-15,2026-10-09,,公休・有休の日に実勤務時間がある
RED,POST_NIGHT_CONFLICT,施設ルール,1F-15,2026-10-09,,前日夜勤の終了日は明とする施設ルール
RED,FACILITY_BREAK_SHORT,施設ルール,1F-16,2026-10-06,,施設休憩不足: 0/60分
RED,LEGAL_BREAK_SHORT,法令,1F-16,2026-10-06,,法定休憩不足: 0分
RED,FACILITY_BREAK_SHORT,施設ルール,1F-16,2026-10-07,,施設休憩不足: 0/60分
RED,LEGAL_BREAK_SHORT,法令,1F-16,2026-10-07,,法定休憩不足: 0分
RED,FACILITY_BREAK_SHORT,施設ルール,1F-16,2026-10-08,,施設休憩不足: 0/60分
RED,LEGAL_BREAK_SHORT,法令,1F-16,2026-10-08,,法定休憩不足: 0分
YELLOW,CONTRACT_HOURS,契約確認,1F-17,2026-10-05,,暦週2026-10-05の既知実働15hが契約12h超過。法定残業とは別
YELLOW,CONTRACT_HOURS,契約確認,1F-20,2026-10-05,,暦週2026-10-05の既知実働15hが契約12h超過。法定残業とは別
RED,OFF_DAY_WORK,施設ルール,1F-23,2026-10-05,,公休・有休の日に実勤務時間がある
RED,POST_NIGHT_CONFLICT,施設ルール,1F-23,2026-10-05,,前日夜勤の終了日は明とする施設ルール
RED,OFF_DAY_WORK,施設ルール,1F-23,2026-10-08,,公休・有休の日に実勤務時間がある
RED,POST_NIGHT_CONFLICT,施設ルール,1F-23,2026-10-08,,前日夜勤の終了日は明とする施設ルール
RED,OFF_DAY_WORK,施設ルール,1F-23,2026-10-11,,公休・有休の日に実勤務時間がある
RED,POST_NIGHT_CONFLICT,施設ルール,1F-23,2026-10-11,,前日夜勤の終了日は明とする施設ルール
RED,FACILITY_BREAK_SHORT,施設ルール,2F-01,2026-10-04,,施設休憩不足: 0/180分
RED,LEGAL_BREAK_SHORT,法令,2F-01,2026-10-04,,法定休憩不足: 0分
RED,NIGHT_BREAK_CONTINUITY,施設ルール,2F-01,2026-10-04,,夜勤の連続休憩が不足
YELLOW,CONTRACT_HOURS,契約確認,2F-01,2026-10-05,,暦週2026-10-05の既知実働60hが契約40h超過。法定残業とは別
RED,WEEKLY_HOLIDAY,施設ルール,2F-01,2026-10-05,,週1日の公休なし（週休方式の仮想施設。4週4休・休日労働の例外は未採用）
RED,FACILITY_BREAK_SHORT,施設ルール,2F-01,2026-10-06,,施設休憩不足: 0/60分
RED,LEGAL_BREAK_SHORT,法令,2F-01,2026-10-06,,法定休憩不足: 0分
RED,FACILITY_BREAK_SHORT,施設ルール,2F-01,2026-10-07,,施設休憩不足: 0/60分
RED,LEGAL_BREAK_SHORT,法令,2F-01,2026-10-07,,法定休憩不足: 0分
RED,FACILITY_BREAK_SHORT,施設ルール,2F-01,2026-10-08,,施設休憩不足: 0/60分
RED,LEGAL_BREAK_SHORT,法令,2F-01,2026-10-08,,法定休憩不足: 0分
RED,FACILITY_BREAK_SHORT,施設ルール,2F-01,2026-10-09,,施設休憩不足: 120/180分
RED,FACILITY_BREAK_SHORT,施設ルール,2F-01,2026-10-11,,施設休憩不足: 0/60分
RED,LEGAL_BREAK_SHORT,法令,2F-01,2026-10-11,,法定休憩不足: 0分
RED,FACILITY_BREAK_SHORT,施設ルール,2F-02,2026-10-04,,施設休憩不足: 0/180分
RED,LEGAL_BREAK_SHORT,法令,2F-02,2026-10-04,,法定休憩不足: 0分
RED,NIGHT_BREAK_CONTINUITY,施設ルール,2F-02,2026-10-04,,夜勤の連続休憩が不足
YELLOW,CONTRACT_HOURS,契約確認,2F-02,2026-10-05,,暦週2026-10-05の既知実働60hが契約40h超過。法定残業とは別
RED,WEEKLY_HOLIDAY,施設ルール,2F-02,2026-10-05,,週1日の公休なし（週休方式の仮想施設。4週4休・休日労働の例外は未採用）
RED,FACILITY_BREAK_SHORT,施設ルール,2F-02,2026-10-06,,施設休憩不足: 0/60分
RED,LEGAL_BREAK_SHORT,法令,2F-02,2026-10-06,,法定休憩不足: 0分
RED,FACILITY_BREAK_SHORT,施設ルール,2F-02,2026-10-07,,施設休憩不足: 0/60分
RED,LEGAL_BREAK_SHORT,法令,2F-02,2026-10-07,,法定休憩不足: 0分
RED,FACILITY_BREAK_SHORT,施設ルール,2F-02,2026-10-08,,施設休憩不足: 0/60分
RED,LEGAL_BREAK_SHORT,法令,2F-02,2026-10-08,,法定休憩不足: 0分
RED,FACILITY_BREAK_SHORT,施設ルール,2F-02,2026-10-09,,施設休憩不足: 120/180分
RED,FACILITY_BREAK_SHORT,施設ルール,2F-02,2026-10-11,,施設休憩不足: 0/60分
RED,LEGAL_BREAK_SHORT,法令,2F-02,2026-10-11,,法定休憩不足: 0分
YELLOW,CONTRACT_HOURS,契約確認,2F-03,2026-10-05,,暦週2026-10-05の既知実働57hが契約40h超過。法定残業とは別
RED,FACILITY_BREAK_SHORT,施設ルール,2F-03,2026-10-05,,施設休憩不足: 120/180分
RED,WEEKLY_HOLIDAY,施設ルール,2F-03,2026-10-05,,週1日の公休なし（週休方式の仮想施設。4週4休・休日労働の例外は未採用）
RED,FACILITY_BREAK_SHORT,施設ルール,2F-03,2026-10-07,,施設休憩不足: 0/60分
RED,LEGAL_BREAK_SHORT,法令,2F-03,2026-10-07,,法定休憩不足: 0分
RED,FACILITY_BREAK_SHORT,施設ルール,2F-03,2026-10-08,,施設休憩不足: 0/60分
RED,LEGAL_BREAK_SHORT,法令,2F-03,2026-10-08,,法定休憩不足: 0分
RED,FACILITY_BREAK_SHORT,施設ルール,2F-03,2026-10-09,,施設休憩不足: 0/60分
RED,LEGAL_BREAK_SHORT,法令,2F-03,2026-10-09,,法定休憩不足: 0分
RED,FACILITY_BREAK_SHORT,施設ルール,2F-03,2026-10-10,,施設休憩不足: 120/180分
YELLOW,CONTRACT_HOURS,契約確認,2F-04,2026-10-05,,暦週2026-10-05の既知実働57hが契約40h超過。法定残業とは別
RED,FACILITY_BREAK_SHORT,施設ルール,2F-04,2026-10-05,,施設休憩不足: 120/180分
RED,WEEKLY_HOLIDAY,施設ルール,2F-04,2026-10-05,,週1日の公休なし（週休方式の仮想施設。4週4休・休日労働の例外は未採用）
RED,FACILITY_BREAK_SHORT,施設ルール,2F-04,2026-10-07,,施設休憩不足: 0/60分
RED,LEGAL_BREAK_SHORT,法令,2F-04,2026-10-07,,法定休憩不足: 0分
RED,FACILITY_BREAK_SHORT,施設ルール,2F-04,2026-10-08,,施設休憩不足: 0/60分
RED,LEGAL_BREAK_SHORT,法令,2F-04,2026-10-08,,法定休憩不足: 0分
RED,FACILITY_BREAK_SHORT,施設ルール,2F-04,2026-10-09,,施設休憩不足: 0/60分
RED,LEGAL_BREAK_SHORT,法令,2F-04,2026-10-09,,法定休憩不足: 0分
RED,FACILITY_BREAK_SHORT,施設ルール,2F-04,2026-10-10,,施設休憩不足: 120/180分
YELLOW,CONTRACT_HOURS,契約確認,2F-05,2026-10-05,,暦週2026-10-05の既知実働58hが契約40h超過。法定残業とは別
RED,FACILITY_BREAK_SHORT,施設ルール,2F-05,2026-10-05,,施設休憩不足: 120/180分
RED,WEEKLY_HOLIDAY,施設ルール,2F-05,2026-10-05,,週1日の公休なし（週休方式の仮想施設。4週4休・休日労働の例外は未採用）
RED,TRANSFER_FORBIDDEN,施設ルール,2F-05,2026-10-05 21:00:00,,他フロア応援不可
RED,TRANSFER_FORBIDDEN,施設ルール,2F-05,2026-10-05 21:30:00,,他フロア応援不可
RED,TRANSFER_FORBIDDEN,施設ルール,2F-05,2026-10-05 22:00:00,,他フロア応援不可
RED,TRANSFER_FORBIDDEN,施設ルール,2F-05,2026-10-05 22:30:00,,他フロア応援不可
RED,TRANSFER_FORBIDDEN,施設ルール,2F-05,2026-10-05 23:00:00,,他フロア応援不可
RED,TRANSFER_FORBIDDEN,施設ルール,2F-05,2026-10-05 23:30:00,,他フロア応援不可
RED,TRANSFER_FORBIDDEN,施設ルール,2F-05,2026-10-06 00:00:00,,他フロア応援不可
RED,TRANSFER_FORBIDDEN,施設ルール,2F-05,2026-10-06 00:30:00,,他フロア応援不可
RED,TRANSFER_FORBIDDEN,施設ルール,2F-05,2026-10-06 01:00:00,,他フロア応援不可
RED,TRANSFER_FORBIDDEN,施設ルール,2F-05,2026-10-06 01:30:00,,他フロア応援不可
RED,TRANSFER_FORBIDDEN,施設ルール,2F-05,2026-10-06 02:00:00,,他フロア応援不可
RED,TRANSFER_FORBIDDEN,施設ルール,2F-05,2026-10-06 02:30:00,,他フロア応援不可
RED,FACILITY_BREAK_SHORT,施設ルール,2F-05,2026-10-07,,施設休憩不足: 0/60分
RED,LEGAL_BREAK_SHORT,法令,2F-05,2026-10-07,,法定休憩不足: 0分
RED,FACILITY_BREAK_SHORT,施設ルール,2F-05,2026-10-08,,施設休憩不足: 0/60分
RED,LEGAL_BREAK_SHORT,法令,2F-05,2026-10-08,,法定休憩不足: 0分
RED,FACILITY_BREAK_SHORT,施設ルール,2F-05,2026-10-09,,施設休憩不足: 0/60分
RED,LEGAL_BREAK_SHORT,法令,2F-05,2026-10-09,,法定休憩不足: 0分
RED,FACILITY_BREAK_SHORT,施設ルール,2F-05,2026-10-10,,施設休憩不足: 0/60分
RED,LEGAL_BREAK_SHORT,法令,2F-05,2026-10-10,,法定休憩不足: 0分
RED,FACILITY_BREAK_SHORT,施設ルール,2F-05,2026-10-11,,施設休憩不足: 120/180分
YELLOW,CONTRACT_HOURS,契約確認,2F-06,2026-10-05,,暦週2026-10-05の既知実働59hが契約40h超過。法定残業とは別
RED,FACILITY_BREAK_SHORT,施設ルール,2F-06,2026-10-05,,施設休憩不足: 120/180分
RED,WEEKLY_HOLIDAY,施設ルール,2F-06,2026-10-05,,週1日の公休なし（週休方式の仮想施設。4週4休・休日労働の例外は未採用）
RED,FACILITY_BREAK_SHORT,施設ルール,2F-06,2026-10-07,,施設休憩不足: 0/60分
RED,LEGAL_BREAK_SHORT,法令,2F-06,2026-10-07,,法定休憩不足: 0分
RED,FACILITY_BREAK_SHORT,施設ルール,2F-06,2026-10-08,,施設休憩不足: 0/60分
RED,LEGAL_BREAK_SHORT,法令,2F-06,2026-10-08,,法定休憩不足: 0分
RED,FACILITY_BREAK_SHORT,施設ルール,2F-06,2026-10-09,,施設休憩不足: 0/60分
RED,LEGAL_BREAK_SHORT,法令,2F-06,2026-10-09,,法定休憩不足: 0分
RED,FACILITY_BREAK_SHORT,施設ルール,2F-06,2026-10-10,,施設休憩不足: 0/60分
RED,LEGAL_BREAK_SHORT,法令,2F-06,2026-10-10,,法定休憩不足: 0分
RED,FACILITY_BREAK_SHORT,施設ルール,2F-06,2026-10-11,,施設休憩不足: 120/180分
YELLOW,CONTRACT_HOURS,契約確認,2F-07,2026-10-05,,暦週2026-10-05の既知実働57hが契約40h超過。法定残業とは別
RED,FACILITY_BREAK_SHORT,施設ルール,2F-07,2026-10-05,,施設休憩不足: 0/60分
RED,LEGAL_BREAK_SHORT,法令,2F-07,2026-10-05,,法定休憩不足: 0分
RED,WEEKLY_HOLIDAY,施設ルール,2F-07,2026-10-05,,週1日の公休なし（週休方式の仮想施設。4週4休・休日労働の例外は未採用）
RED,FACILITY_BREAK_SHORT,施設ルール,2F-07,2026-10-06,,施設休憩不足: 120/180分
RED,FACILITY_BREAK_SHORT,施設ルール,2F-07,2026-10-08,,施設休憩不足: 0/60分
RED,LEGAL_BREAK_SHORT,法令,2F-07,2026-10-08,,法定休憩不足: 0分
RED,FACILITY_BREAK_SHORT,施設ルール,2F-07,2026-10-09,,施設休憩不足: 0/60分
RED,LEGAL_BREAK_SHORT,法令,2F-07,2026-10-09,,法定休憩不足: 0分
RED,FACILITY_BREAK_SHORT,施設ルール,2F-07,2026-10-10,,施設休憩不足: 120/180分
YELLOW,CONTRACT_HOURS,契約確認,2F-08,2026-10-05,,暦週2026-10-05の既知実働57hが契約40h超過。法定残業とは別
RED,FACILITY_BREAK_SHORT,施設ルール,2F-08,2026-10-05,,施設休憩不足: 0/60分
RED,LEGAL_BREAK_SHORT,法令,2F-08,2026-10-05,,法定休憩不足: 0分
RED,WEEKLY_HOLIDAY,施設ルール,2F-08,2026-10-05,,週1日の公休なし（週休方式の仮想施設。4週4休・休日労働の例外は未採用）
RED,FACILITY_BREAK_SHORT,施設ルール,2F-08,2026-10-06,,施設休憩不足: 120/180分
RED,FACILITY_BREAK_SHORT,施設ルール,2F-08,2026-10-08,,施設休憩不足: 0/60分
RED,LEGAL_BREAK_SHORT,法令,2F-08,2026-10-08,,法定休憩不足: 0分
RED,FACILITY_BREAK_SHORT,施設ルール,2F-08,2026-10-09,,施設休憩不足: 0/60分
RED,LEGAL_BREAK_SHORT,法令,2F-08,2026-10-09,,法定休憩不足: 0分
RED,FACILITY_BREAK_SHORT,施設ルール,2F-08,2026-10-10,,施設休憩不足: 120/180分
YELLOW,CONTRACT_HOURS,契約確認,2F-09,2026-10-05,,暦週2026-10-05の既知実働51hが契約40h超過。法定残業とは別
RED,FACILITY_BREAK_SHORT,施設ルール,2F-09,2026-10-05,,施設休憩不足: 0/60分
RED,LEGAL_BREAK_SHORT,法令,2F-09,2026-10-05,,法定休憩不足: 0分
RED,FACILITY_BREAK_SHORT,施設ルール,2F-09,2026-10-06,,施設休憩不足: 0/60分
RED,LEGAL_BREAK_SHORT,法令,2F-09,2026-10-06,,法定休憩不足: 0分
RED,FACILITY_BREAK_SHORT,施設ルール,2F-09,2026-10-07,,施設休憩不足: 120/180分
RED,FACILITY_BREAK_SHORT,施設ルール,2F-09,2026-10-09,,施設休憩不足: 0/60分
RED,LEGAL_BREAK_SHORT,法令,2F-09,2026-10-09,,法定休憩不足: 0分
RED,FACILITY_BREAK_SHORT,施設ルール,2F-09,2026-10-10,,施設休憩不足: 0/60分
RED,LEGAL_BREAK_SHORT,法令,2F-09,2026-10-10,,法定休憩不足: 0分
RED,FACILITY_BREAK_SHORT,施設ルール,2F-09,2026-10-12,,施設休憩不足: 0/180分
RED,LEGAL_BREAK_SHORT,法令,2F-09,2026-10-12,,法定休憩不足: 0分
RED,NIGHT_BREAK_CONTINUITY,施設ルール,2F-09,2026-10-12,,夜勤の連続休憩が不足
YELLOW,CONTRACT_HOURS,契約確認,2F-10,2026-10-05,,暦週2026-10-05の既知実働51hが契約40h超過。法定残業とは別
RED,FACILITY_BREAK_SHORT,施設ルール,2F-10,2026-10-05,,施設休憩不足: 0/60分
RED,LEGAL_BREAK_SHORT,法令,2F-10,2026-10-05,,法定休憩不足: 0分
RED,FACILITY_BREAK_SHORT,施設ルール,2F-10,2026-10-06,,施設休憩不足: 0/60分
RED,LEGAL_BREAK_SHORT,法令,2F-10,2026-10-06,,法定休憩不足: 0分
RED,FACILITY_BREAK_SHORT,施設ルール,2F-10,2026-10-07,,施設休憩不足: 120/180分
RED,FACILITY_BREAK_SHORT,施設ルール,2F-10,2026-10-09,,施設休憩不足: 0/60分
RED,LEGAL_BREAK_SHORT,法令,2F-10,2026-10-09,,法定休憩不足: 0分
RED,FACILITY_BREAK_SHORT,施設ルール,2F-10,2026-10-10,,施設休憩不足: 0/60分
RED,LEGAL_BREAK_SHORT,法令,2F-10,2026-10-10,,法定休憩不足: 0分
RED,FACILITY_BREAK_SHORT,施設ルール,2F-10,2026-10-12,,施設休憩不足: 0/180分
RED,LEGAL_BREAK_SHORT,法令,2F-10,2026-10-12,,法定休憩不足: 0分
RED,NIGHT_BREAK_CONTINUITY,施設ルール,2F-10,2026-10-12,,夜勤の連続休憩が不足
YELLOW,CONTRACT_HOURS,契約確認,2F-11,2026-10-05,,暦週2026-10-05の既知実働49hが契約40h超過。法定残業とは別
RED,FACILITY_BREAK_SHORT,施設ルール,2F-11,2026-10-05,,施設休憩不足: 0/60分
RED,LEGAL_BREAK_SHORT,法令,2F-11,2026-10-05,,法定休憩不足: 0分
RED,FACILITY_BREAK_SHORT,施設ルール,2F-11,2026-10-06,,施設休憩不足: 0/60分
RED,LEGAL_BREAK_SHORT,法令,2F-11,2026-10-06,,法定休憩不足: 0分
RED,FACILITY_BREAK_SHORT,施設ルール,2F-11,2026-10-09,,施設休憩不足: 120/180分
RED,FACILITY_BREAK_SHORT,施設ルール,2F-11,2026-10-10,,施設休憩不足: 0/60分
RED,LEGAL_BREAK_SHORT,法令,2F-11,2026-10-10,,法定休憩不足: 0分
RED,POST_NIGHT_CONFLICT,施設ルール,2F-11,2026-10-10,,前日夜勤の終了日は明とする施設ルール
RED,SHIFT_OVERLAP,入力整合,2F-11,2026-10-10 07:00:00,,勤務時間が重複。実配置から除外
RED,SHIFT_OVERLAP,入力整合,2F-11,2026-10-10 07:00:00,,勤務時間が重複。実配置から除外
RED,SHIFT_OVERLAP,入力整合,2F-11,2026-10-10 07:30:00,,勤務時間が重複。実配置から除外
RED,SHIFT_OVERLAP,入力整合,2F-11,2026-10-10 07:30:00,,勤務時間が重複。実配置から除外
RED,SHIFT_OVERLAP,入力整合,2F-11,2026-10-10 08:00:00,,勤務時間が重複。実配置から除外
RED,SHIFT_OVERLAP,入力整合,2F-11,2026-10-10 08:00:00,,勤務時間が重複。実配置から除外
RED,SHIFT_OVERLAP,入力整合,2F-11,2026-10-10 08:30:00,,勤務時間が重複。実配置から除外
RED,SHIFT_OVERLAP,入力整合,2F-11,2026-10-10 08:30:00,,勤務時間が重複。実配置から除外
RED,FACILITY_BREAK_SHORT,施設ルール,2F-11,2026-10-11,,施設休憩不足: 0/60分
RED,LEGAL_BREAK_SHORT,法令,2F-11,2026-10-11,,法定休憩不足: 0分
YELLOW,CONTRACT_HOURS,契約確認,2F-12,2026-10-05,,暦週2026-10-05の既知実働42hが契約40h超過。法定残業とは別
RED,FACILITY_BREAK_SHORT,施設ルール,2F-12,2026-10-05,,施設休憩不足: 0/60分
RED,LEGAL_BREAK_SHORT,法令,2F-12,2026-10-05,,法定休憩不足: 0分
RED,FACILITY_BREAK_SHORT,施設ルール,2F-12,2026-10-06,,施設休憩不足: 0/60分
RED,LEGAL_BREAK_SHORT,法令,2F-12,2026-10-06,,法定休憩不足: 0分
RED,FACILITY_BREAK_SHORT,施設ルール,2F-12,2026-10-09,,施設休憩不足: 120/180分
RED,FACILITY_BREAK_SHORT,施設ルール,2F-12,2026-10-11,,施設休憩不足: 0/60分
RED,LEGAL_BREAK_SHORT,法令,2F-12,2026-10-11,,法定休憩不足: 0分
YELLOW,CONTRACT_HOURS,契約確認,2F-13,2026-10-05,,暦週2026-10-05の既知実働51hが契約40h超過。法定残業とは別
RED,FACILITY_BREAK_SHORT,施設ルール,2F-13,2026-10-05,,施設休憩不足: 0/60分
RED,LEGAL_BREAK_SHORT,法令,2F-13,2026-10-05,,法定休憩不足: 0分
RED,FACILITY_BREAK_SHORT,施設ルール,2F-13,2026-10-06,,施設休憩不足: 0/60分
RED,LEGAL_BREAK_SHORT,法令,2F-13,2026-10-06,,法定休憩不足: 0分
RED,FACILITY_BREAK_SHORT,施設ルール,2F-13,2026-10-08,,施設休憩不足: 120/180分
RED,FACILITY_BREAK_SHORT,施設ルール,2F-13,2026-10-10,,施設休憩不足: 0/60分
RED,LEGAL_BREAK_SHORT,法令,2F-13,2026-10-10,,法定休憩不足: 0分
RED,FACILITY_BREAK_SHORT,施設ルール,2F-13,2026-10-11,,施設休憩不足: 0/60分
RED,LEGAL_BREAK_SHORT,法令,2F-13,2026-10-11,,法定休憩不足: 0分
YELLOW,CONTRACT_HOURS,契約確認,2F-14,2026-10-05,,暦週2026-10-05の既知実働51hが契約40h超過。法定残業とは別
RED,FACILITY_BREAK_SHORT,施設ルール,2F-14,2026-10-05,,施設休憩不足: 0/60分
RED,LEGAL_BREAK_SHORT,法令,2F-14,2026-10-05,,法定休憩不足: 0分
RED,FACILITY_BREAK_SHORT,施設ルール,2F-14,2026-10-07,,施設休憩不足: 0/60分
RED,LEGAL_BREAK_SHORT,法令,2F-14,2026-10-07,,法定休憩不足: 0分
RED,FACILITY_BREAK_SHORT,施設ルール,2F-14,2026-10-08,,施設休憩不足: 120/180分
RED,FACILITY_BREAK_SHORT,施設ルール,2F-14,2026-10-10,,施設休憩不足: 0/60分
RED,LEGAL_BREAK_SHORT,法令,2F-14,2026-10-10,,法定休憩不足: 0分
RED,FACILITY_BREAK_SHORT,施設ルール,2F-14,2026-10-11,,施設休憩不足: 0/60分
RED,LEGAL_BREAK_SHORT,法令,2F-14,2026-10-11,,法定休憩不足: 0分
RED,FACILITY_BREAK_SHORT,施設ルール,2F-15,2026-10-06,,施設休憩不足: 0/60分
RED,LEGAL_BREAK_SHORT,法令,2F-15,2026-10-06,,法定休憩不足: 0分
RED,FACILITY_BREAK_SHORT,施設ルール,2F-15,2026-10-07,,施設休憩不足: 0/60分
RED,LEGAL_BREAK_SHORT,法令,2F-15,2026-10-07,,法定休憩不足: 0分
RED,FACILITY_BREAK_SHORT,施設ルール,2F-15,2026-10-10,,施設休憩不足: 0/60分
RED,LEGAL_BREAK_SHORT,法令,2F-15,2026-10-10,,法定休憩不足: 0分
RED,FACILITY_BREAK_SHORT,施設ルール,2F-15,2026-10-11,,施設休憩不足: 0/60分
RED,LEGAL_BREAK_SHORT,法令,2F-15,2026-10-11,,法定休憩不足: 0分
RED,FACILITY_BREAK_SHORT,施設ルール,2F-16,2026-10-06,,施設休憩不足: 0/60分
RED,LEGAL_BREAK_SHORT,法令,2F-16,2026-10-06,,法定休憩不足: 0分
RED,FACILITY_BREAK_SHORT,施設ルール,2F-16,2026-10-08,,施設休憩不足: 0/60分
RED,LEGAL_BREAK_SHORT,法令,2F-16,2026-10-08,,法定休憩不足: 0分
RED,FACILITY_BREAK_SHORT,施設ルール,2F-16,2026-10-10,,施設休憩不足: 0/60分
RED,LEGAL_BREAK_SHORT,法令,2F-16,2026-10-10,,法定休憩不足: 0分
RED,FACILITY_BREAK_SHORT,施設ルール,2F-16,2026-10-11,,施設休憩不足: 0/60分
RED,LEGAL_BREAK_SHORT,法令,2F-16,2026-10-11,,法定休憩不足: 0分
YELLOW,CONTRACT_HOURS,契約確認,2F-17,2026-10-05,,暦週2026-10-05の既知実働15hが契約12h超過。法定残業とは別
YELLOW,CONTRACT_HOURS,契約確認,2F-20,2026-10-05,,暦週2026-10-05の既知実働15hが契約12h超過。法定残業とは別
RED,OFF_DAY_WORK,施設ルール,2F-23,2026-10-06,,公休・有休の日に実勤務時間がある
RED,POST_NIGHT_CONFLICT,施設ルール,2F-23,2026-10-06,,前日夜勤の終了日は明とする施設ルール
RED,OFF_DAY_WORK,施設ルール,2F-23,2026-10-09,,公休・有休の日に実勤務時間がある
RED,POST_NIGHT_CONFLICT,施設ルール,2F-23,2026-10-09,,前日夜勤の終了日は明とする施設ルール
RED,FACILITY_BREAK_SHORT,施設ルール,3F-01,2026-10-04,,施設休憩不足: 0/180分
RED,LEGAL_BREAK_SHORT,法令,3F-01,2026-10-04,,法定休憩不足: 0分
RED,NIGHT_BREAK_CONTINUITY,施設ルール,3F-01,2026-10-04,,夜勤の連続休憩が不足
YELLOW,CONTRACT_HOURS,契約確認,3F-01,2026-10-05,,暦週2026-10-05の既知実働53hが契約40h超過。法定残業とは別
RED,FACILITY_BREAK_SHORT,施設ルール,3F-01,2026-10-06,,施設休憩不足: 0/60分
RED,LEGAL_BREAK_SHORT,法令,3F-01,2026-10-06,,法定休憩不足: 0分
RED,FACILITY_BREAK_SHORT,施設ルール,3F-01,2026-10-07,,施設休憩不足: 0/60分
RED,LEGAL_BREAK_SHORT,法令,3F-01,2026-10-07,,法定休憩不足: 0分
RED,FACILITY_BREAK_SHORT,施設ルール,3F-01,2026-10-08,,施設休憩不足: 0/60分
RED,LEGAL_BREAK_SHORT,法令,3F-01,2026-10-08,,法定休憩不足: 0分
RED,FACILITY_BREAK_SHORT,施設ルール,3F-01,2026-10-10,,施設休憩不足: 0/60分
RED,LEGAL_BREAK_SHORT,法令,3F-01,2026-10-10,,法定休憩不足: 0分
RED,FACILITY_BREAK_SHORT,施設ルール,3F-01,2026-10-11,,施設休憩不足: 120/180分
RED,FACILITY_BREAK_SHORT,施設ルール,3F-02,2026-10-04,,施設休憩不足: 0/180分
RED,LEGAL_BREAK_SHORT,法令,3F-02,2026-10-04,,法定休憩不足: 0分
RED,NIGHT_BREAK_CONTINUITY,施設ルール,3F-02,2026-10-04,,夜勤の連続休憩が不足
YELLOW,CONTRACT_HOURS,契約確認,3F-02,2026-10-05,,暦週2026-10-05の既知実働53hが契約40h超過。法定残業とは別
RED,FACILITY_BREAK_SHORT,施設ルール,3F-02,2026-10-06,,施設休憩不足: 0/60分
RED,LEGAL_BREAK_SHORT,法令,3F-02,2026-10-06,,法定休憩不足: 0分
RED,FACILITY_BREAK_SHORT,施設ルール,3F-02,2026-10-07,,施設休憩不足: 0/60分
RED,LEGAL_BREAK_SHORT,法令,3F-02,2026-10-07,,法定休憩不足: 0分
RED,FACILITY_BREAK_SHORT,施設ルール,3F-02,2026-10-08,,施設休憩不足: 0/60分
RED,LEGAL_BREAK_SHORT,法令,3F-02,2026-10-08,,法定休憩不足: 0分
RED,FACILITY_BREAK_SHORT,施設ルール,3F-02,2026-10-10,,施設休憩不足: 0/60分
RED,LEGAL_BREAK_SHORT,法令,3F-02,2026-10-10,,法定休憩不足: 0分
RED,FACILITY_BREAK_SHORT,施設ルール,3F-02,2026-10-11,,施設休憩不足: 120/180分
YELLOW,CONTRACT_HOURS,契約確認,3F-03,2026-10-05,,暦週2026-10-05の既知実働51hが契約40h超過。法定残業とは別
RED,FACILITY_BREAK_SHORT,施設ルール,3F-03,2026-10-05,,施設休憩不足: 120/180分
RED,FACILITY_BREAK_SHORT,施設ルール,3F-03,2026-10-07,,施設休憩不足: 0/60分
RED,LEGAL_BREAK_SHORT,法令,3F-03,2026-10-07,,法定休憩不足: 0分
RED,FACILITY_BREAK_SHORT,施設ルール,3F-03,2026-10-08,,施設休憩不足: 0/60分
RED,LEGAL_BREAK_SHORT,法令,3F-03,2026-10-08,,法定休憩不足: 0分
RED,FACILITY_BREAK_SHORT,施設ルール,3F-03,2026-10-09,,施設休憩不足: 0/60分
RED,LEGAL_BREAK_SHORT,法令,3F-03,2026-10-09,,法定休憩不足: 0分
RED,FACILITY_BREAK_SHORT,施設ルール,3F-03,2026-10-10,,施設休憩不足: 0/60分
RED,LEGAL_BREAK_SHORT,法令,3F-03,2026-10-10,,法定休憩不足: 0分
RED,FACILITY_BREAK_SHORT,施設ルール,3F-03,2026-10-12,,施設休憩不足: 0/180分
RED,LEGAL_BREAK_SHORT,法令,3F-03,2026-10-12,,法定休憩不足: 0分
RED,NIGHT_BREAK_CONTINUITY,施設ルール,3F-03,2026-10-12,,夜勤の連続休憩が不足
YELLOW,CONTRACT_HOURS,契約確認,3F-04,2026-10-05,,暦週2026-10-05の既知実働59hが契約40h超過。法定残業とは別
RED,FACILITY_BREAK_SHORT,施設ルール,3F-04,2026-10-05,,施設休憩不足: 120/180分
RED,WEEKLY_HOLIDAY,施設ルール,3F-04,2026-10-05,,週1日の公休なし（週休方式の仮想施設。4週4休・休日労働の例外は未採用）
RED,FACILITY_BREAK_SHORT,施設ルール,3F-04,2026-10-07,,施設休憩不足: 0/60分
RED,LEGAL_BREAK_SHORT,法令,3F-04,2026-10-07,,法定休憩不足: 0分
RED,FACILITY_BREAK_SHORT,施設ルール,3F-04,2026-10-08,,施設休憩不足: 0/60分
RED,LEGAL_BREAK_SHORT,法令,3F-04,2026-10-08,,法定休憩不足: 0分
RED,FACILITY_BREAK_SHORT,施設ルール,3F-04,2026-10-09,,施設休憩不足: 0/60分
RED,LEGAL_BREAK_SHORT,法令,3F-04,2026-10-09,,法定休憩不足: 0分
RED,FACILITY_BREAK_SHORT,施設ルール,3F-04,2026-10-10,,施設休憩不足: 0/60分
RED,LEGAL_BREAK_SHORT,法令,3F-04,2026-10-10,,法定休憩不足: 0分
RED,FACILITY_BREAK_SHORT,施設ルール,3F-04,2026-10-11,,施設休憩不足: 120/180分
YELLOW,CONTRACT_HOURS,契約確認,3F-05,2026-10-05,,暦週2026-10-05の既知実働59hが契約40h超過。法定残業とは別
RED,FACILITY_BREAK_SHORT,施設ルール,3F-05,2026-10-05,,施設休憩不足: 0/60分
RED,LEGAL_BREAK_SHORT,法令,3F-05,2026-10-05,,法定休憩不足: 0分
RED,WEEKLY_HOLIDAY,施設ルール,3F-05,2026-10-05,,週1日の公休なし（週休方式の仮想施設。4週4休・休日労働の例外は未採用）
RED,FACILITY_BREAK_SHORT,施設ルール,3F-05,2026-10-06,,施設休憩不足: 120/180分
RED,FACILITY_BREAK_SHORT,施設ルール,3F-05,2026-10-08,,施設休憩不足: 0/60分
RED,LEGAL_BREAK_SHORT,法令,3F-05,2026-10-08,,法定休憩不足: 0分
RED,FACILITY_BREAK_SHORT,施設ルール,3F-05,2026-10-09,,施設休憩不足: 0/60分
RED,LEGAL_BREAK_SHORT,法令,3F-05,2026-10-09,,法定休憩不足: 0分
RED,FACILITY_BREAK_SHORT,施設ルール,3F-05,2026-10-10,,施設休憩不足: 0/60分
RED,LEGAL_BREAK_SHORT,法令,3F-05,2026-10-10,,法定休憩不足: 0分
RED,FACILITY_BREAK_SHORT,施設ルール,3F-05,2026-10-11,,施設休憩不足: 120/180分
YELLOW,CONTRACT_HOURS,契約確認,3F-06,2026-10-05,,暦週2026-10-05の既知実働51hが契約40h超過。法定残業とは別
RED,FACILITY_BREAK_SHORT,施設ルール,3F-06,2026-10-05,,施設休憩不足: 0/60分
RED,LEGAL_BREAK_SHORT,法令,3F-06,2026-10-05,,法定休憩不足: 0分
RED,FACILITY_BREAK_SHORT,施設ルール,3F-06,2026-10-06,,施設休憩不足: 120/180分
RED,FACILITY_BREAK_SHORT,施設ルール,3F-06,2026-10-08,,施設休憩不足: 0/60分
RED,LEGAL_BREAK_SHORT,法令,3F-06,2026-10-08,,法定休憩不足: 0分
RED,FACILITY_BREAK_SHORT,施設ルール,3F-06,2026-10-09,,施設休憩不足: 0/60分
RED,LEGAL_BREAK_SHORT,法令,3F-06,2026-10-09,,法定休憩不足: 0分
RED,FACILITY_BREAK_SHORT,施設ルール,3F-06,2026-10-11,,施設休憩不足: 0/60分
RED,LEGAL_BREAK_SHORT,法令,3F-06,2026-10-11,,法定休憩不足: 0分
RED,FACILITY_BREAK_SHORT,施設ルール,3F-06,2026-10-12,,施設休憩不足: 0/180分
RED,LEGAL_BREAK_SHORT,法令,3F-06,2026-10-12,,法定休憩不足: 0分
RED,NIGHT_BREAK_CONTINUITY,施設ルール,3F-06,2026-10-12,,夜勤の連続休憩が不足
YELLOW,CONTRACT_HOURS,契約確認,3F-07,2026-10-05,,暦週2026-10-05の既知実働51hが契約40h超過。法定残業とは別
RED,FACILITY_BREAK_SHORT,施設ルール,3F-07,2026-10-05,,施設休憩不足: 0/60分
RED,LEGAL_BREAK_SHORT,法令,3F-07,2026-10-05,,法定休憩不足: 0分
RED,FACILITY_BREAK_SHORT,施設ルール,3F-07,2026-10-06,,施設休憩不足: 0/60分
RED,LEGAL_BREAK_SHORT,法令,3F-07,2026-10-06,,法定休憩不足: 0分
RED,FACILITY_BREAK_SHORT,施設ルール,3F-07,2026-10-07,,施設休憩不足: 120/180分
RED,FACILITY_BREAK_SHORT,施設ルール,3F-07,2026-10-09,,施設休憩不足: 0/60分
RED,LEGAL_BREAK_SHORT,法令,3F-07,2026-10-09,,法定休憩不足: 0分
RED,FACILITY_BREAK_SHORT,施設ルール,3F-07,2026-10-11,,施設休憩不足: 0/60分
RED,LEGAL_BREAK_SHORT,法令,3F-07,2026-10-11,,法定休憩不足: 0分
YELLOW,CONTRACT_HOURS,契約確認,3F-08,2026-10-05,,暦週2026-10-05の既知実働51hが契約40h超過。法定残業とは別
RED,FACILITY_BREAK_SHORT,施設ルール,3F-08,2026-10-05,,施設休憩不足: 0/60分
RED,LEGAL_BREAK_SHORT,法令,3F-08,2026-10-05,,法定休憩不足: 0分
RED,FACILITY_BREAK_SHORT,施設ルール,3F-08,2026-10-06,,施設休憩不足: 0/60分
RED,LEGAL_BREAK_SHORT,法令,3F-08,2026-10-06,,法定休憩不足: 0分
RED,FACILITY_BREAK_SHORT,施設ルール,3F-08,2026-10-07,,施設休憩不足: 120/180分
RED,FACILITY_BREAK_SHORT,施設ルール,3F-08,2026-10-09,,施設休憩不足: 0/60分
RED,LEGAL_BREAK_SHORT,法令,3F-08,2026-10-09,,法定休憩不足: 0分
RED,FACILITY_BREAK_SHORT,施設ルール,3F-08,2026-10-11,,施設休憩不足: 0/60分
RED,LEGAL_BREAK_SHORT,法令,3F-08,2026-10-11,,法定休憩不足: 0分
YELLOW,CONTRACT_HOURS,契約確認,3F-09,2026-10-05,,暦週2026-10-05の既知実働42hが契約40h超過。法定残業とは別
RED,FACILITY_BREAK_SHORT,施設ルール,3F-09,2026-10-05,,施設休憩不足: 0/60分
RED,LEGAL_BREAK_SHORT,法令,3F-09,2026-10-05,,法定休憩不足: 0分
RED,FACILITY_BREAK_SHORT,施設ルール,3F-09,2026-10-06,,施設休憩不足: 0/60分
RED,LEGAL_BREAK_SHORT,法令,3F-09,2026-10-06,,法定休憩不足: 0分
RED,FACILITY_BREAK_SHORT,施設ルール,3F-09,2026-10-08,,施設休憩不足: 0/60分
RED,LEGAL_BREAK_SHORT,法令,3F-09,2026-10-08,,法定休憩不足: 0分
RED,FACILITY_BREAK_SHORT,施設ルール,3F-09,2026-10-10,,施設休憩不足: 120/180分
YELLOW,CONTRACT_HOURS,契約確認,3F-10,2026-10-05,,暦週2026-10-05の既知実働42hが契約40h超過。法定残業とは別
RED,FACILITY_BREAK_SHORT,施設ルール,3F-10,2026-10-05,,施設休憩不足: 0/60分
RED,LEGAL_BREAK_SHORT,法令,3F-10,2026-10-05,,法定休憩不足: 0分
RED,FACILITY_BREAK_SHORT,施設ルール,3F-10,2026-10-07,,施設休憩不足: 0/60分
RED,LEGAL_BREAK_SHORT,法令,3F-10,2026-10-07,,法定休憩不足: 0分
RED,FACILITY_BREAK_SHORT,施設ルール,3F-10,2026-10-09,,施設休憩不足: 120/180分
RED,FACILITY_BREAK_SHORT,施設ルール,3F-10,2026-10-11,,施設休憩不足: 0/60分
RED,LEGAL_BREAK_SHORT,法令,3F-10,2026-10-11,,法定休憩不足: 0分
YELLOW,CONTRACT_HOURS,契約確認,3F-11,2026-10-05,,暦週2026-10-05の既知実働42hが契約40h超過。法定残業とは別
RED,FACILITY_BREAK_SHORT,施設ルール,3F-11,2026-10-05,,施設休憩不足: 0/60分
RED,LEGAL_BREAK_SHORT,法令,3F-11,2026-10-05,,法定休憩不足: 0分
RED,FACILITY_BREAK_SHORT,施設ルール,3F-11,2026-10-07,,施設休憩不足: 0/60分
RED,LEGAL_BREAK_SHORT,法令,3F-11,2026-10-07,,法定休憩不足: 0分
RED,FACILITY_BREAK_SHORT,施設ルール,3F-11,2026-10-09,,施設休憩不足: 120/180分
RED,FACILITY_BREAK_SHORT,施設ルール,3F-11,2026-10-11,,施設休憩不足: 0/60分
RED,LEGAL_BREAK_SHORT,法令,3F-11,2026-10-11,,法定休憩不足: 0分
YELLOW,CONTRACT_HOURS,契約確認,3F-12,2026-10-05,,暦週2026-10-05の既知実働42hが契約40h超過。法定残業とは別
RED,FACILITY_BREAK_SHORT,施設ルール,3F-12,2026-10-05,,施設休憩不足: 0/60分
RED,LEGAL_BREAK_SHORT,法令,3F-12,2026-10-05,,法定休憩不足: 0分
RED,FACILITY_BREAK_SHORT,施設ルール,3F-12,2026-10-07,,施設休憩不足: 0/60分
RED,LEGAL_BREAK_SHORT,法令,3F-12,2026-10-07,,法定休憩不足: 0分
RED,FACILITY_BREAK_SHORT,施設ルール,3F-12,2026-10-09,,施設休憩不足: 0/60分
RED,LEGAL_BREAK_SHORT,法令,3F-12,2026-10-09,,法定休憩不足: 0分
RED,FACILITY_BREAK_SHORT,施設ルール,3F-12,2026-10-10,,施設休憩不足: 120/180分
YELLOW,CONTRACT_HOURS,契約確認,3F-13,2026-10-05,,暦週2026-10-05の既知実働51hが契約40h超過。法定残業とは別
RED,FACILITY_BREAK_SHORT,施設ルール,3F-13,2026-10-06,,施設休憩不足: 0/60分
RED,LEGAL_BREAK_SHORT,法令,3F-13,2026-10-06,,法定休憩不足: 0分
RED,FACILITY_BREAK_SHORT,施設ルール,3F-13,2026-10-07,,施設休憩不足: 0/60分
RED,LEGAL_BREAK_SHORT,法令,3F-13,2026-10-07,,法定休憩不足: 0分
RED,FACILITY_BREAK_SHORT,施設ルール,3F-13,2026-10-08,,施設休憩不足: 120/180分
RED,FACILITY_BREAK_SHORT,施設ルール,3F-13,2026-10-10,,施設休憩不足: 0/60分
RED,LEGAL_BREAK_SHORT,法令,3F-13,2026-10-10,,法定休憩不足: 0分
RED,FACILITY_BREAK_SHORT,施設ルール,3F-13,2026-10-11,,施設休憩不足: 0/60分
RED,LEGAL_BREAK_SHORT,法令,3F-13,2026-10-11,,法定休憩不足: 0分
YELLOW,CONTRACT_HOURS,契約確認,3F-14,2026-10-05,,暦週2026-10-05の既知実働42hが契約40h超過。法定残業とは別
RED,FACILITY_BREAK_SHORT,施設ルール,3F-14,2026-10-06,,施設休憩不足: 0/60分
RED,LEGAL_BREAK_SHORT,法令,3F-14,2026-10-06,,法定休憩不足: 0分
RED,FACILITY_BREAK_SHORT,施設ルール,3F-14,2026-10-08,,施設休憩不足: 120/180分
RED,FACILITY_BREAK_SHORT,施設ルール,3F-14,2026-10-10,,施設休憩不足: 0/60分
RED,LEGAL_BREAK_SHORT,法令,3F-14,2026-10-10,,法定休憩不足: 0分
RED,FACILITY_BREAK_SHORT,施設ルール,3F-14,2026-10-11,,施設休憩不足: 0/60分
RED,LEGAL_BREAK_SHORT,法令,3F-14,2026-10-11,,法定休憩不足: 0分
RED,FACILITY_BREAK_SHORT,施設ルール,3F-15,2026-10-06,,施設休憩不足: 0/60分
RED,LEGAL_BREAK_SHORT,法令,3F-15,2026-10-06,,法定休憩不足: 0分
RED,FACILITY_BREAK_SHORT,施設ルール,3F-15,2026-10-08,,施設休憩不足: 0/60分
RED,LEGAL_BREAK_SHORT,法令,3F-15,2026-10-08,,法定休憩不足: 0分
RED,FACILITY_BREAK_SHORT,施設ルール,3F-15,2026-10-09,,施設休憩不足: 0/60分
RED,LEGAL_BREAK_SHORT,法令,3F-15,2026-10-09,,法定休憩不足: 0分
RED,FACILITY_BREAK_SHORT,施設ルール,3F-15,2026-10-11,,施設休憩不足: 0/60分
RED,LEGAL_BREAK_SHORT,法令,3F-15,2026-10-11,,法定休憩不足: 0分
RED,FACILITY_BREAK_SHORT,施設ルール,3F-16,2026-10-06,,施設休憩不足: 0/60分
RED,LEGAL_BREAK_SHORT,法令,3F-16,2026-10-06,,法定休憩不足: 0分
RED,FACILITY_BREAK_SHORT,施設ルール,3F-16,2026-10-08,,施設休憩不足: 0/60分
RED,LEGAL_BREAK_SHORT,法令,3F-16,2026-10-08,,法定休憩不足: 0分
RED,FACILITY_BREAK_SHORT,施設ルール,3F-16,2026-10-10,,施設休憩不足: 0/60分
RED,LEGAL_BREAK_SHORT,法令,3F-16,2026-10-10,,法定休憩不足: 0分
YELLOW,CONTRACT_HOURS,契約確認,3F-17,2026-10-05,,暦週2026-10-05の既知実働15hが契約12h超過。法定残業とは別
YELLOW,CONTRACT_HOURS,契約確認,3F-20,2026-10-05,,暦週2026-10-05の既知実働15hが契約12h超過。法定残業とは別
RED,OFF_DAY_WORK,施設ルール,3F-23,2026-10-07,,公休・有休の日に実勤務時間がある
RED,POST_NIGHT_CONFLICT,施設ルール,3F-23,2026-10-07,,前日夜勤の終了日は明とする施設ルール
RED,OFF_DAY_WORK,施設ルール,3F-23,2026-10-10,,公休・有休の日に実勤務時間がある
RED,POST_NIGHT_CONFLICT,施設ルール,3F-23,2026-10-10,,前日夜勤の終了日は明とする施設ルール
