日付,曜日,職員ID,氏名,勤務コード,時間,状態
2026-10-05,月,1F-01,職員1F-01,明,,確認中・未確定
2026-10-06,火,1F-01,職員1F-01,統,16:00～翌09:00,確認中・未確定
2026-10-07,水,1F-01,職員1F-01,明,,確認中・未確定
2026-10-08,木,1F-01,職員1F-01,早,07:00～16:00,確認中・未確定
2026-10-09,金,1F-01,職員1F-01,休,,確認中・未確定
2026-10-10,土,1F-01,職員1F-01,休,,確認中・未確定
2026-10-11,日,1F-01,職員1F-01,休,,確認中・未確定
2026-10-05,月,1F-02,職員1F-02,明,,確認中・未確定
2026-10-06,火,1F-02,職員1F-02,統,16:00～翌09:00,確認中・未確定
2026-10-07,水,1F-02,職員1F-02,明,,確認中・未確定
2026-10-08,木,1F-02,職員1F-02,早,07:00～16:00,確認中・未確定
2026-10-09,金,1F-02,職員1F-02,休,,確認中・未確定
2026-10-10,土,1F-02,職員1F-02,休,,確認中・未確定
2026-10-11,日,1F-02,職員1F-02,休,,確認中・未確定
2026-10-05,月,1F-03,職員1F-03,明,,確認中・未確定
2026-10-06,火,1F-03,職員1F-03,遅,10:00～19:00,確認中・未確定
2026-10-07,水,1F-03,職員1F-03,統,16:00～翌09:00,確認中・未確定
2026-10-08,木,1F-03,職員1F-03,明,,確認中・未確定
2026-10-09,金,1F-03,職員1F-03,休,,確認中・未確定
2026-10-10,土,1F-03,職員1F-03,休,,確認中・未確定
2026-10-11,日,1F-03,職員1F-03,休,,確認中・未確定
2026-10-05,月,1F-04,職員1F-04,明,,確認中・未確定
2026-10-06,火,1F-04,職員1F-04,早,07:00～16:00,確認中・未確定
2026-10-07,水,1F-04,職員1F-04,統,16:00～翌09:00,確認中・未確定
2026-10-08,木,1F-04,職員1F-04,明,,確認中・未確定
2026-10-09,金,1F-04,職員1F-04,休,,確認中・未確定
2026-10-10,土,1F-04,職員1F-04,休,,確認中・未確定
2026-10-11,日,1F-04,職員1F-04,休,,確認中・未確定
2026-10-05,月,1F-05,職員1F-05,夜,16:00～翌09:00,確認中・未確定
2026-10-06,火,1F-05,職員1F-05,明,,確認中・未確定
2026-10-07,水,1F-05,職員1F-05,早,07:00～16:00,確認中・未確定
2026-10-08,木,1F-05,職員1F-05,早,07:00～16:00,確認中・未確定
2026-10-09,金,1F-05,職員1F-05,休,,確認中・未確定
2026-10-10,土,1F-05,職員1F-05,休,,確認中・未確定
2026-10-11,日,1F-05,職員1F-05,休,,確認中・未確定
2026-10-05,月,1F-06,職員1F-06,夜,16:00～翌09:00,確認中・未確定
2026-10-06,火,1F-06,職員1F-06,明,,確認中・未確定
2026-10-07,水,1F-06,職員1F-06,早,07:00～16:00,確認中・未確定
2026-10-08,木,1F-06,職員1F-06,早,07:00～16:00,確認中・未確定
2026-10-09,金,1F-06,職員1F-06,休,,確認中・未確定
2026-10-10,土,1F-06,職員1F-06,休,,確認中・未確定
2026-10-11,日,1F-06,職員1F-06,休,,確認中・未確定
2026-10-05,月,1F-07,職員1F-07,休,,確認中・未確定
2026-10-06,火,1F-07,職員1F-07,夜,16:00～翌09:00,確認中・未確定
2026-10-07,水,1F-07,職員1F-07,明,,確認中・未確定
2026-10-08,木,1F-07,職員1F-07,休,,確認中・未確定
2026-10-09,金,1F-07,職員1F-07,休,,確認中・未確定
2026-10-10,土,1F-07,職員1F-07,夜,16:00～翌09:00,確認中・未確定
2026-10-11,日,1F-07,職員1F-07,明,,確認中・未確定
2026-10-05,月,1F-08,職員1F-08,休,,確認中・未確定
2026-10-06,火,1F-08,職員1F-08,夜,16:00～翌09:00,確認中・未確定
2026-10-07,水,1F-08,職員1F-08,明,,確認中・未確定
2026-10-08,木,1F-08,職員1F-08,休,,確認中・未確定
2026-10-09,金,1F-08,職員1F-08,休,,確認中・未確定
2026-10-10,土,1F-08,職員1F-08,夜,16:00～翌09:00,確認中・未確定
2026-10-11,日,1F-08,職員1F-08,明,,確認中・未確定
2026-10-05,月,1F-09,職員1F-09,早,07:00～16:00,確認中・未確定
2026-10-06,火,1F-09,職員1F-09,休,,確認中・未確定
2026-10-07,水,1F-09,職員1F-09,夜,16:00～翌09:00,確認中・未確定
2026-10-08,木,1F-09,職員1F-09,明,,確認中・未確定
2026-10-09,金,1F-09,職員1F-09,休,,確認中・未確定
2026-10-10,土,1F-09,職員1F-09,休,,確認中・未確定
2026-10-11,日,1F-09,職員1F-09,夜,16:00～翌09:00,確認中・未確定
2026-10-05,月,1F-10,職員1F-10,早,07:00～16:00,確認中・未確定
2026-10-06,火,1F-10,職員1F-10,休,,確認中・未確定
2026-10-07,水,1F-10,職員1F-10,夜,16:00～翌09:00,確認中・未確定
2026-10-08,木,1F-10,職員1F-10,明,,確認中・未確定
2026-10-09,金,1F-10,職員1F-10,休,,確認中・未確定
2026-10-10,土,1F-10,職員1F-10,休,,確認中・未確定
2026-10-11,日,1F-10,職員1F-10,夜,16:00～翌09:00,確認中・未確定
2026-10-05,月,1F-11,職員1F-11,早,07:00～16:00,確認中・未確定
2026-10-06,火,1F-11,職員1F-11,遅,10:00～19:00,確認中・未確定
2026-10-07,水,1F-11,職員1F-11,休,,確認中・未確定
2026-10-08,木,1F-11,職員1F-11,夜,16:00～翌09:00,確認中・未確定
2026-10-09,金,1F-11,職員1F-11,明,,確認中・未確定
2026-10-10,土,1F-11,職員1F-11,休,,確認中・未確定
2026-10-11,日,1F-11,職員1F-11,休,,確認中・未確定
2026-10-05,月,1F-12,職員1F-12,遅,10:00～19:00,確認中・未確定
2026-10-06,火,1F-12,職員1F-12,遅,10:00～19:00,確認中・未確定
2026-10-07,水,1F-12,職員1F-12,休,,確認中・未確定
2026-10-08,木,1F-12,職員1F-12,休,,確認中・未確定
2026-10-09,金,1F-12,職員1F-12,夜,16:00～翌09:00,確認中・未確定
2026-10-10,土,1F-12,職員1F-12,明,,確認中・未確定
2026-10-11,日,1F-12,職員1F-12,休,,確認中・未確定
2026-10-05,月,1F-13,職員1F-13,遅,10:00～19:00,確認中・未確定
2026-10-06,火,1F-13,職員1F-13,遅,10:00～19:00,確認中・未確定
2026-10-07,水,1F-13,職員1F-13,休,,確認中・未確定
2026-10-08,木,1F-13,職員1F-13,休,,確認中・未確定
2026-10-09,金,1F-13,職員1F-13,夜,16:00～翌09:00,確認中・未確定
2026-10-10,土,1F-13,職員1F-13,明,,確認中・未確定
2026-10-11,日,1F-13,職員1F-13,休,,確認中・未確定
2026-10-05,月,1F-14,職員1F-14,遅,10:00～19:00,確認中・未確定
2026-10-06,火,1F-14,職員1F-14,休,,確認中・未確定
2026-10-07,水,1F-14,職員1F-14,早,07:00～16:00,確認中・未確定
2026-10-08,木,1F-14,職員1F-14,夜,16:00～翌09:00,確認中・未確定
2026-10-09,金,1F-14,職員1F-14,明,,確認中・未確定
2026-10-10,土,1F-14,職員1F-14,休,,確認中・未確定
2026-10-11,日,1F-14,職員1F-14,休,,確認中・未確定
2026-10-05,月,1F-15,職員1F-15,早,07:00～16:00,確認中・未確定
2026-10-06,火,1F-15,職員1F-15,早,07:00～16:00,確認中・未確定
2026-10-07,水,1F-15,職員1F-15,早,07:00～16:00,確認中・未確定
2026-10-08,木,1F-15,職員1F-15,遅,10:00～19:00,確認中・未確定
2026-10-09,金,1F-15,職員1F-15,休,,確認中・未確定
2026-10-10,土,1F-15,職員1F-15,休,,確認中・未確定
2026-10-11,日,1F-15,職員1F-15,休,,確認中・未確定
2026-10-05,月,1F-16,職員1F-16,早,07:00～16:00,確認中・未確定
2026-10-06,火,1F-16,職員1F-16,早,07:00～16:00,確認中・未確定
2026-10-07,水,1F-16,職員1F-16,早,07:00～16:00,確認中・未確定
2026-10-08,木,1F-16,職員1F-16,遅,10:00～19:00,確認中・未確定
2026-10-09,金,1F-16,職員1F-16,休,,確認中・未確定
2026-10-10,土,1F-16,職員1F-16,休,,確認中・未確定
2026-10-11,日,1F-16,職員1F-16,休,,確認中・未確定
2026-10-05,月,1F-17,職員1F-17,休,,確認中・未確定
2026-10-06,火,1F-17,職員1F-17,休,,確認中・未確定
2026-10-07,水,1F-17,職員1F-17,休,,確認中・未確定
2026-10-08,木,1F-17,職員1F-17,休,,確認中・未確定
2026-10-09,金,1F-17,職員1F-17,休,,確認中・未確定
2026-10-10,土,1F-17,職員1F-17,休,,確認中・未確定
2026-10-11,日,1F-17,職員1F-17,休,,確認中・未確定
2026-10-05,月,1F-18,職員1F-18,休,,確認中・未確定
2026-10-06,火,1F-18,職員1F-18,休,,確認中・未確定
2026-10-07,水,1F-18,職員1F-18,休,,確認中・未確定
2026-10-08,木,1F-18,職員1F-18,休,,確認中・未確定
2026-10-09,金,1F-18,職員1F-18,休,,確認中・未確定
2026-10-10,土,1F-18,職員1F-18,休,,確認中・未確定
2026-10-11,日,1F-18,職員1F-18,休,,確認中・未確定
2026-10-05,月,1F-19,職員1F-19,休,,確認中・未確定
2026-10-06,火,1F-19,職員1F-19,休,,確認中・未確定
2026-10-07,水,1F-19,職員1F-19,休,,確認中・未確定
2026-10-08,木,1F-19,職員1F-19,休,,確認中・未確定
2026-10-09,金,1F-19,職員1F-19,休,,確認中・未確定
2026-10-10,土,1F-19,職員1F-19,休,,確認中・未確定
2026-10-11,日,1F-19,職員1F-19,休,,確認中・未確定
2026-10-05,月,1F-20,職員1F-20,休,,確認中・未確定
2026-10-06,火,1F-20,職員1F-20,休,,確認中・未確定
2026-10-07,水,1F-20,職員1F-20,休,,確認中・未確定
2026-10-08,木,1F-20,職員1F-20,休,,確認中・未確定
2026-10-09,金,1F-20,職員1F-20,休,,確認中・未確定
2026-10-10,土,1F-20,職員1F-20,休,,確認中・未確定
2026-10-11,日,1F-20,職員1F-20,休,,確認中・未確定
2026-10-05,月,1F-21,職員1F-21,休,,確認中・未確定
2026-10-06,火,1F-21,職員1F-21,休,,確認中・未確定
2026-10-07,水,1F-21,職員1F-21,休,,確認中・未確定
2026-10-08,木,1F-21,職員1F-21,休,,確認中・未確定
2026-10-09,金,1F-21,職員1F-21,休,,確認中・未確定
2026-10-10,土,1F-21,職員1F-21,休,,確認中・未確定
2026-10-11,日,1F-21,職員1F-21,休,,確認中・未確定
2026-10-05,月,1F-22,職員1F-22,休,,確認中・未確定
2026-10-06,火,1F-22,職員1F-22,休,,確認中・未確定
2026-10-07,水,1F-22,職員1F-22,休,,確認中・未確定
2026-10-08,木,1F-22,職員1F-22,休,,確認中・未確定
2026-10-09,金,1F-22,職員1F-22,休,,確認中・未確定
2026-10-10,土,1F-22,職員1F-22,休,,確認中・未確定
2026-10-11,日,1F-22,職員1F-22,休,,確認中・未確定
2026-10-05,月,1F-23,職員1F-23,明,,確認中・未確定
2026-10-06,火,1F-23,職員1F-23,短A,22:00～翌01:00,確認中・未確定
2026-10-07,水,1F-23,職員1F-23,明,,確認中・未確定
2026-10-08,木,1F-23,職員1F-23,短A,22:00～翌01:00,確認中・未確定
2026-10-09,金,1F-23,職員1F-23,明,,確認中・未確定
2026-10-10,土,1F-23,職員1F-23,休,,確認中・未確定
2026-10-11,日,1F-23,職員1F-23,休,,確認中・未確定
2026-10-05,月,1F-24,職員1F-24,休,,確認中・未確定
2026-10-06,火,1F-24,職員1F-24,休,,確認中・未確定
2026-10-07,水,1F-24,職員1F-24,休,,確認中・未確定
2026-10-08,木,1F-24,職員1F-24,短B,01:00～04:00,確認中・未確定
2026-10-09,金,1F-24,職員1F-24,休,,確認中・未確定
2026-10-10,土,1F-24,職員1F-24,短B,01:00～04:00,確認中・未確定
2026-10-11,日,1F-24,職員1F-24,休,,確認中・未確定
2026-10-05,月,1F-25,職員1F-25,統,16:00～翌09:00,確認中・未確定
2026-10-06,火,1F-25,職員1F-25,明,,確認中・未確定
2026-10-07,水,1F-25,職員1F-25,短A,22:00～翌01:00,確認中・未確定
2026-10-08,木,1F-25,職員1F-25,明,,確認中・未確定
2026-10-09,金,1F-25,職員1F-25,休,,確認中・未確定
2026-10-10,土,1F-25,職員1F-25,短A,22:00～翌01:00,確認中・未確定
2026-10-11,日,1F-25,職員1F-25,明,,確認中・未確定
2026-10-05,月,1F-26,職員1F-26,統,16:00～翌09:00,確認中・未確定
2026-10-06,火,1F-26,職員1F-26,明,,確認中・未確定
2026-10-07,水,1F-26,職員1F-26,休,,確認中・未確定
2026-10-08,木,1F-26,職員1F-26,休,,確認中・未確定
2026-10-09,金,1F-26,職員1F-26,短A,22:00～翌01:00,確認中・未確定
2026-10-10,土,1F-26,職員1F-26,明,,確認中・未確定
2026-10-11,日,1F-26,職員1F-26,短A,22:00～翌01:00,確認中・未確定
2026-10-05,月,1F-27,職員1F-27,遅,10:00～19:00,確認中・未確定
2026-10-06,火,1F-27,職員1F-27,早,07:00～16:00,確認中・未確定
2026-10-07,水,1F-27,職員1F-27,遅,10:00～19:00,確認中・未確定
2026-10-08,木,1F-27,職員1F-27,遅,10:00～19:00,確認中・未確定
2026-10-09,金,1F-27,職員1F-27,休,,確認中・未確定
2026-10-10,土,1F-27,職員1F-27,休,,確認中・未確定
2026-10-11,日,1F-27,職員1F-27,休,,確認中・未確定
2026-10-05,月,1F-28,職員1F-28,遅,10:00～19:00,確認中・未確定
2026-10-06,火,1F-28,職員1F-28,早,07:00～16:00,確認中・未確定
2026-10-07,水,1F-28,職員1F-28,遅,10:00～19:00,確認中・未確定
2026-10-08,木,1F-28,職員1F-28,遅,10:00～19:00,確認中・未確定
2026-10-09,金,1F-28,職員1F-28,休,,確認中・未確定
2026-10-10,土,1F-28,職員1F-28,休,,確認中・未確定
2026-10-11,日,1F-28,職員1F-28,休,,確認中・未確定
2026-10-05,月,1F-29,職員1F-29,日,08:30～17:30,確認中・未確定
2026-10-06,火,1F-29,職員1F-29,遅,10:00～19:00,確認中・未確定
2026-10-07,水,1F-29,職員1F-29,遅,10:00～19:00,確認中・未確定
2026-10-08,木,1F-29,職員1F-29,遅,10:00～19:00,確認中・未確定
2026-10-09,金,1F-29,職員1F-29,休,,確認中・未確定
2026-10-10,土,1F-29,職員1F-29,休,,確認中・未確定
2026-10-11,日,1F-29,職員1F-29,休,,確認中・未確定
2026-10-05,月,1F-30,職員1F-30,休,,確認中・未確定
2026-10-06,火,1F-30,職員1F-30,休,,確認中・未確定
2026-10-07,水,1F-30,職員1F-30,日,08:30～17:30,確認中・未確定
2026-10-08,木,1F-30,職員1F-30,早,07:00～16:00,確認中・未確定
2026-10-09,金,1F-30,職員1F-30,早,07:00～16:00,確認中・未確定
2026-10-10,土,1F-30,職員1F-30,早,07:00～16:00,確認中・未確定
2026-10-11,日,1F-30,職員1F-30,休,,確認中・未確定
2026-10-05,月,1F-31,職員1F-31,休,,確認中・未確定
2026-10-06,火,1F-31,職員1F-31,休,,確認中・未確定
2026-10-07,水,1F-31,職員1F-31,休,,確認中・未確定
2026-10-08,木,1F-31,職員1F-31,休,,確認中・未確定
2026-10-09,金,1F-31,職員1F-31,日,08:30～17:30,確認中・未確定
2026-10-10,土,1F-31,職員1F-31,早,07:00～16:00,確認中・未確定
2026-10-11,日,1F-31,職員1F-31,早,07:00～16:00,確認中・未確定
2026-10-05,月,2F-01,職員2F-01,明,,確認中・未確定
2026-10-06,火,2F-01,職員2F-01,早,07:00～16:00,確認中・未確定
2026-10-07,水,2F-01,職員2F-01,休,,確認中・未確定
2026-10-08,木,2F-01,職員2F-01,統,16:00～翌09:00,確認中・未確定
2026-10-09,金,2F-01,職員2F-01,明,,確認中・未確定
2026-10-10,土,2F-01,職員2F-01,休,,確認中・未確定
2026-10-11,日,2F-01,職員2F-01,休,,確認中・未確定
2026-10-05,月,2F-02,職員2F-02,明,,確認中・未確定
2026-10-06,火,2F-02,職員2F-02,早,07:00～16:00,確認中・未確定
2026-10-07,水,2F-02,職員2F-02,休,,確認中・未確定
2026-10-08,木,2F-02,職員2F-02,統,16:00～翌09:00,確認中・未確定
2026-10-09,金,2F-02,職員2F-02,明,,確認中・未確定
2026-10-10,土,2F-02,職員2F-02,休,,確認中・未確定
2026-10-11,日,2F-02,職員2F-02,休,,確認中・未確定
2026-10-05,月,2F-03,職員2F-03,夜,16:00～翌09:00,確認中・未確定
2026-10-06,火,2F-03,職員2F-03,明,,確認中・未確定
2026-10-07,水,2F-03,職員2F-03,休,,確認中・未確定
2026-10-08,木,2F-03,職員2F-03,休,,確認中・未確定
2026-10-09,金,2F-03,職員2F-03,休,,確認中・未確定
2026-10-10,土,2F-03,職員2F-03,統,16:00～翌09:00,確認中・未確定
2026-10-11,日,2F-03,職員2F-03,明,,確認中・未確定
2026-10-05,月,2F-04,職員2F-04,夜,16:00～翌09:00,確認中・未確定
2026-10-06,火,2F-04,職員2F-04,明,,確認中・未確定
2026-10-07,水,2F-04,職員2F-04,休,,確認中・未確定
2026-10-08,木,2F-04,職員2F-04,休,,確認中・未確定
2026-10-09,金,2F-04,職員2F-04,休,,確認中・未確定
2026-10-10,土,2F-04,職員2F-04,統,16:00～翌09:00,確認中・未確定
2026-10-11,日,2F-04,職員2F-04,明,,確認中・未確定
2026-10-05,月,2F-05,職員2F-05,早,07:00～16:00,確認中・未確定
2026-10-06,火,2F-05,職員2F-05,早,07:00～16:00,確認中・未確定
2026-10-07,水,2F-05,職員2F-05,早,07:00～16:00,確認中・未確定
2026-10-08,木,2F-05,職員2F-05,休,,確認中・未確定
2026-10-09,金,2F-05,職員2F-05,休,,確認中・未確定
2026-10-10,土,2F-05,職員2F-05,休,,確認中・未確定
2026-10-11,日,2F-05,職員2F-05,夜,16:00～翌09:00,確認中・未確定
2026-10-05,月,2F-06,職員2F-06,遅,10:00～19:00,確認中・未確定
2026-10-06,火,2F-06,職員2F-06,遅,10:00～19:00,確認中・未確定
2026-10-07,水,2F-06,職員2F-06,早,07:00～16:00,確認中・未確定
2026-10-08,木,2F-06,職員2F-06,休,,確認中・未確定
2026-10-09,金,2F-06,職員2F-06,休,,確認中・未確定
2026-10-10,土,2F-06,職員2F-06,休,,確認中・未確定
2026-10-11,日,2F-06,職員2F-06,夜,16:00～翌09:00,確認中・未確定
2026-10-05,月,2F-07,職員2F-07,休,,確認中・未確定
2026-10-06,火,2F-07,職員2F-07,夜,16:00～翌09:00,確認中・未確定
2026-10-07,水,2F-07,職員2F-07,明,,確認中・未確定
2026-10-08,木,2F-07,職員2F-07,休,,確認中・未確定
2026-10-09,金,2F-07,職員2F-07,休,,確認中・未確定
2026-10-10,土,2F-07,職員2F-07,夜,16:00～翌09:00,確認中・未確定
2026-10-11,日,2F-07,職員2F-07,明,,確認中・未確定
2026-10-05,月,2F-08,職員2F-08,休,,確認中・未確定
2026-10-06,火,2F-08,職員2F-08,夜,16:00～翌09:00,確認中・未確定
2026-10-07,水,2F-08,職員2F-08,明,,確認中・未確定
2026-10-08,木,2F-08,職員2F-08,休,,確認中・未確定
2026-10-09,金,2F-08,職員2F-08,休,,確認中・未確定
2026-10-10,土,2F-08,職員2F-08,夜,16:00～翌09:00,確認中・未確定
2026-10-11,日,2F-08,職員2F-08,明,,確認中・未確定
2026-10-05,月,2F-09,職員2F-09,早,07:00～16:00,確認中・未確定
2026-10-06,火,2F-09,職員2F-09,遅,10:00～19:00,確認中・未確定
2026-10-07,水,2F-09,職員2F-09,夜,16:00～翌09:00,確認中・未確定
2026-10-08,木,2F-09,職員2F-09,明,,確認中・未確定
2026-10-09,金,2F-09,職員2F-09,休,,確認中・未確定
2026-10-10,土,2F-09,職員2F-09,休,,確認中・未確定
2026-10-11,日,2F-09,職員2F-09,休,,確認中・未確定
2026-10-05,月,2F-10,職員2F-10,早,07:00～16:00,確認中・未確定
2026-10-06,火,2F-10,職員2F-10,遅,10:00～19:00,確認中・未確定
2026-10-07,水,2F-10,職員2F-10,夜,16:00～翌09:00,確認中・未確定
2026-10-08,木,2F-10,職員2F-10,明,,確認中・未確定
2026-10-09,金,2F-10,職員2F-10,休,,確認中・未確定
2026-10-10,土,2F-10,職員2F-10,休,,確認中・未確定
2026-10-11,日,2F-10,職員2F-10,休,,確認中・未確定
2026-10-05,月,2F-11,職員2F-11,遅,10:00～19:00,確認中・未確定
2026-10-06,火,2F-11,職員2F-11,遅,10:00～19:00,確認中・未確定
2026-10-07,水,2F-11,職員2F-11,休,,確認中・未確定
2026-10-08,木,2F-11,職員2F-11,休,,確認中・未確定
2026-10-09,金,2F-11,職員2F-11,夜,16:00～翌09:00,確認中・未確定
2026-10-10,土,2F-11,職員2F-11,明,,確認中・未確定
2026-10-11,日,2F-11,職員2F-11,休,,確認中・未確定
2026-10-05,月,2F-12,職員2F-12,遅,10:00～19:00,確認中・未確定
2026-10-06,火,2F-12,職員2F-12,遅,10:00～19:00,確認中・未確定
2026-10-07,水,2F-12,職員2F-12,休,,確認中・未確定
2026-10-08,木,2F-12,職員2F-12,休,,確認中・未確定
2026-10-09,金,2F-12,職員2F-12,夜,16:00～翌09:00,確認中・未確定
2026-10-10,土,2F-12,職員2F-12,明,,確認中・未確定
2026-10-11,日,2F-12,職員2F-12,休,,確認中・未確定
2026-10-05,月,2F-13,職員2F-13,遅,10:00～19:00,確認中・未確定
2026-10-06,火,2F-13,職員2F-13,休,,確認中・未確定
2026-10-07,水,2F-13,職員2F-13,早,07:00～16:00,確認中・未確定
2026-10-08,木,2F-13,職員2F-13,夜,16:00～翌09:00,確認中・未確定
2026-10-09,金,2F-13,職員2F-13,明,,確認中・未確定
2026-10-10,土,2F-13,職員2F-13,休,,確認中・未確定
2026-10-11,日,2F-13,職員2F-13,休,,確認中・未確定
2026-10-05,月,2F-14,職員2F-14,遅,10:00～19:00,確認中・未確定
2026-10-06,火,2F-14,職員2F-14,休,,確認中・未確定
2026-10-07,水,2F-14,職員2F-14,遅,10:00～19:00,確認中・未確定
2026-10-08,木,2F-14,職員2F-14,夜,16:00～翌09:00,確認中・未確定
2026-10-09,金,2F-14,職員2F-14,明,,確認中・未確定
2026-10-10,土,2F-14,職員2F-14,休,,確認中・未確定
2026-10-11,日,2F-14,職員2F-14,休,,確認中・未確定
2026-10-05,月,2F-15,職員2F-15,早,07:00～16:00,確認中・未確定
2026-10-06,火,2F-15,職員2F-15,早,07:00～16:00,確認中・未確定
2026-10-07,水,2F-15,職員2F-15,早,07:00～16:00,確認中・未確定
2026-10-08,木,2F-15,職員2F-15,早,07:00～16:00,確認中・未確定
2026-10-09,金,2F-15,職員2F-15,休,,確認中・未確定
2026-10-10,土,2F-15,職員2F-15,休,,確認中・未確定
2026-10-11,日,2F-15,職員2F-15,休,,確認中・未確定
2026-10-05,月,2F-16,職員2F-16,早,07:00～16:00,確認中・未確定
2026-10-06,火,2F-16,職員2F-16,早,07:00～16:00,確認中・未確定
2026-10-07,水,2F-16,職員2F-16,早,07:00～16:00,確認中・未確定
2026-10-08,木,2F-16,職員2F-16,遅,10:00～19:00,確認中・未確定
2026-10-09,金,2F-16,職員2F-16,休,,確認中・未確定
2026-10-10,土,2F-16,職員2F-16,休,,確認中・未確定
2026-10-11,日,2F-16,職員2F-16,休,,確認中・未確定
2026-10-05,月,2F-17,職員2F-17,休,,確認中・未確定
2026-10-06,火,2F-17,職員2F-17,午,07:00～12:00,確認中・未確定
2026-10-07,水,2F-17,職員2F-17,休,,確認中・未確定
2026-10-08,木,2F-17,職員2F-17,休,,確認中・未確定
2026-10-09,金,2F-17,職員2F-17,休,,確認中・未確定
2026-10-10,土,2F-17,職員2F-17,休,,確認中・未確定
2026-10-11,日,2F-17,職員2F-17,休,,確認中・未確定
2026-10-05,月,2F-18,職員2F-18,休,,確認中・未確定
2026-10-06,火,2F-18,職員2F-18,休,,確認中・未確定
2026-10-07,水,2F-18,職員2F-18,休,,確認中・未確定
2026-10-08,木,2F-18,職員2F-18,休,,確認中・未確定
2026-10-09,金,2F-18,職員2F-18,休,,確認中・未確定
2026-10-10,土,2F-18,職員2F-18,休,,確認中・未確定
2026-10-11,日,2F-18,職員2F-18,休,,確認中・未確定
2026-10-05,月,2F-19,職員2F-19,休,,確認中・未確定
2026-10-06,火,2F-19,職員2F-19,休,,確認中・未確定
2026-10-07,水,2F-19,職員2F-19,休,,確認中・未確定
2026-10-08,木,2F-19,職員2F-19,午,07:00～12:00,確認中・未確定
2026-10-09,金,2F-19,職員2F-19,休,,確認中・未確定
2026-10-10,土,2F-19,職員2F-19,休,,確認中・未確定
2026-10-11,日,2F-19,職員2F-19,休,,確認中・未確定
2026-10-05,月,2F-20,職員2F-20,休,,確認中・未確定
2026-10-06,火,2F-20,職員2F-20,休,,確認中・未確定
2026-10-07,水,2F-20,職員2F-20,休,,確認中・未確定
2026-10-08,木,2F-20,職員2F-20,休,,確認中・未確定
2026-10-09,金,2F-20,職員2F-20,休,,確認中・未確定
2026-10-10,土,2F-20,職員2F-20,休,,確認中・未確定
2026-10-11,日,2F-20,職員2F-20,休,,確認中・未確定
2026-10-05,月,2F-21,職員2F-21,休,,確認中・未確定
2026-10-06,火,2F-21,職員2F-21,休,,確認中・未確定
2026-10-07,水,2F-21,職員2F-21,休,,確認中・未確定
2026-10-08,木,2F-21,職員2F-21,休,,確認中・未確定
2026-10-09,金,2F-21,職員2F-21,休,,確認中・未確定
2026-10-10,土,2F-21,職員2F-21,休,,確認中・未確定
2026-10-11,日,2F-21,職員2F-21,休,,確認中・未確定
2026-10-05,月,2F-22,職員2F-22,休,,確認中・未確定
2026-10-06,火,2F-22,職員2F-22,休,,確認中・未確定
2026-10-07,水,2F-22,職員2F-22,休,,確認中・未確定
2026-10-08,木,2F-22,職員2F-22,休,,確認中・未確定
2026-10-09,金,2F-22,職員2F-22,休,,確認中・未確定
2026-10-10,土,2F-22,職員2F-22,休,,確認中・未確定
2026-10-11,日,2F-22,職員2F-22,休,,確認中・未確定
2026-10-05,月,2F-23,職員2F-23,短A,22:00～翌01:00,確認中・未確定
2026-10-06,火,2F-23,職員2F-23,明,,確認中・未確定
2026-10-07,水,2F-23,職員2F-23,休,,確認中・未確定
2026-10-08,木,2F-23,職員2F-23,休,,確認中・未確定
2026-10-09,金,2F-23,職員2F-23,休,,確認中・未確定
2026-10-10,土,2F-23,職員2F-23,休,,確認中・未確定
2026-10-11,日,2F-23,職員2F-23,休,,確認中・未確定
2026-10-05,月,2F-24,職員2F-24,短B,01:00～04:00,確認中・未確定
2026-10-06,火,2F-24,職員2F-24,短B,01:00～04:00,確認中・未確定
2026-10-07,水,2F-24,職員2F-24,短B,01:00～04:00,確認中・未確定
2026-10-08,木,2F-24,職員2F-24,休,,確認中・未確定
2026-10-09,金,2F-24,職員2F-24,休,,確認中・未確定
2026-10-10,土,2F-24,職員2F-24,休,,確認中・未確定
2026-10-11,日,2F-24,職員2F-24,休,,確認中・未確定
2026-10-05,月,2F-25,職員2F-25,休,,確認中・未確定
2026-10-06,火,2F-25,職員2F-25,休,,確認中・未確定
2026-10-07,水,2F-25,職員2F-25,遅,10:00～19:00,確認中・未確定
2026-10-08,木,2F-25,職員2F-25,早,07:00～16:00,確認中・未確定
2026-10-09,金,2F-25,職員2F-25,遅,10:00～19:00,確認中・未確定
2026-10-10,土,2F-25,職員2F-25,早,07:00～16:00,確認中・未確定
2026-10-11,日,2F-25,職員2F-25,休,,確認中・未確定
2026-10-05,月,2F-26,職員2F-26,休,,確認中・未確定
2026-10-06,火,2F-26,職員2F-26,休,,確認中・未確定
2026-10-07,水,2F-26,職員2F-26,遅,10:00～19:00,確認中・未確定
2026-10-08,木,2F-26,職員2F-26,早,07:00～16:00,確認中・未確定
2026-10-09,金,2F-26,職員2F-26,遅,10:00～19:00,確認中・未確定
2026-10-10,土,2F-26,職員2F-26,早,07:00～16:00,確認中・未確定
2026-10-11,日,2F-26,職員2F-26,休,,確認中・未確定
2026-10-05,月,2F-27,職員2F-27,休,,確認中・未確定
2026-10-06,火,2F-27,職員2F-27,休,,確認中・未確定
2026-10-07,水,2F-27,職員2F-27,遅,10:00～19:00,確認中・未確定
2026-10-08,木,2F-27,職員2F-27,早,07:00～16:00,確認中・未確定
2026-10-09,金,2F-27,職員2F-27,遅,10:00～19:00,確認中・未確定
2026-10-10,土,2F-27,職員2F-27,早,07:00～16:00,確認中・未確定
2026-10-11,日,2F-27,職員2F-27,休,,確認中・未確定
2026-10-05,月,2F-28,職員2F-28,休,,確認中・未確定
2026-10-06,火,2F-28,職員2F-28,休,,確認中・未確定
2026-10-07,水,2F-28,職員2F-28,遅,10:00～19:00,確認中・未確定
2026-10-08,木,2F-28,職員2F-28,早,07:00～16:00,確認中・未確定
2026-10-09,金,2F-28,職員2F-28,遅,10:00～19:00,確認中・未確定
2026-10-10,土,2F-28,職員2F-28,早,07:00～16:00,確認中・未確定
2026-10-11,日,2F-28,職員2F-28,休,,確認中・未確定
2026-10-05,月,2F-29,職員2F-29,休,,確認中・未確定
2026-10-06,火,2F-29,職員2F-29,休,,確認中・未確定
2026-10-07,水,2F-29,職員2F-29,休,,確認中・未確定
2026-10-08,木,2F-29,職員2F-29,休,,確認中・未確定
2026-10-09,金,2F-29,職員2F-29,遅,10:00～19:00,確認中・未確定
2026-10-10,土,2F-29,職員2F-29,早,07:00～16:00,確認中・未確定
2026-10-11,日,2F-29,職員2F-29,早,07:00～16:00,確認中・未確定
2026-10-05,月,2F-30,職員2F-30,休,,確認中・未確定
2026-10-06,火,2F-30,職員2F-30,休,,確認中・未確定
2026-10-07,水,2F-30,職員2F-30,休,,確認中・未確定
2026-10-08,木,2F-30,職員2F-30,休,,確認中・未確定
2026-10-09,金,2F-30,職員2F-30,遅,10:00～19:00,確認中・未確定
2026-10-10,土,2F-30,職員2F-30,早,07:00～16:00,確認中・未確定
2026-10-11,日,2F-30,職員2F-30,早,07:00～16:00,確認中・未確定
2026-10-05,月,2F-31,職員2F-31,休,,確認中・未確定
2026-10-06,火,2F-31,職員2F-31,休,,確認中・未確定
2026-10-07,水,2F-31,職員2F-31,休,,確認中・未確定
2026-10-08,木,2F-31,職員2F-31,休,,確認中・未確定
2026-10-09,金,2F-31,職員2F-31,遅,10:00～19:00,確認中・未確定
2026-10-10,土,2F-31,職員2F-31,早,07:00～16:00,確認中・未確定
2026-10-11,日,2F-31,職員2F-31,早,07:00～16:00,確認中・未確定
2026-10-05,月,2F-32,職員2F-32,休,,確認中・未確定
2026-10-06,火,2F-32,職員2F-32,休,,確認中・未確定
2026-10-07,水,2F-32,職員2F-32,休,,確認中・未確定
2026-10-08,木,2F-32,職員2F-32,休,,確認中・未確定
2026-10-09,金,2F-32,職員2F-32,遅,10:00～19:00,確認中・未確定
2026-10-10,土,2F-32,職員2F-32,遅,10:00～19:00,確認中・未確定
2026-10-11,日,2F-32,職員2F-32,早,07:00～16:00,確認中・未確定
2026-10-05,月,2F-33,職員2F-33,休,,確認中・未確定
2026-10-06,火,2F-33,職員2F-33,休,,確認中・未確定
2026-10-07,水,2F-33,職員2F-33,休,,確認中・未確定
2026-10-08,木,2F-33,職員2F-33,休,,確認中・未確定
2026-10-09,金,2F-33,職員2F-33,遅,10:00～19:00,確認中・未確定
2026-10-10,土,2F-33,職員2F-33,遅,10:00～19:00,確認中・未確定
2026-10-11,日,2F-33,職員2F-33,遅,10:00～19:00,確認中・未確定
2026-10-05,月,3F-01,職員3F-01,明,,確認中・未確定
2026-10-06,火,3F-01,職員3F-01,休,,確認中・未確定
2026-10-07,水,3F-01,職員3F-01,休,,確認中・未確定
2026-10-08,木,3F-01,職員3F-01,休,,確認中・未確定
2026-10-09,金,3F-01,職員3F-01,統,16:00～翌09:00,確認中・未確定
2026-10-10,土,3F-01,職員3F-01,明,,確認中・未確定
2026-10-11,日,3F-01,職員3F-01,統,16:00～翌09:00,確認中・未確定
2026-10-05,月,3F-02,職員3F-02,明,,確認中・未確定
2026-10-06,火,3F-02,職員3F-02,休,,確認中・未確定
2026-10-07,水,3F-02,職員3F-02,休,,確認中・未確定
2026-10-08,木,3F-02,職員3F-02,休,,確認中・未確定
2026-10-09,金,3F-02,職員3F-02,統,16:00～翌09:00,確認中・未確定
2026-10-10,土,3F-02,職員3F-02,明,,確認中・未確定
2026-10-11,日,3F-02,職員3F-02,統,16:00～翌09:00,確認中・未確定
2026-10-05,月,3F-03,職員3F-03,夜,16:00～翌09:00,確認中・未確定
2026-10-06,火,3F-03,職員3F-03,明,,確認中・未確定
2026-10-07,水,3F-03,職員3F-03,遅,10:00～19:00,確認中・未確定
2026-10-08,木,3F-03,職員3F-03,早,07:00～16:00,確認中・未確定
2026-10-09,金,3F-03,職員3F-03,休,,確認中・未確定
2026-10-10,土,3F-03,職員3F-03,休,,確認中・未確定
2026-10-11,日,3F-03,職員3F-03,休,,確認中・未確定
2026-10-05,月,3F-04,職員3F-04,夜,16:00～翌09:00,確認中・未確定
2026-10-06,火,3F-04,職員3F-04,明,,確認中・未確定
2026-10-07,水,3F-04,職員3F-04,遅,10:00～19:00,確認中・未確定
2026-10-08,木,3F-04,職員3F-04,休,,確認中・未確定
2026-10-09,金,3F-04,職員3F-04,休,,確認中・未確定
2026-10-10,土,3F-04,職員3F-04,休,,確認中・未確定
2026-10-11,日,3F-04,職員3F-04,夜,16:00～翌09:00,確認中・未確定
2026-10-05,月,3F-05,職員3F-05,早,07:00～16:00,確認中・未確定
2026-10-06,火,3F-05,職員3F-05,夜,16:00～翌09:00,確認中・未確定
2026-10-07,水,3F-05,職員3F-05,明,,確認中・未確定
2026-10-08,木,3F-05,職員3F-05,休,,確認中・未確定
2026-10-09,金,3F-05,職員3F-05,休,,確認中・未確定
2026-10-10,土,3F-05,職員3F-05,休,,確認中・未確定
2026-10-11,日,3F-05,職員3F-05,夜,16:00～翌09:00,確認中・未確定
2026-10-05,月,3F-06,職員3F-06,早,07:00～16:00,確認中・未確定
2026-10-06,火,3F-06,職員3F-06,夜,16:00～翌09:00,確認中・未確定
2026-10-07,水,3F-06,職員3F-06,明,,確認中・未確定
2026-10-08,木,3F-06,職員3F-06,早,07:00～16:00,確認中・未確定
2026-10-09,金,3F-06,職員3F-06,休,,確認中・未確定
2026-10-10,土,3F-06,職員3F-06,休,,確認中・未確定
2026-10-11,日,3F-06,職員3F-06,休,,確認中・未確定
2026-10-05,月,3F-07,職員3F-07,早,07:00～16:00,確認中・未確定
2026-10-06,火,3F-07,職員3F-07,早,07:00～16:00,確認中・未確定
2026-10-07,水,3F-07,職員3F-07,夜,16:00～翌09:00,確認中・未確定
2026-10-08,木,3F-07,職員3F-07,明,,確認中・未確定
2026-10-09,金,3F-07,職員3F-07,休,,確認中・未確定
2026-10-10,土,3F-07,職員3F-07,休,,確認中・未確定
2026-10-11,日,3F-07,職員3F-07,休,,確認中・未確定
2026-10-05,月,3F-08,職員3F-08,早,07:00～16:00,確認中・未確定
2026-10-06,火,3F-08,職員3F-08,遅,10:00～19:00,確認中・未確定
2026-10-07,水,3F-08,職員3F-08,夜,16:00～翌09:00,確認中・未確定
2026-10-08,木,3F-08,職員3F-08,明,,確認中・未確定
2026-10-09,金,3F-08,職員3F-08,休,,確認中・未確定
2026-10-10,土,3F-08,職員3F-08,休,,確認中・未確定
2026-10-11,日,3F-08,職員3F-08,休,,確認中・未確定
2026-10-05,月,3F-09,職員3F-09,遅,10:00～19:00,確認中・未確定
2026-10-06,火,3F-09,職員3F-09,遅,10:00～19:00,確認中・未確定
2026-10-07,水,3F-09,職員3F-09,休,,確認中・未確定
2026-10-08,木,3F-09,職員3F-09,休,,確認中・未確定
2026-10-09,金,3F-09,職員3F-09,休,,確認中・未確定
2026-10-10,土,3F-09,職員3F-09,夜,16:00～翌09:00,確認中・未確定
2026-10-11,日,3F-09,職員3F-09,明,,確認中・未確定
2026-10-05,月,3F-10,職員3F-10,遅,10:00～19:00,確認中・未確定
2026-10-06,火,3F-10,職員3F-10,遅,10:00～19:00,確認中・未確定
2026-10-07,水,3F-10,職員3F-10,休,,確認中・未確定
2026-10-08,木,3F-10,職員3F-10,休,,確認中・未確定
2026-10-09,金,3F-10,職員3F-10,夜,16:00～翌09:00,確認中・未確定
2026-10-10,土,3F-10,職員3F-10,明,,確認中・未確定
2026-10-11,日,3F-10,職員3F-10,休,,確認中・未確定
2026-10-05,月,3F-11,職員3F-11,遅,10:00～19:00,確認中・未確定
2026-10-06,火,3F-11,職員3F-11,遅,10:00～19:00,確認中・未確定
2026-10-07,水,3F-11,職員3F-11,休,,確認中・未確定
2026-10-08,木,3F-11,職員3F-11,休,,確認中・未確定
2026-10-09,金,3F-11,職員3F-11,夜,16:00～翌09:00,確認中・未確定
2026-10-10,土,3F-11,職員3F-11,明,,確認中・未確定
2026-10-11,日,3F-11,職員3F-11,休,,確認中・未確定
2026-10-05,月,3F-12,職員3F-12,遅,10:00～19:00,確認中・未確定
2026-10-06,火,3F-12,職員3F-12,遅,10:00～19:00,確認中・未確定
2026-10-07,水,3F-12,職員3F-12,休,,確認中・未確定
2026-10-08,木,3F-12,職員3F-12,休,,確認中・未確定
2026-10-09,金,3F-12,職員3F-12,休,,確認中・未確定
2026-10-10,土,3F-12,職員3F-12,夜,16:00～翌09:00,確認中・未確定
2026-10-11,日,3F-12,職員3F-12,明,,確認中・未確定
2026-10-05,月,3F-13,職員3F-13,休,,確認中・未確定
2026-10-06,火,3F-13,職員3F-13,早,07:00～16:00,確認中・未確定
2026-10-07,水,3F-13,職員3F-13,早,07:00～16:00,確認中・未確定
2026-10-08,木,3F-13,職員3F-13,夜,16:00～翌09:00,確認中・未確定
2026-10-09,金,3F-13,職員3F-13,明,,確認中・未確定
2026-10-10,土,3F-13,職員3F-13,休,,確認中・未確定
2026-10-11,日,3F-13,職員3F-13,休,,確認中・未確定
2026-10-05,月,3F-14,職員3F-14,休,,確認中・未確定
2026-10-06,火,3F-14,職員3F-14,早,07:00～16:00,確認中・未確定
2026-10-07,水,3F-14,職員3F-14,早,07:00～16:00,確認中・未確定
2026-10-08,木,3F-14,職員3F-14,夜,16:00～翌09:00,確認中・未確定
2026-10-09,金,3F-14,職員3F-14,明,,確認中・未確定
2026-10-10,土,3F-14,職員3F-14,休,,確認中・未確定
2026-10-11,日,3F-14,職員3F-14,休,,確認中・未確定
2026-10-05,月,3F-15,職員3F-15,早,07:00～16:00,確認中・未確定
2026-10-06,火,3F-15,職員3F-15,早,07:00～16:00,確認中・未確定
2026-10-07,水,3F-15,職員3F-15,早,07:00～16:00,確認中・未確定
2026-10-08,木,3F-15,職員3F-15,早,07:00～16:00,確認中・未確定
2026-10-09,金,3F-15,職員3F-15,休,,確認中・未確定
2026-10-10,土,3F-15,職員3F-15,休,,確認中・未確定
2026-10-11,日,3F-15,職員3F-15,休,,確認中・未確定
2026-10-05,月,3F-16,職員3F-16,遅,10:00～19:00,確認中・未確定
2026-10-06,火,3F-16,職員3F-16,早,07:00～16:00,確認中・未確定
2026-10-07,水,3F-16,職員3F-16,早,07:00～16:00,確認中・未確定
2026-10-08,木,3F-16,職員3F-16,遅,10:00～19:00,確認中・未確定
2026-10-09,金,3F-16,職員3F-16,休,,確認中・未確定
2026-10-10,土,3F-16,職員3F-16,休,,確認中・未確定
2026-10-11,日,3F-16,職員3F-16,休,,確認中・未確定
2026-10-05,月,3F-17,職員3F-17,休,,確認中・未確定
2026-10-06,火,3F-17,職員3F-17,休,,確認中・未確定
2026-10-07,水,3F-17,職員3F-17,休,,確認中・未確定
2026-10-08,木,3F-17,職員3F-17,休,,確認中・未確定
2026-10-09,金,3F-17,職員3F-17,休,,確認中・未確定
2026-10-10,土,3F-17,職員3F-17,休,,確認中・未確定
2026-10-11,日,3F-17,職員3F-17,休,,確認中・未確定
2026-10-05,月,3F-18,職員3F-18,休,,確認中・未確定
2026-10-06,火,3F-18,職員3F-18,休,,確認中・未確定
2026-10-07,水,3F-18,職員3F-18,休,,確認中・未確定
2026-10-08,木,3F-18,職員3F-18,休,,確認中・未確定
2026-10-09,金,3F-18,職員3F-18,休,,確認中・未確定
2026-10-10,土,3F-18,職員3F-18,後,14:00～19:00,確認中・未確定
2026-10-11,日,3F-18,職員3F-18,休,,確認中・未確定
2026-10-05,月,3F-19,職員3F-19,休,,確認中・未確定
2026-10-06,火,3F-19,職員3F-19,休,,確認中・未確定
2026-10-07,水,3F-19,職員3F-19,休,,確認中・未確定
2026-10-08,木,3F-19,職員3F-19,休,,確認中・未確定
2026-10-09,金,3F-19,職員3F-19,休,,確認中・未確定
2026-10-10,土,3F-19,職員3F-19,休,,確認中・未確定
2026-10-11,日,3F-19,職員3F-19,休,,確認中・未確定
2026-10-05,月,3F-20,職員3F-20,休,,確認中・未確定
2026-10-06,火,3F-20,職員3F-20,休,,確認中・未確定
2026-10-07,水,3F-20,職員3F-20,休,,確認中・未確定
2026-10-08,木,3F-20,職員3F-20,休,,確認中・未確定
2026-10-09,金,3F-20,職員3F-20,休,,確認中・未確定
2026-10-10,土,3F-20,職員3F-20,休,,確認中・未確定
2026-10-11,日,3F-20,職員3F-20,後,14:00～19:00,確認中・未確定
2026-10-05,月,3F-21,職員3F-21,休,,確認中・未確定
2026-10-06,火,3F-21,職員3F-21,休,,確認中・未確定
2026-10-07,水,3F-21,職員3F-21,休,,確認中・未確定
2026-10-08,木,3F-21,職員3F-21,休,,確認中・未確定
2026-10-09,金,3F-21,職員3F-21,休,,確認中・未確定
2026-10-10,土,3F-21,職員3F-21,休,,確認中・未確定
2026-10-11,日,3F-21,職員3F-21,休,,確認中・未確定
2026-10-05,月,3F-22,職員3F-22,休,,確認中・未確定
2026-10-06,火,3F-22,職員3F-22,休,,確認中・未確定
2026-10-07,水,3F-22,職員3F-22,休,,確認中・未確定
2026-10-08,木,3F-22,職員3F-22,休,,確認中・未確定
2026-10-09,金,3F-22,職員3F-22,休,,確認中・未確定
2026-10-10,土,3F-22,職員3F-22,休,,確認中・未確定
2026-10-11,日,3F-22,職員3F-22,休,,確認中・未確定
2026-10-05,月,3F-23,職員3F-23,休,,確認中・未確定
2026-10-06,火,3F-23,職員3F-23,休,,確認中・未確定
2026-10-07,水,3F-23,職員3F-23,休,,確認中・未確定
2026-10-08,木,3F-23,職員3F-23,休,,確認中・未確定
2026-10-09,金,3F-23,職員3F-23,休,,確認中・未確定
2026-10-10,土,3F-23,職員3F-23,休,,確認中・未確定
2026-10-11,日,3F-23,職員3F-23,休,,確認中・未確定
2026-10-05,月,3F-24,職員3F-24,休,,確認中・未確定
2026-10-06,火,3F-24,職員3F-24,休,,確認中・未確定
2026-10-07,水,3F-24,職員3F-24,休,,確認中・未確定
2026-10-08,木,3F-24,職員3F-24,休,,確認中・未確定
2026-10-09,金,3F-24,職員3F-24,短B,01:00～04:00,確認中・未確定
2026-10-10,土,3F-24,職員3F-24,休,,確認中・未確定
2026-10-11,日,3F-24,職員3F-24,短B,01:00～04:00,確認中・未確定
2026-10-05,月,3F-25,職員3F-25,休,,確認中・未確定
2026-10-06,火,3F-25,職員3F-25,休,,確認中・未確定
2026-10-07,水,3F-25,職員3F-25,早,07:00～16:00,確認中・未確定
2026-10-08,木,3F-25,職員3F-25,遅,10:00～19:00,確認中・未確定
2026-10-09,金,3F-25,職員3F-25,遅,10:00～19:00,確認中・未確定
2026-10-10,土,3F-25,職員3F-25,遅,10:00～19:00,確認中・未確定
2026-10-11,日,3F-25,職員3F-25,休,,確認中・未確定
2026-10-05,月,3F-26,職員3F-26,休,,確認中・未確定
2026-10-06,火,3F-26,職員3F-26,休,,確認中・未確定
2026-10-07,水,3F-26,職員3F-26,遅,10:00～19:00,確認中・未確定
2026-10-08,木,3F-26,職員3F-26,遅,10:00～19:00,確認中・未確定
2026-10-09,金,3F-26,職員3F-26,早,07:00～16:00,確認中・未確定
2026-10-10,土,3F-26,職員3F-26,遅,10:00～19:00,確認中・未確定
2026-10-11,日,3F-26,職員3F-26,休,,確認中・未確定
2026-10-05,月,3F-27,職員3F-27,休,,確認中・未確定
2026-10-06,火,3F-27,職員3F-27,休,,確認中・未確定
2026-10-07,水,3F-27,職員3F-27,遅,10:00～19:00,確認中・未確定
2026-10-08,木,3F-27,職員3F-27,遅,10:00～19:00,確認中・未確定
2026-10-09,金,3F-27,職員3F-27,早,07:00～16:00,確認中・未確定
2026-10-10,土,3F-27,職員3F-27,遅,10:00～19:00,確認中・未確定
2026-10-11,日,3F-27,職員3F-27,休,,確認中・未確定
2026-10-05,月,3F-28,職員3F-28,休,,確認中・未確定
2026-10-06,火,3F-28,職員3F-28,休,,確認中・未確定
2026-10-07,水,3F-28,職員3F-28,遅,10:00～19:00,確認中・未確定
2026-10-08,木,3F-28,職員3F-28,遅,10:00～19:00,確認中・未確定
2026-10-09,金,3F-28,職員3F-28,早,07:00～16:00,確認中・未確定
2026-10-10,土,3F-28,職員3F-28,遅,10:00～19:00,確認中・未確定
2026-10-11,日,3F-28,職員3F-28,休,,確認中・未確定
2026-10-05,月,3F-29,職員3F-29,休,,確認中・未確定
2026-10-06,火,3F-29,職員3F-29,休,,確認中・未確定
2026-10-07,水,3F-29,職員3F-29,遅,10:00～19:00,確認中・未確定
2026-10-08,木,3F-29,職員3F-29,早,07:00～16:00,確認中・未確定
2026-10-09,金,3F-29,職員3F-29,早,07:00～16:00,確認中・未確定
2026-10-10,土,3F-29,職員3F-29,遅,10:00～19:00,確認中・未確定
2026-10-11,日,3F-29,職員3F-29,休,,確認中・未確定
2026-10-05,月,3F-30,職員3F-30,休,,確認中・未確定
2026-10-06,火,3F-30,職員3F-30,休,,確認中・未確定
2026-10-07,水,3F-30,職員3F-30,遅,10:00～19:00,確認中・未確定
2026-10-08,木,3F-30,職員3F-30,早,07:00～16:00,確認中・未確定
2026-10-09,金,3F-30,職員3F-30,早,07:00～16:00,確認中・未確定
2026-10-10,土,3F-30,職員3F-30,休,,確認中・未確定
2026-10-11,日,3F-30,職員3F-30,遅,10:00～19:00,確認中・未確定
2026-10-05,月,3F-31,職員3F-31,休,,確認中・未確定
2026-10-06,火,3F-31,職員3F-31,休,,確認中・未確定
2026-10-07,水,3F-31,職員3F-31,休,,確認中・未確定
2026-10-08,木,3F-31,職員3F-31,遅,10:00～19:00,確認中・未確定
2026-10-09,金,3F-31,職員3F-31,早,07:00～16:00,確認中・未確定
2026-10-10,土,3F-31,職員3F-31,早,07:00～16:00,確認中・未確定
2026-10-11,日,3F-31,職員3F-31,遅,10:00～19:00,確認中・未確定
2026-10-05,月,3F-32,職員3F-32,休,,確認中・未確定
2026-10-06,火,3F-32,職員3F-32,休,,確認中・未確定
2026-10-07,水,3F-32,職員3F-32,休,,確認中・未確定
2026-10-08,木,3F-32,職員3F-32,遅,10:00～19:00,確認中・未確定
2026-10-09,金,3F-32,職員3F-32,早,07:00～16:00,確認中・未確定
2026-10-10,土,3F-32,職員3F-32,早,07:00～16:00,確認中・未確定
2026-10-11,日,3F-32,職員3F-32,遅,10:00～19:00,確認中・未確定
2026-10-05,月,3F-33,職員3F-33,休,,確認中・未確定
2026-10-06,火,3F-33,職員3F-33,休,,確認中・未確定
2026-10-07,水,3F-33,職員3F-33,休,,確認中・未確定
2026-10-08,木,3F-33,職員3F-33,遅,10:00～19:00,確認中・未確定
2026-10-09,金,3F-33,職員3F-33,早,07:00～16:00,確認中・未確定
2026-10-10,土,3F-33,職員3F-33,早,07:00～16:00,確認中・未確定
2026-10-11,日,3F-33,職員3F-33,遅,10:00～19:00,確認中・未確定
2026-10-05,月,3F-34,職員3F-34,休,,確認中・未確定
2026-10-06,火,3F-34,職員3F-34,休,,確認中・未確定
2026-10-07,水,3F-34,職員3F-34,休,,確認中・未確定
2026-10-08,木,3F-34,職員3F-34,遅,10:00～19:00,確認中・未確定
2026-10-09,金,3F-34,職員3F-34,早,07:00～16:00,確認中・未確定
2026-10-10,土,3F-34,職員3F-34,早,07:00～16:00,確認中・未確定
2026-10-11,日,3F-34,職員3F-34,早,07:00～16:00,確認中・未確定
2026-10-05,月,3F-35,職員3F-35,休,,確認中・未確定
2026-10-06,火,3F-35,職員3F-35,休,,確認中・未確定
2026-10-07,水,3F-35,職員3F-35,休,,確認中・未確定
2026-10-08,木,3F-35,職員3F-35,休,,確認中・未確定
2026-10-09,金,3F-35,職員3F-35,早,07:00～16:00,確認中・未確定
2026-10-10,土,3F-35,職員3F-35,遅,10:00～19:00,確認中・未確定
2026-10-11,日,3F-35,職員3F-35,遅,10:00～19:00,確認中・未確定
2026-10-05,月,3F-36,職員3F-36,休,,確認中・未確定
2026-10-06,火,3F-36,職員3F-36,休,,確認中・未確定
2026-10-07,水,3F-36,職員3F-36,休,,確認中・未確定
2026-10-08,木,3F-36,職員3F-36,休,,確認中・未確定
2026-10-09,金,3F-36,職員3F-36,早,07:00～16:00,確認中・未確定
2026-10-10,土,3F-36,職員3F-36,遅,10:00～19:00,確認中・未確定
2026-10-11,日,3F-36,職員3F-36,遅,10:00～19:00,確認中・未確定
2026-10-05,月,3F-37,職員3F-37,休,,確認中・未確定
2026-10-06,火,3F-37,職員3F-37,休,,確認中・未確定
2026-10-07,水,3F-37,職員3F-37,休,,確認中・未確定
2026-10-08,木,3F-37,職員3F-37,休,,確認中・未確定
2026-10-09,金,3F-37,職員3F-37,早,07:00～16:00,確認中・未確定
2026-10-10,土,3F-37,職員3F-37,遅,10:00～19:00,確認中・未確定
2026-10-11,日,3F-37,職員3F-37,遅,10:00～19:00,確認中・未確定
2026-10-05,月,3F-38,職員3F-38,休,,確認中・未確定
2026-10-06,火,3F-38,職員3F-38,休,,確認中・未確定
2026-10-07,水,3F-38,職員3F-38,休,,確認中・未確定
2026-10-08,木,3F-38,職員3F-38,休,,確認中・未確定
2026-10-09,金,3F-38,職員3F-38,早,07:00～16:00,確認中・未確定
2026-10-10,土,3F-38,職員3F-38,早,07:00～16:00,確認中・未確定
2026-10-11,日,3F-38,職員3F-38,遅,10:00～19:00,確認中・未確定
2026-10-05,月,3F-39,職員3F-39,休,,確認中・未確定
2026-10-06,火,3F-39,職員3F-39,休,,確認中・未確定
2026-10-07,水,3F-39,職員3F-39,休,,確認中・未確定
2026-10-08,木,3F-39,職員3F-39,休,,確認中・未確定
2026-10-09,金,3F-39,職員3F-39,早,07:00～16:00,確認中・未確定
2026-10-10,土,3F-39,職員3F-39,遅,10:00～19:00,確認中・未確定
2026-10-11,日,3F-39,職員3F-39,早,07:00～16:00,確認中・未確定
2026-10-05,月,3F-40,職員3F-40,休,,確認中・未確定
2026-10-06,火,3F-40,職員3F-40,休,,確認中・未確定
2026-10-07,水,3F-40,職員3F-40,休,,確認中・未確定
2026-10-08,木,3F-40,職員3F-40,休,,確認中・未確定
2026-10-09,金,3F-40,職員3F-40,遅,10:00～19:00,確認中・未確定
2026-10-10,土,3F-40,職員3F-40,遅,10:00～19:00,確認中・未確定
2026-10-11,日,3F-40,職員3F-40,早,07:00～16:00,確認中・未確定
2026-10-05,月,3F-41,職員3F-41,休,,確認中・未確定
2026-10-06,火,3F-41,職員3F-41,休,,確認中・未確定
2026-10-07,水,3F-41,職員3F-41,休,,確認中・未確定
2026-10-08,木,3F-41,職員3F-41,休,,確認中・未確定
2026-10-09,金,3F-41,職員3F-41,遅,10:00～19:00,確認中・未確定
2026-10-10,土,3F-41,職員3F-41,遅,10:00～19:00,確認中・未確定
2026-10-11,日,3F-41,職員3F-41,早,07:00～16:00,確認中・未確定
2026-10-05,月,3F-42,職員3F-42,休,,確認中・未確定
2026-10-06,火,3F-42,職員3F-42,休,,確認中・未確定
2026-10-07,水,3F-42,職員3F-42,休,,確認中・未確定
2026-10-08,木,3F-42,職員3F-42,休,,確認中・未確定
2026-10-09,金,3F-42,職員3F-42,遅,10:00～19:00,確認中・未確定
2026-10-10,土,3F-42,職員3F-42,遅,10:00～19:00,確認中・未確定
2026-10-11,日,3F-42,職員3F-42,早,07:00～16:00,確認中・未確定
2026-10-05,月,3F-43,職員3F-43,休,,確認中・未確定
2026-10-06,火,3F-43,職員3F-43,休,,確認中・未確定
2026-10-07,水,3F-43,職員3F-43,休,,確認中・未確定
2026-10-08,木,3F-43,職員3F-43,休,,確認中・未確定
2026-10-09,金,3F-43,職員3F-43,遅,10:00～19:00,確認中・未確定
2026-10-10,土,3F-43,職員3F-43,遅,10:00～19:00,確認中・未確定
2026-10-11,日,3F-43,職員3F-43,早,07:00～16:00,確認中・未確定
2026-10-05,月,3F-44,職員3F-44,休,,確認中・未確定
2026-10-06,火,3F-44,職員3F-44,休,,確認中・未確定
2026-10-07,水,3F-44,職員3F-44,休,,確認中・未確定
2026-10-08,木,3F-44,職員3F-44,休,,確認中・未確定
2026-10-09,金,3F-44,職員3F-44,遅,10:00～19:00,確認中・未確定
2026-10-10,土,3F-44,職員3F-44,早,07:00～16:00,確認中・未確定
2026-10-11,日,3F-44,職員3F-44,遅,10:00～19:00,確認中・未確定
2026-10-05,月,3F-45,職員3F-45,休,,確認中・未確定
2026-10-06,火,3F-45,職員3F-45,休,,確認中・未確定
2026-10-07,水,3F-45,職員3F-45,休,,確認中・未確定
2026-10-08,木,3F-45,職員3F-45,休,,確認中・未確定
2026-10-09,金,3F-45,職員3F-45,休,,確認中・未確定
2026-10-10,土,3F-45,職員3F-45,休,,確認中・未確定
2026-10-11,日,3F-45,職員3F-45,早,07:00～16:00,確認中・未確定
2026-10-05,月,3F-46,職員3F-46,休,,確認中・未確定
2026-10-06,火,3F-46,職員3F-46,休,,確認中・未確定
2026-10-07,水,3F-46,職員3F-46,休,,確認中・未確定
2026-10-08,木,3F-46,職員3F-46,休,,確認中・未確定
2026-10-09,金,3F-46,職員3F-46,休,,確認中・未確定
2026-10-10,土,3F-46,職員3F-46,休,,確認中・未確定
2026-10-11,日,3F-46,職員3F-46,早,07:00～16:00,確認中・未確定
2026-10-05,月,3F-47,職員3F-47,休,,確認中・未確定
2026-10-06,火,3F-47,職員3F-47,休,,確認中・未確定
2026-10-07,水,3F-47,職員3F-47,休,,確認中・未確定
2026-10-08,木,3F-47,職員3F-47,休,,確認中・未確定
2026-10-09,金,3F-47,職員3F-47,休,,確認中・未確定
2026-10-10,土,3F-47,職員3F-47,休,,確認中・未確定
2026-10-11,日,3F-47,職員3F-47,早,07:00～16:00,確認中・未確定
2026-10-05,月,3F-48,職員3F-48,休,,確認中・未確定
2026-10-06,火,3F-48,職員3F-48,休,,確認中・未確定
2026-10-07,水,3F-48,職員3F-48,休,,確認中・未確定
2026-10-08,木,3F-48,職員3F-48,休,,確認中・未確定
2026-10-09,金,3F-48,職員3F-48,休,,確認中・未確定
2026-10-10,土,3F-48,職員3F-48,休,,確認中・未確定
2026-10-11,日,3F-48,職員3F-48,早,07:00～16:00,確認中・未確定
2026-10-05,月,3F-49,職員3F-49,休,,確認中・未確定
2026-10-06,火,3F-49,職員3F-49,休,,確認中・未確定
2026-10-07,水,3F-49,職員3F-49,休,,確認中・未確定
2026-10-08,木,3F-49,職員3F-49,休,,確認中・未確定
2026-10-09,金,3F-49,職員3F-49,休,,確認中・未確定
2026-10-10,土,3F-49,職員3F-49,休,,確認中・未確定
2026-10-11,日,3F-49,職員3F-49,遅,10:00～19:00,確認中・未確定
2026-10-05,月,3F-50,職員3F-50,休,,確認中・未確定
2026-10-06,火,3F-50,職員3F-50,休,,確認中・未確定
2026-10-07,水,3F-50,職員3F-50,休,,確認中・未確定
2026-10-08,木,3F-50,職員3F-50,休,,確認中・未確定
2026-10-09,金,3F-50,職員3F-50,休,,確認中・未確定
2026-10-10,土,3F-50,職員3F-50,休,,確認中・未確定
2026-10-11,日,3F-50,職員3F-50,遅,10:00～19:00,確認中・未確定
2026-10-05,月,3F-51,職員3F-51,休,,確認中・未確定
2026-10-06,火,3F-51,職員3F-51,休,,確認中・未確定
2026-10-07,水,3F-51,職員3F-51,休,,確認中・未確定
2026-10-08,木,3F-51,職員3F-51,休,,確認中・未確定
2026-10-09,金,3F-51,職員3F-51,休,,確認中・未確定
2026-10-10,土,3F-51,職員3F-51,休,,確認中・未確定
2026-10-11,日,3F-51,職員3F-51,遅,10:00～19:00,確認中・未確定
2026-10-05,月,3F-52,職員3F-52,休,,確認中・未確定
2026-10-06,火,3F-52,職員3F-52,休,,確認中・未確定
2026-10-07,水,3F-52,職員3F-52,休,,確認中・未確定
2026-10-08,木,3F-52,職員3F-52,休,,確認中・未確定
2026-10-09,金,3F-52,職員3F-52,休,,確認中・未確定
2026-10-10,土,3F-52,職員3F-52,休,,確認中・未確定
2026-10-11,日,3F-52,職員3F-52,遅,10:00～19:00,確認中・未確定
2026-10-05,月,3F-53,職員3F-53,休,,確認中・未確定
2026-10-06,火,3F-53,職員3F-53,休,,確認中・未確定
2026-10-07,水,3F-53,職員3F-53,休,,確認中・未確定
2026-10-08,木,3F-53,職員3F-53,休,,確認中・未確定
2026-10-09,金,3F-53,職員3F-53,休,,確認中・未確定
2026-10-10,土,3F-53,職員3F-53,休,,確認中・未確定
2026-10-11,日,3F-53,職員3F-53,遅,10:00～19:00,確認中・未確定
