staff_id,period,work_hours,contract_hours
1F-01,2026-10-05,31.0,40.0
1F-01,2026-09-28,5.0,40.0
1F-01,2026-10-12,14.0,40.0
1F-02,2026-10-05,31.0,40.0
1F-02,2026-09-28,5.0,40.0
1F-02,2026-10-12,14.0,40.0
1F-03,2026-10-05,29.0,40.0
1F-03,2026-09-28,7.0,40.0
1F-03,2026-10-12,8.0,40.0
1F-04,2026-10-05,29.0,40.0
1F-04,2026-09-28,7.0,40.0
1F-04,2026-10-12,8.0,40.0
1F-05,2026-10-05,30.0,40.0
1F-05,2026-10-12,8.0,40.0
1F-05,2026-09-28,8.0,40.0
1F-06,2026-10-05,30.0,40.0
1F-06,2026-10-12,8.0,40.0
1F-06,2026-09-28,8.0,40.0
1F-07,2026-10-05,28.0,40.0
1F-07,2026-10-12,8.0,40.0
1F-07,2026-09-28,8.0,40.0
1F-08,2026-10-05,28.0,40.0
1F-08,2026-10-12,8.0,40.0
1F-08,2026-09-28,8.0,40.0
1F-09,2026-10-05,27.0,40.0
1F-09,2026-10-12,9.0,40.0
1F-09,2026-09-28,8.0,40.0
1F-10,2026-10-05,27.0,40.0
1F-10,2026-09-28,8.0,40.0
1F-10,2026-10-12,9.0,40.0
1F-11,2026-09-28,8.0,40.0
1F-11,2026-10-05,30.0,40.0
1F-11,2026-10-12,14.0,40.0
1F-12,2026-10-05,30.0,40.0
1F-12,2026-09-28,8.0,40.0
1F-12,2026-10-12,14.0,40.0
1F-13,2026-10-05,30.0,40.0
1F-13,2026-09-28,8.0,40.0
1F-13,2026-10-12,8.0,40.0
1F-14,2026-09-28,8.0,40.0
1F-14,2026-10-05,30.0,40.0
1F-14,2026-10-12,8.0,40.0
1F-15,2026-10-05,32.0,40.0
1F-15,2026-10-12,8.0,40.0
1F-16,2026-10-05,32.0,40.0
1F-16,2026-10-12,8.0,40.0
1F-23,2026-10-05,7.0,9.0
1F-23,2026-10-12,3.0,9.0
1F-23,2026-09-28,2.0,9.0
1F-24,2026-10-05,6.0,9.0
2F-01,2026-09-28,6.0,40.0
2F-01,2026-10-12,8.0,40.0
2F-01,2026-10-05,30.0,40.0
2F-02,2026-09-28,7.0,40.0
2F-02,2026-10-12,8.0,40.0
2F-02,2026-10-05,29.0,40.0
2F-03,2026-10-05,28.0,40.0
2F-03,2026-10-12,8.0,40.0
2F-03,2026-09-28,8.0,40.0
2F-04,2026-10-05,28.0,40.0
2F-04,2026-10-12,8.0,40.0
2F-04,2026-09-28,8.0,40.0
2F-05,2026-10-05,30.0,40.0
2F-05,2026-10-12,8.0,40.0
2F-05,2026-09-28,8.0,40.0
2F-06,2026-10-05,31.0,40.0
2F-06,2026-10-12,7.0,40.0
2F-06,2026-09-28,8.0,40.0
2F-07,2026-10-05,28.0,40.0
2F-07,2026-10-12,8.0,40.0
2F-07,2026-09-28,8.0,40.0
2F-08,2026-10-05,28.0,40.0
2F-08,2026-09-28,8.0,40.0
2F-08,2026-10-12,8.0,40.0
2F-09,2026-10-05,30.0,40.0
2F-09,2026-09-28,8.0,40.0
2F-09,2026-10-12,14.0,40.0
2F-10,2026-10-05,30.0,40.0
2F-10,2026-09-28,8.0,40.0
2F-10,2026-10-12,14.0,40.0
2F-11,2026-10-05,30.0,40.0
2F-11,2026-09-28,8.0,40.0
2F-11,2026-10-12,8.0,40.0
2F-12,2026-10-05,30.0,40.0
2F-12,2026-09-28,8.0,40.0
2F-12,2026-10-12,8.0,40.0
2F-13,2026-10-05,30.0,40.0
2F-13,2026-10-12,8.0,40.0
2F-14,2026-10-05,30.0,40.0
2F-14,2026-10-12,8.0,40.0
2F-15,2026-10-05,32.0,40.0
2F-16,2026-10-05,32.0,40.0
2F-17,2026-10-05,5.0,12.0
2F-19,2026-10-05,5.0,12.0
2F-23,2026-10-05,3.0,9.0
2F-24,2026-10-12,6.0,9.0
2F-24,2026-10-05,9.0,9.0
3F-01,2026-10-05,28.0,40.0
3F-01,2026-09-28,7.0,40.0
3F-01,2026-10-12,7.0,40.0
3F-02,2026-10-05,28.0,40.0
3F-02,2026-09-28,7.0,40.0
3F-02,2026-10-12,7.0,40.0
3F-03,2026-10-05,30.0,40.0
3F-03,2026-10-12,14.0,40.0
3F-03,2026-09-28,8.0,40.0
3F-04,2026-10-05,29.0,40.0
3F-04,2026-10-12,7.0,40.0
3F-04,2026-09-28,8.0,40.0
3F-05,2026-10-05,29.0,40.0
3F-05,2026-10-12,7.0,40.0
3F-05,2026-09-28,8.0,40.0
3F-06,2026-10-05,30.0,40.0
3F-06,2026-10-12,14.0,40.0
3F-06,2026-09-28,8.0,40.0
3F-07,2026-10-05,30.0,40.0
3F-07,2026-10-12,8.0,40.0
3F-07,2026-09-28,8.0,40.0
3F-08,2026-10-05,30.0,40.0
3F-08,2026-09-28,8.0,40.0
3F-08,2026-10-12,8.0,40.0
3F-09,2026-10-05,30.0,40.0
3F-09,2026-09-28,8.0,40.0
3F-09,2026-10-12,8.0,40.0
3F-10,2026-10-05,30.0,40.0
3F-10,2026-09-28,8.0,40.0
3F-10,2026-10-12,8.0,40.0
3F-11,2026-10-05,30.0,40.0
3F-11,2026-09-28,8.0,40.0
3F-11,2026-10-12,8.0,40.0
3F-12,2026-10-05,30.0,40.0
3F-12,2026-09-28,8.0,40.0
3F-12,2026-10-12,8.0,40.0
3F-13,2026-10-05,30.0,40.0
3F-13,2026-10-12,8.0,40.0
3F-14,2026-10-05,30.0,40.0
3F-14,2026-10-12,8.0,40.0
3F-15,2026-10-05,32.0,40.0
3F-15,2026-10-12,8.0,40.0
3F-16,2026-10-05,32.0,40.0
3F-16,2026-10-12,8.0,40.0
3F-18,2026-09-28,5.0,12.0
3F-18,2026-10-05,5.0,12.0
3F-20,2026-10-05,5.0,12.0
3F-24,2026-10-05,6.0,9.0
1F-25,2026-10-05,20.0,40.0
1F-25,2026-10-12,8.0,40.0
1F-26,2026-10-05,19.0,40.0
1F-26,2026-10-12,1.0,40.0
1F-27,2026-10-05,32.0,40.0
1F-28,2026-10-05,32.0,40.0
1F-29,2026-10-05,32.0,40.0
2F-25,2026-10-05,32.0,40.0
2F-26,2026-10-05,32.0,40.0
2F-27,2026-10-05,32.0,40.0
2F-28,2026-10-05,32.0,40.0
3F-25,2026-10-05,32.0,40.0
3F-26,2026-10-05,32.0,40.0
3F-27,2026-10-05,32.0,40.0
3F-28,2026-10-05,32.0,40.0
3F-29,2026-10-05,32.0,40.0
3F-30,2026-10-05,32.0,40.0
1F-30,2026-10-05,32.0,40.0
3F-31,2026-10-05,32.0,40.0
3F-32,2026-10-05,32.0,40.0
3F-33,2026-10-05,32.0,40.0
3F-34,2026-10-05,32.0,40.0
2F-29,2026-10-05,24.0,40.0
2F-30,2026-10-05,24.0,40.0
2F-31,2026-10-05,24.0,40.0
2F-32,2026-10-05,24.0,40.0
2F-33,2026-10-05,24.0,40.0
3F-35,2026-10-05,24.0,40.0
3F-36,2026-10-05,24.0,40.0
3F-37,2026-10-05,24.0,40.0
3F-38,2026-10-05,24.0,40.0
3F-39,2026-10-05,24.0,40.0
3F-40,2026-10-05,24.0,40.0
3F-41,2026-10-05,24.0,40.0
3F-42,2026-10-05,24.0,40.0
3F-43,2026-10-05,24.0,40.0
3F-44,2026-10-05,24.0,40.0
1F-31,2026-10-05,24.0,40.0
3F-45,2026-10-05,8.0,40.0
3F-46,2026-10-05,8.0,40.0
3F-47,2026-10-05,8.0,40.0
3F-48,2026-10-05,8.0,40.0
3F-49,2026-10-05,8.0,40.0
3F-50,2026-10-05,8.0,40.0
3F-51,2026-10-05,8.0,40.0
3F-52,2026-10-05,8.0,40.0
3F-53,2026-10-05,8.0,40.0
