職員ID,期間,実働時間,契約時間
1F-01,2026-09-28,28.0,40.0
1F-01,2026-10-05,29.0,40.0
1F-01,2026-10-12,29.0,40.0
1F-01,2026-10-19,32.0,40.0
1F-01,2026-10-26,32.0,40.0
1F-02,2026-09-28,28.0,40.0
1F-02,2026-10-05,30.0,40.0
1F-02,2026-10-12,28.0,40.0
1F-02,2026-10-19,32.0,40.0
1F-02,2026-10-26,32.0,40.0
1F-03,2026-09-28,28.0,40.0
1F-03,2026-10-05,30.0,40.0
1F-03,2026-10-12,28.0,40.0
1F-03,2026-10-19,32.0,40.0
1F-03,2026-10-26,32.0,40.0
1F-04,2026-09-28,28.0,40.0
1F-04,2026-10-05,30.0,40.0
1F-04,2026-10-12,28.0,40.0
1F-04,2026-10-19,32.0,40.0
1F-04,2026-10-26,32.0,40.0
1F-05,2026-09-28,22.0,40.0
1F-05,2026-10-05,30.0,40.0
1F-05,2026-10-12,28.0,40.0
1F-05,2026-10-19,30.0,40.0
1F-05,2026-10-26,32.0,40.0
1F-06,2026-09-28,22.0,40.0
1F-06,2026-10-05,30.0,40.0
1F-06,2026-10-12,27.0,40.0
1F-06,2026-10-19,31.0,40.0
1F-06,2026-10-26,32.0,40.0
1F-07,2026-09-28,22.0,40.0
1F-07,2026-10-05,28.0,40.0
1F-07,2026-10-12,19.0,40.0
1F-07,2026-10-19,33.0,40.0
1F-07,2026-10-26,32.0,40.0
1F-08,2026-09-28,22.0,40.0
1F-08,2026-10-05,28.0,40.0
1F-08,2026-10-12,30.0,40.0
1F-08,2026-10-19,30.0,40.0
1F-08,2026-10-26,32.0,40.0
1F-09,2026-09-28,14.0,40.0
1F-09,2026-10-05,27.0,40.0
1F-09,2026-10-12,31.0,40.0
1F-09,2026-10-19,30.0,40.0
1F-09,2026-10-26,32.0,40.0
1F-10,2026-09-28,14.0,40.0
1F-10,2026-10-05,27.0,40.0
1F-10,2026-10-12,23.0,40.0
1F-10,2026-10-19,30.0,40.0
1F-10,2026-10-26,32.0,40.0
1F-11,2026-09-28,13.0,40.0
1F-11,2026-10-05,31.0,40.0
1F-11,2026-10-12,30.0,40.0
1F-11,2026-10-19,28.0,40.0
1F-11,2026-10-26,32.0,40.0
1F-12,2026-09-28,13.0,40.0
1F-12,2026-10-05,31.0,40.0
1F-12,2026-10-12,30.0,40.0
1F-12,2026-10-19,28.0,40.0
1F-12,2026-10-26,32.0,40.0
1F-13,2026-09-28,24.0,40.0
1F-13,2026-10-05,30.0,40.0
1F-13,2026-10-12,30.0,40.0
1F-13,2026-10-19,28.0,40.0
1F-13,2026-10-26,30.0,40.0
1F-14,2026-09-28,24.0,40.0
1F-14,2026-10-05,30.0,40.0
1F-14,2026-10-12,30.0,40.0
1F-14,2026-10-19,27.0,40.0
1F-14,2026-10-26,31.0,40.0
1F-15,2026-09-28,24.0,40.0
1F-15,2026-10-05,32.0,40.0
1F-15,2026-10-12,32.0,40.0
1F-15,2026-10-19,32.0,40.0
1F-15,2026-10-26,32.0,40.0
1F-16,2026-09-28,24.0,40.0
1F-16,2026-10-05,32.0,40.0
1F-16,2026-10-12,32.0,40.0
1F-16,2026-10-19,32.0,40.0
1F-16,2026-10-26,32.0,40.0
1F-23,2026-09-28,8.0,9.0
1F-23,2026-10-05,7.0,9.0
1F-23,2026-10-12,9.0,9.0
1F-23,2026-10-19,9.0,9.0
1F-23,2026-10-26,8.0,9.0
1F-23,2026-11-02,1.0,9.0
1F-24,2026-09-28,3.0,9.0
1F-24,2026-10-05,6.0,9.0
1F-24,2026-10-12,6.0,9.0
1F-24,2026-10-19,6.0,9.0
1F-24,2026-10-26,6.0,9.0
1F-25,2026-09-28,17.0,40.0
1F-25,2026-10-05,20.0,40.0
1F-25,2026-10-12,20.0,40.0
1F-25,2026-10-19,30.0,40.0
1F-25,2026-10-26,7.0,40.0
1F-26,2026-09-28,21.0,40.0
1F-26,2026-10-05,24.0,40.0
1F-26,2026-10-12,28.0,40.0
1F-26,2026-10-19,9.0,40.0
1F-26,2026-10-26,14.0,40.0
1F-27,2026-09-28,24.0,40.0
1F-27,2026-10-05,32.0,40.0
1F-27,2026-10-12,32.0,40.0
1F-27,2026-10-19,28.0,40.0
1F-27,2026-10-26,28.0,40.0
1F-28,2026-09-28,24.0,40.0
1F-28,2026-10-05,32.0,40.0
1F-28,2026-10-12,24.0,40.0
1F-28,2026-10-19,28.0,40.0
1F-28,2026-10-26,28.0,40.0
1F-29,2026-09-28,24.0,40.0
1F-29,2026-10-05,32.0,40.0
1F-29,2026-10-12,24.0,40.0
1F-29,2026-10-19,28.0,40.0
1F-29,2026-10-26,28.0,40.0
1F-30,2026-09-28,24.0,40.0
1F-30,2026-10-05,32.0,40.0
1F-30,2026-10-12,24.0,40.0
1F-30,2026-10-19,19.0,40.0
1F-30,2026-10-26,30.0,40.0
1F-30,2026-11-02,7.0,40.0
1F-31,2026-09-28,24.0,40.0
1F-31,2026-10-05,32.0,40.0
1F-31,2026-10-12,24.0,40.0
1F-31,2026-10-19,21.0,40.0
1F-31,2026-10-26,28.0,40.0
1F-31,2026-11-02,7.0,40.0
1F-32,2026-09-28,24.0,40.0
1F-32,2026-10-05,32.0,40.0
1F-32,2026-10-12,24.0,40.0
1F-32,2026-10-19,22.0,40.0
1F-32,2026-10-26,28.0,40.0
1F-33,2026-09-28,24.0,40.0
1F-33,2026-10-05,32.0,40.0
1F-33,2026-10-12,24.0,40.0
1F-33,2026-10-19,31.0,40.0
1F-33,2026-10-26,28.0,40.0
1F-33,2026-11-02,7.0,40.0
1F-34,2026-09-28,24.0,40.0
1F-34,2026-10-05,32.0,40.0
1F-34,2026-10-12,24.0,40.0
1F-34,2026-10-19,32.0,40.0
1F-34,2026-10-26,28.0,40.0
1F-35,2026-09-28,24.0,40.0
1F-35,2026-10-05,32.0,40.0
1F-35,2026-10-12,24.0,40.0
1F-35,2026-10-19,32.0,40.0
1F-35,2026-10-26,28.0,40.0
1F-36,2026-09-28,24.0,40.0
1F-36,2026-10-05,32.0,40.0
1F-36,2026-10-12,24.0,40.0
1F-36,2026-10-19,24.0,40.0
1F-36,2026-10-26,28.0,40.0
1F-37,2026-09-28,16.0,40.0
1F-37,2026-10-05,32.0,40.0
1F-37,2026-10-12,24.0,40.0
1F-37,2026-10-19,24.0,40.0
1F-37,2026-10-26,19.0,40.0
1F-37,2026-11-02,9.0,40.0
1F-38,2026-09-28,16.0,40.0
1F-38,2026-10-05,32.0,40.0
1F-38,2026-10-12,24.0,40.0
1F-38,2026-10-19,24.0,40.0
1F-38,2026-10-26,19.0,40.0
1F-38,2026-11-02,9.0,40.0
1F-39,2026-09-28,16.0,40.0
1F-39,2026-10-05,32.0,40.0
1F-39,2026-10-12,24.0,40.0
1F-39,2026-10-19,24.0,40.0
1F-39,2026-10-26,20.0,40.0
1F-39,2026-11-02,8.0,40.0
1F-40,2026-09-28,16.0,40.0
1F-40,2026-10-05,32.0,40.0
1F-40,2026-10-12,24.0,40.0
1F-40,2026-10-19,24.0,40.0
1F-40,2026-10-26,21.0,40.0
1F-40,2026-11-02,7.0,40.0
1F-41,2026-09-28,16.0,40.0
1F-41,2026-10-05,32.0,40.0
1F-41,2026-10-12,24.0,40.0
1F-41,2026-10-19,24.0,40.0
1F-41,2026-10-26,30.0,40.0
1F-42,2026-09-28,16.0,40.0
1F-42,2026-10-05,32.0,40.0
1F-42,2026-10-12,24.0,40.0
1F-42,2026-10-19,24.0,40.0
1F-42,2026-10-26,30.0,40.0
1F-43,2026-09-28,16.0,40.0
1F-43,2026-10-05,32.0,40.0
1F-43,2026-10-12,24.0,40.0
1F-43,2026-10-19,24.0,40.0
1F-43,2026-10-26,31.0,40.0
1F-43,2026-11-02,7.0,40.0
2F-01,2026-09-28,28.0,40.0
2F-01,2026-10-05,30.0,40.0
2F-01,2026-10-12,28.0,40.0
2F-01,2026-10-19,32.0,40.0
2F-01,2026-10-26,32.0,40.0
2F-02,2026-09-28,29.0,40.0
2F-02,2026-10-05,29.0,40.0
2F-02,2026-10-12,29.0,40.0
2F-02,2026-10-19,31.0,40.0
2F-02,2026-10-26,32.0,40.0
2F-03,2026-09-28,29.0,40.0
2F-03,2026-10-05,29.0,40.0
2F-03,2026-10-12,29.0,40.0
2F-03,2026-10-19,31.0,40.0
2F-03,2026-10-26,32.0,40.0
2F-04,2026-09-28,30.0,40.0
2F-04,2026-10-05,28.0,40.0
2F-04,2026-10-12,30.0,40.0
2F-04,2026-10-19,30.0,40.0
2F-04,2026-10-26,32.0,40.0
2F-05,2026-09-28,30.0,40.0
2F-05,2026-10-05,28.0,40.0
2F-05,2026-10-12,30.0,40.0
2F-05,2026-10-19,30.0,40.0
2F-05,2026-10-26,32.0,40.0
2F-06,2026-09-28,22.0,40.0
2F-06,2026-10-05,31.0,40.0
2F-06,2026-10-12,30.0,40.0
2F-06,2026-10-19,29.0,40.0
2F-06,2026-10-26,30.0,40.0
2F-07,2026-09-28,22.0,40.0
2F-07,2026-10-05,28.0,40.0
2F-07,2026-10-12,30.0,40.0
2F-07,2026-10-19,30.0,40.0
2F-07,2026-10-26,32.0,40.0
2F-08,2026-09-28,22.0,40.0
2F-08,2026-10-05,28.0,40.0
2F-08,2026-10-12,30.0,40.0
2F-08,2026-10-19,30.0,40.0
2F-08,2026-10-26,32.0,40.0
2F-09,2026-09-28,32.0,40.0
2F-09,2026-10-05,30.0,40.0
2F-09,2026-10-12,30.0,40.0
2F-09,2026-10-19,28.0,40.0
2F-09,2026-10-26,30.0,40.0
2F-10,2026-09-28,32.0,40.0
2F-10,2026-10-05,30.0,40.0
2F-10,2026-10-12,30.0,40.0
2F-10,2026-10-19,28.0,40.0
2F-10,2026-10-26,30.0,40.0
2F-11,2026-09-28,32.0,40.0
2F-11,2026-10-05,30.0,40.0
2F-11,2026-10-12,30.0,40.0
2F-11,2026-10-19,29.0,40.0
2F-11,2026-10-26,29.0,40.0
2F-12,2026-09-28,32.0,40.0
2F-12,2026-10-05,30.0,40.0
2F-12,2026-10-12,30.0,40.0
2F-12,2026-10-19,30.0,40.0
2F-12,2026-10-26,28.0,40.0
2F-13,2026-09-28,32.0,40.0
2F-13,2026-10-05,30.0,40.0
2F-13,2026-10-12,30.0,40.0
2F-13,2026-10-19,30.0,40.0
2F-13,2026-10-26,28.0,40.0
2F-14,2026-09-28,32.0,40.0
2F-14,2026-10-05,30.0,40.0
2F-14,2026-10-12,30.0,40.0
2F-14,2026-10-19,30.0,40.0
2F-14,2026-10-26,28.0,40.0
2F-15,2026-09-28,32.0,40.0
2F-15,2026-10-05,32.0,40.0
2F-15,2026-10-12,32.0,40.0
2F-15,2026-10-19,32.0,40.0
2F-15,2026-10-26,32.0,40.0
2F-16,2026-09-28,32.0,40.0
2F-16,2026-10-05,32.0,40.0
2F-16,2026-10-12,32.0,40.0
2F-16,2026-10-19,32.0,40.0
2F-16,2026-10-26,32.0,40.0
2F-17,2026-09-28,5.0,12.0
2F-17,2026-10-05,5.0,12.0
2F-17,2026-10-12,5.0,12.0
2F-17,2026-10-19,5.0,12.0
2F-17,2026-10-26,5.0,12.0
2F-19,2026-10-05,5.0,12.0
2F-19,2026-10-12,5.0,12.0
2F-19,2026-10-19,5.0,12.0
2F-19,2026-10-26,5.0,12.0
2F-23,2026-09-28,3.0,9.0
2F-23,2026-10-05,3.0,9.0
2F-23,2026-10-12,3.0,9.0
2F-24,2026-09-28,9.0,9.0
2F-24,2026-10-05,9.0,9.0
2F-24,2026-10-12,9.0,9.0
2F-24,2026-10-19,9.0,9.0
2F-24,2026-10-26,9.0,9.0
2F-24,2026-11-02,3.0,9.0
2F-25,2026-09-28,32.0,40.0
2F-25,2026-10-05,32.0,40.0
2F-25,2026-10-12,32.0,40.0
2F-25,2026-10-19,32.0,40.0
2F-25,2026-10-26,30.0,40.0
2F-26,2026-10-05,8.0,40.0
2F-26,2026-10-12,32.0,40.0
2F-26,2026-10-19,32.0,40.0
2F-26,2026-10-26,32.0,40.0
2F-27,2026-10-05,8.0,40.0
2F-27,2026-10-12,32.0,40.0
2F-27,2026-10-19,32.0,40.0
2F-27,2026-10-26,32.0,40.0
2F-28,2026-10-05,8.0,40.0
2F-28,2026-10-12,32.0,40.0
2F-28,2026-10-19,32.0,40.0
2F-28,2026-10-26,32.0,40.0
2F-29,2026-10-05,8.0,40.0
2F-29,2026-10-12,32.0,40.0
2F-29,2026-10-19,32.0,40.0
2F-29,2026-10-26,32.0,40.0
2F-30,2026-10-05,8.0,40.0
2F-30,2026-10-12,32.0,40.0
2F-30,2026-10-19,32.0,40.0
2F-30,2026-10-26,32.0,40.0
3F-01,2026-09-28,29.0,40.0
3F-01,2026-10-05,28.0,40.0
3F-01,2026-10-12,21.0,40.0
3F-01,2026-10-19,24.0,40.0
3F-01,2026-10-26,24.0,40.0
3F-02,2026-09-28,29.0,40.0
3F-02,2026-10-05,29.0,40.0
3F-02,2026-10-12,21.0,40.0
3F-02,2026-10-19,23.0,40.0
3F-02,2026-10-26,24.0,40.0
3F-03,2026-09-28,30.0,40.0
3F-03,2026-10-05,30.0,40.0
3F-03,2026-10-12,21.0,40.0
3F-03,2026-10-19,21.0,40.0
3F-03,2026-10-26,24.0,40.0
3F-04,2026-09-28,30.0,40.0
3F-04,2026-10-05,29.0,40.0
3F-04,2026-10-12,21.0,40.0
3F-04,2026-10-19,22.0,40.0
3F-04,2026-10-26,24.0,40.0
3F-05,2026-09-28,30.0,40.0
3F-05,2026-10-05,29.0,40.0
3F-05,2026-10-12,21.0,40.0
3F-05,2026-10-19,22.0,40.0
3F-05,2026-10-26,24.0,40.0
3F-06,2026-09-28,30.0,40.0
3F-06,2026-10-05,30.0,40.0
3F-06,2026-10-12,22.0,40.0
3F-06,2026-10-19,28.0,40.0
3F-06,2026-10-26,24.0,40.0
3F-07,2026-09-28,22.0,40.0
3F-07,2026-10-05,30.0,40.0
3F-07,2026-10-12,22.0,40.0
3F-07,2026-10-19,21.0,40.0
3F-07,2026-10-26,23.0,40.0
3F-08,2026-09-28,22.0,40.0
3F-08,2026-10-05,30.0,40.0
3F-08,2026-10-12,22.0,40.0
3F-08,2026-10-19,21.0,40.0
3F-08,2026-10-26,23.0,40.0
3F-09,2026-09-28,32.0,40.0
3F-09,2026-10-05,30.0,40.0
3F-09,2026-10-12,22.0,40.0
3F-09,2026-10-19,22.0,40.0
3F-09,2026-10-26,28.0,40.0
3F-10,2026-09-28,32.0,40.0
3F-10,2026-10-05,30.0,40.0
3F-10,2026-10-12,22.0,40.0
3F-10,2026-10-19,22.0,40.0
3F-10,2026-10-26,28.0,40.0
3F-11,2026-09-28,32.0,40.0
3F-11,2026-10-05,30.0,40.0
3F-11,2026-10-12,22.0,40.0
3F-11,2026-10-19,22.0,40.0
3F-11,2026-10-26,28.0,40.0
3F-12,2026-09-28,32.0,40.0
3F-12,2026-10-05,30.0,40.0
3F-12,2026-10-12,22.0,40.0
3F-12,2026-10-19,22.0,40.0
3F-12,2026-10-26,28.0,40.0
3F-13,2026-09-28,32.0,40.0
3F-13,2026-10-05,30.0,40.0
3F-13,2026-10-12,22.0,40.0
3F-13,2026-10-19,22.0,40.0
3F-13,2026-10-26,28.0,40.0
3F-14,2026-09-28,32.0,40.0
3F-14,2026-10-05,30.0,40.0
3F-14,2026-10-12,14.0,40.0
3F-14,2026-10-19,14.0,40.0
3F-14,2026-10-26,28.0,40.0
3F-15,2026-09-28,32.0,40.0
3F-15,2026-10-05,32.0,40.0
3F-15,2026-10-12,24.0,40.0
3F-15,2026-10-19,24.0,40.0
3F-15,2026-10-26,24.0,40.0
3F-16,2026-09-28,32.0,40.0
3F-16,2026-10-05,32.0,40.0
3F-16,2026-10-12,24.0,40.0
3F-16,2026-10-19,24.0,40.0
3F-16,2026-10-26,24.0,40.0
3F-18,2026-09-28,5.0,12.0
3F-18,2026-10-05,5.0,12.0
3F-18,2026-10-12,5.0,12.0
3F-18,2026-10-19,5.0,12.0
3F-18,2026-10-26,5.0,12.0
3F-20,2026-09-28,5.0,12.0
3F-20,2026-10-05,5.0,12.0
3F-20,2026-10-12,5.0,12.0
3F-20,2026-10-19,5.0,12.0
3F-20,2026-10-26,5.0,12.0
3F-23,2026-10-05,2.0,9.0
3F-23,2026-10-12,3.0,9.0
3F-23,2026-10-19,1.0,9.0
3F-24,2026-10-05,6.0,9.0
3F-24,2026-10-12,6.0,9.0
3F-24,2026-10-19,6.0,9.0
3F-24,2026-10-26,6.0,9.0
3F-25,2026-10-05,32.0,40.0
3F-25,2026-10-12,24.0,40.0
3F-25,2026-10-19,24.0,40.0
3F-25,2026-10-26,24.0,40.0
3F-26,2026-10-05,24.0,40.0
3F-26,2026-10-12,24.0,40.0
3F-26,2026-10-19,24.0,40.0
3F-26,2026-10-26,24.0,40.0
3F-27,2026-10-05,24.0,40.0
3F-27,2026-10-12,24.0,40.0
3F-27,2026-10-19,24.0,40.0
3F-27,2026-10-26,24.0,40.0
3F-28,2026-10-05,24.0,40.0
3F-28,2026-10-12,24.0,40.0
3F-28,2026-10-19,24.0,40.0
3F-28,2026-10-26,24.0,40.0
3F-29,2026-10-05,24.0,40.0
3F-29,2026-10-12,24.0,40.0
3F-29,2026-10-19,24.0,40.0
3F-29,2026-10-26,16.0,40.0
3F-30,2026-10-05,24.0,40.0
3F-30,2026-10-12,24.0,40.0
3F-30,2026-10-19,24.0,40.0
3F-30,2026-10-26,16.0,40.0
3F-31,2026-10-05,24.0,40.0
3F-31,2026-10-12,24.0,40.0
3F-31,2026-10-19,24.0,40.0
3F-31,2026-10-26,16.0,40.0
3F-32,2026-10-05,24.0,40.0
3F-32,2026-10-12,24.0,40.0
3F-32,2026-10-19,24.0,40.0
3F-32,2026-10-26,16.0,40.0
3F-33,2026-10-05,24.0,40.0
3F-33,2026-10-12,24.0,40.0
3F-33,2026-10-19,24.0,40.0
3F-33,2026-10-26,16.0,40.0
3F-34,2026-10-05,24.0,40.0
3F-34,2026-10-12,24.0,40.0
3F-34,2026-10-19,24.0,40.0
3F-34,2026-10-26,16.0,40.0
3F-35,2026-10-05,16.0,40.0
3F-35,2026-10-12,24.0,40.0
3F-35,2026-10-19,24.0,40.0
3F-35,2026-10-26,16.0,40.0
3F-36,2026-10-05,16.0,40.0
3F-36,2026-10-12,24.0,40.0
3F-36,2026-10-19,24.0,40.0
3F-36,2026-10-26,16.0,40.0
3F-37,2026-10-05,16.0,40.0
3F-37,2026-10-12,24.0,40.0
3F-37,2026-10-19,24.0,40.0
3F-37,2026-10-26,16.0,40.0
3F-38,2026-10-05,16.0,40.0
3F-38,2026-10-12,24.0,40.0
3F-38,2026-10-19,24.0,40.0
3F-38,2026-10-26,16.0,40.0
3F-39,2026-10-05,16.0,40.0
3F-39,2026-10-12,24.0,40.0
3F-39,2026-10-19,16.0,40.0
3F-39,2026-10-26,16.0,40.0
3F-40,2026-10-05,8.0,40.0
3F-40,2026-10-12,24.0,40.0
3F-40,2026-10-19,16.0,40.0
3F-40,2026-10-26,16.0,40.0
3F-41,2026-10-05,8.0,40.0
3F-41,2026-10-12,24.0,40.0
3F-41,2026-10-19,16.0,40.0
3F-41,2026-10-26,16.0,40.0
3F-42,2026-10-05,8.0,40.0
3F-42,2026-10-12,24.0,40.0
3F-42,2026-10-19,16.0,40.0
3F-42,2026-10-26,16.0,40.0
3F-43,2026-10-05,8.0,40.0
3F-43,2026-10-12,24.0,40.0
3F-43,2026-10-19,16.0,40.0
3F-43,2026-10-26,16.0,40.0
3F-44,2026-10-05,8.0,40.0
3F-44,2026-10-12,24.0,40.0
3F-44,2026-10-19,16.0,40.0
3F-44,2026-10-26,16.0,40.0
3F-45,2026-10-05,8.0,40.0
3F-45,2026-10-12,16.0,40.0
3F-45,2026-10-19,16.0,40.0
3F-45,2026-10-26,16.0,40.0
3F-46,2026-10-05,8.0,40.0
3F-46,2026-10-12,16.0,40.0
3F-46,2026-10-19,16.0,40.0
3F-46,2026-10-26,16.0,40.0
3F-47,2026-10-05,8.0,40.0
3F-47,2026-10-12,16.0,40.0
3F-47,2026-10-19,16.0,40.0
3F-47,2026-10-26,16.0,40.0
3F-48,2026-10-05,8.0,40.0
3F-48,2026-10-12,16.0,40.0
3F-48,2026-10-19,16.0,40.0
3F-48,2026-10-26,16.0,40.0
3F-49,2026-10-05,8.0,40.0
3F-49,2026-10-12,16.0,40.0
3F-49,2026-10-19,16.0,40.0
3F-49,2026-10-26,16.0,40.0
