time,floor,planned,breaks,bath,other,out,incoming,active,minimum,deficit,judgment,staff_ids
2026-10-05T00:00,1F,3,0,0,0,1,0,2,2,0,充足,1F-01・1F-02
2026-10-05T00:00,2F,2,2,0,0,0,2,2,2,0,充足,1F-03・1F-23
2026-10-05T00:00,3F,2,0,0,0,0,0,2,2,0,充足,3F-01・3F-02
2026-10-05T00:00,統括,2,0,0,0,1,0,1,1,0,充足,1F-04
2026-10-05T00:30,1F,3,0,0,0,1,0,2,2,0,充足,1F-01・1F-02
2026-10-05T00:30,2F,2,2,0,0,0,2,2,2,0,充足,1F-03・1F-23
2026-10-05T00:30,3F,2,0,0,0,0,0,2,2,0,充足,3F-01・3F-02
2026-10-05T00:30,統括,2,0,0,0,1,0,1,1,0,充足,1F-04
2026-10-05T01:00,1F,2,0,0,0,0,0,2,2,0,充足,1F-01・1F-02
2026-10-05T01:00,2F,3,1,0,0,1,1,2,2,0,充足,2F-01・2F-24
2026-10-05T01:00,3F,2,1,0,0,0,1,2,2,0,充足,1F-03・3F-02
2026-10-05T01:00,統括,2,0,0,0,1,0,1,1,0,充足,1F-04
2026-10-05T01:30,1F,2,0,0,0,0,0,2,2,0,充足,1F-01・1F-02
2026-10-05T01:30,2F,3,1,0,0,1,1,2,2,0,充足,2F-01・2F-24
2026-10-05T01:30,3F,2,1,0,0,0,1,2,2,0,充足,1F-03・3F-02
2026-10-05T01:30,統括,2,0,0,0,1,0,1,1,0,充足,1F-04
2026-10-05T02:00,1F,2,0,0,0,0,0,2,2,0,充足,1F-01・1F-02
2026-10-05T02:00,2F,3,0,0,0,1,0,2,2,0,充足,2F-01・2F-02
2026-10-05T02:00,3F,2,2,0,0,0,2,2,2,0,充足,1F-03・2F-24
2026-10-05T02:00,統括,2,0,0,0,1,0,1,1,0,充足,1F-04
2026-10-05T02:30,1F,2,0,0,0,0,0,2,2,0,充足,1F-01・1F-02
2026-10-05T02:30,2F,3,0,0,0,1,0,2,2,0,充足,2F-01・2F-02
2026-10-05T02:30,3F,2,2,0,0,0,2,2,2,0,充足,1F-03・2F-24
2026-10-05T02:30,統括,2,0,0,0,1,0,1,1,0,充足,1F-04
2026-10-05T03:00,1F,2,0,0,0,0,0,2,2,0,充足,1F-01・1F-02
2026-10-05T03:00,2F,3,0,0,0,1,0,2,2,0,充足,2F-01・2F-02
2026-10-05T03:00,3F,2,1,0,0,0,1,2,2,0,充足,2F-24・3F-01
2026-10-05T03:00,統括,2,1,0,0,0,0,1,1,0,充足,1F-04
2026-10-05T03:30,1F,2,0,0,0,0,0,2,2,0,充足,1F-01・1F-02
2026-10-05T03:30,2F,3,0,0,0,1,0,2,2,0,充足,2F-01・2F-02
2026-10-05T03:30,3F,2,1,0,0,0,1,2,2,0,充足,2F-24・3F-01
2026-10-05T03:30,統括,2,1,0,0,0,0,1,1,0,充足,1F-04
2026-10-05T04:00,1F,2,0,0,0,0,0,2,2,0,充足,1F-01・1F-02
2026-10-05T04:00,2F,2,0,0,0,0,0,2,2,0,充足,2F-01・2F-02
2026-10-05T04:00,3F,2,0,0,0,0,0,2,2,0,充足,3F-01・3F-02
2026-10-05T04:00,統括,2,1,0,0,0,0,1,1,0,充足,1F-04
2026-10-05T04:30,1F,2,0,0,0,0,0,2,2,0,充足,1F-01・1F-02
2026-10-05T04:30,2F,2,0,0,0,0,0,2,2,0,充足,2F-01・2F-02
2026-10-05T04:30,3F,2,0,0,0,0,0,2,2,0,充足,3F-01・3F-02
2026-10-05T04:30,統括,2,1,0,0,0,0,1,1,0,充足,1F-04
2026-10-05T05:00,1F,2,0,0,0,0,0,2,2,0,充足,1F-01・1F-02
2026-10-05T05:00,2F,2,0,0,0,0,0,2,2,0,充足,2F-01・2F-02
2026-10-05T05:00,3F,2,0,0,0,0,0,2,2,0,充足,3F-01・3F-02
2026-10-05T05:00,統括,2,1,0,0,0,0,1,1,0,充足,1F-03
2026-10-05T05:30,1F,2,0,0,0,0,0,2,2,0,充足,1F-01・1F-02
2026-10-05T05:30,2F,2,0,0,0,0,0,2,2,0,充足,2F-01・2F-02
2026-10-05T05:30,3F,2,0,0,0,0,0,2,2,0,充足,3F-01・3F-02
2026-10-05T05:30,統括,2,1,0,0,0,0,1,1,0,充足,1F-03
2026-10-05T06:00,1F,2,0,0,0,0,0,2,2,0,充足,1F-01・1F-02
2026-10-05T06:00,2F,2,0,0,0,0,0,2,2,0,充足,2F-01・2F-02
2026-10-05T06:00,3F,2,0,0,0,0,0,2,2,0,充足,3F-01・3F-02
2026-10-05T06:00,統括,2,1,0,0,0,0,1,1,0,充足,1F-03
2026-10-05T06:30,1F,2,0,0,0,0,0,2,2,0,充足,1F-01・1F-02
2026-10-05T06:30,2F,2,0,0,0,0,0,2,2,0,充足,2F-01・2F-02
2026-10-05T06:30,3F,2,0,0,0,0,0,2,2,0,充足,3F-01・3F-02
2026-10-05T06:30,統括,2,1,0,0,0,0,1,1,0,充足,1F-03
2026-10-05T07:00,1F,7,0,0,0,0,0,7,4,0,充足,1F-01・1F-02・1F-09・1F-10・1F-11・1F-15・1F-16
2026-10-05T07:00,2F,7,0,0,0,0,0,7,4,0,充足,2F-01・2F-02・2F-05・2F-09・2F-10・2F-15・2F-16
2026-10-05T07:00,3F,7,0,0,0,0,0,7,4,0,充足,3F-01・3F-02・3F-05・3F-06・3F-07・3F-08・3F-15
2026-10-05T07:00,統括,2,0,0,0,0,0,2,0,0,充足,1F-03・1F-04
2026-10-05T07:30,1F,7,0,0,0,0,0,7,4,0,充足,1F-01・1F-02・1F-09・1F-10・1F-11・1F-15・1F-16
2026-10-05T07:30,2F,7,0,0,0,0,0,7,4,0,充足,2F-01・2F-02・2F-05・2F-09・2F-10・2F-15・2F-16
2026-10-05T07:30,3F,7,0,0,0,0,0,7,4,0,充足,3F-01・3F-02・3F-05・3F-06・3F-07・3F-08・3F-15
2026-10-05T07:30,統括,2,0,0,0,0,0,2,0,0,充足,1F-03・1F-04
2026-10-05T08:00,1F,7,0,0,0,0,0,7,4,0,充足,1F-01・1F-02・1F-09・1F-10・1F-11・1F-15・1F-16
2026-10-05T08:00,2F,7,0,0,0,0,0,7,4,0,充足,2F-01・2F-02・2F-05・2F-09・2F-10・2F-15・2F-16
2026-10-05T08:00,3F,7,0,0,0,0,0,7,4,0,充足,3F-01・3F-02・3F-05・3F-06・3F-07・3F-08・3F-15
2026-10-05T08:00,統括,2,0,0,0,0,0,2,0,0,充足,1F-03・1F-04
2026-10-05T08:30,1F,8,0,0,0,0,0,8,4,0,充足,1F-01・1F-02・1F-09・1F-10・1F-11・1F-15・1F-16・1F-29
2026-10-05T08:30,2F,7,0,0,0,0,0,7,4,0,充足,2F-01・2F-02・2F-05・2F-09・2F-10・2F-15・2F-16
2026-10-05T08:30,3F,7,0,0,0,0,0,7,4,0,充足,3F-01・3F-02・3F-05・3F-06・3F-07・3F-08・3F-15
2026-10-05T08:30,統括,2,0,0,0,0,0,2,0,0,充足,1F-03・1F-04
2026-10-05T09:00,1F,6,0,0,0,0,0,6,4,0,充足,1F-09・1F-10・1F-11・1F-15・1F-16・1F-29
2026-10-05T09:00,2F,5,0,0,0,0,0,5,4,0,充足,2F-05・2F-09・2F-10・2F-15・2F-16
2026-10-05T09:00,3F,5,0,0,0,0,0,5,4,0,充足,3F-05・3F-06・3F-07・3F-08・3F-15
2026-10-05T09:00,統括,0,0,0,0,0,0,0,0,0,充足,
2026-10-05T09:30,1F,6,0,0,0,0,0,6,4,0,充足,1F-09・1F-10・1F-11・1F-15・1F-16・1F-29
2026-10-05T09:30,2F,5,0,0,0,0,0,5,4,0,充足,2F-05・2F-09・2F-10・2F-15・2F-16
2026-10-05T09:30,3F,5,0,0,0,0,0,5,4,0,充足,3F-05・3F-06・3F-07・3F-08・3F-15
2026-10-05T09:30,統括,0,0,0,0,0,0,0,0,0,充足,
2026-10-05T10:00,1F,11,0,1,0,0,0,10,4,0,充足,1F-09・1F-10・1F-11・1F-12・1F-13・1F-14・1F-16・1F-27・1F-28・1F-29
2026-10-05T10:00,2F,10,0,1,0,0,0,9,4,0,充足,2F-05・2F-06・2F-09・2F-10・2F-11・2F-12・2F-13・2F-14・2F-16
2026-10-05T10:00,3F,10,0,1,0,0,0,9,4,0,充足,3F-06・3F-07・3F-08・3F-09・3F-10・3F-11・3F-12・3F-15・3F-16
2026-10-05T10:00,統括,0,0,0,0,0,0,0,0,0,充足,
2026-10-05T10:30,1F,11,0,1,0,0,0,10,4,0,充足,1F-09・1F-10・1F-11・1F-12・1F-13・1F-14・1F-16・1F-27・1F-28・1F-29
2026-10-05T10:30,2F,10,0,1,0,0,0,9,4,0,充足,2F-05・2F-06・2F-09・2F-10・2F-11・2F-12・2F-13・2F-14・2F-16
2026-10-05T10:30,3F,10,0,1,0,0,0,9,4,0,充足,3F-06・3F-07・3F-08・3F-09・3F-10・3F-11・3F-12・3F-15・3F-16
2026-10-05T10:30,統括,0,0,0,0,0,0,0,0,0,充足,
2026-10-05T11:00,1F,11,5,0,0,0,0,6,4,0,充足,1F-12・1F-13・1F-14・1F-27・1F-28・1F-29
2026-10-05T11:00,2F,10,5,0,0,0,0,5,4,0,充足,2F-06・2F-11・2F-12・2F-13・2F-14
2026-10-05T11:00,3F,10,5,0,0,0,0,5,4,0,充足,3F-09・3F-10・3F-11・3F-12・3F-16
2026-10-05T11:00,統括,0,0,0,0,0,0,0,0,0,充足,
2026-10-05T11:30,1F,11,5,0,0,0,0,6,4,0,充足,1F-12・1F-13・1F-14・1F-27・1F-28・1F-29
2026-10-05T11:30,2F,10,5,0,0,0,0,5,4,0,充足,2F-06・2F-11・2F-12・2F-13・2F-14
2026-10-05T11:30,3F,10,5,0,0,0,0,5,4,0,充足,3F-09・3F-10・3F-11・3F-12・3F-16
2026-10-05T11:30,統括,0,0,0,0,0,0,0,0,0,充足,
2026-10-05T12:00,1F,11,1,0,0,0,0,10,4,0,充足,1F-09・1F-10・1F-11・1F-12・1F-13・1F-14・1F-15・1F-16・1F-27・1F-28
2026-10-05T12:00,2F,10,0,0,0,0,0,10,4,0,充足,2F-05・2F-06・2F-09・2F-10・2F-11・2F-12・2F-13・2F-14・2F-15・2F-16
2026-10-05T12:00,3F,10,0,0,0,0,0,10,4,0,充足,3F-05・3F-06・3F-07・3F-08・3F-09・3F-10・3F-11・3F-12・3F-15・3F-16
2026-10-05T12:00,統括,0,0,0,0,0,0,0,0,0,充足,
2026-10-05T12:30,1F,11,1,0,0,0,0,10,4,0,充足,1F-09・1F-10・1F-11・1F-12・1F-13・1F-14・1F-15・1F-16・1F-27・1F-28
2026-10-05T12:30,2F,10,0,0,0,0,0,10,4,0,充足,2F-05・2F-06・2F-09・2F-10・2F-11・2F-12・2F-13・2F-14・2F-15・2F-16
2026-10-05T12:30,3F,10,0,0,0,0,0,10,4,0,充足,3F-05・3F-06・3F-07・3F-08・3F-09・3F-10・3F-11・3F-12・3F-15・3F-16
2026-10-05T12:30,統括,0,0,0,0,0,0,0,0,0,充足,
2026-10-05T13:00,1F,11,5,0,0,0,0,6,4,0,充足,1F-09・1F-10・1F-11・1F-15・1F-16・1F-29
2026-10-05T13:00,2F,10,5,0,0,0,0,5,4,0,充足,2F-05・2F-09・2F-10・2F-15・2F-16
2026-10-05T13:00,3F,10,5,0,0,0,0,5,4,0,充足,3F-05・3F-06・3F-07・3F-08・3F-15
2026-10-05T13:00,統括,0,0,0,0,0,0,0,0,0,充足,
2026-10-05T13:30,1F,11,5,0,0,0,0,6,4,0,充足,1F-09・1F-10・1F-11・1F-15・1F-16・1F-29
2026-10-05T13:30,2F,10,5,0,0,0,0,5,4,0,充足,2F-05・2F-09・2F-10・2F-15・2F-16
2026-10-05T13:30,3F,10,5,0,0,0,0,5,4,0,充足,3F-05・3F-06・3F-07・3F-08・3F-15
2026-10-05T13:30,統括,0,0,0,0,0,0,0,0,0,充足,
2026-10-05T14:00,1F,11,0,0,0,0,0,11,4,0,充足,1F-09・1F-10・1F-11・1F-12・1F-13・1F-14・1F-15・1F-16・1F-27・1F-28・1F-29
2026-10-05T14:00,2F,10,0,0,0,0,0,10,4,0,充足,2F-05・2F-06・2F-09・2F-10・2F-11・2F-12・2F-13・2F-14・2F-15・2F-16
2026-10-05T14:00,3F,10,0,0,0,0,0,10,4,0,充足,3F-05・3F-06・3F-07・3F-08・3F-09・3F-10・3F-11・3F-12・3F-15・3F-16
2026-10-05T14:00,統括,0,0,0,0,0,0,0,0,0,充足,
2026-10-05T14:30,1F,11,0,0,0,0,0,11,4,0,充足,1F-09・1F-10・1F-11・1F-12・1F-13・1F-14・1F-15・1F-16・1F-27・1F-28・1F-29
2026-10-05T14:30,2F,10,0,0,0,0,0,10,4,0,充足,2F-05・2F-06・2F-09・2F-10・2F-11・2F-12・2F-13・2F-14・2F-15・2F-16
2026-10-05T14:30,3F,10,0,0,0,0,0,10,4,0,充足,3F-05・3F-06・3F-07・3F-08・3F-09・3F-10・3F-11・3F-12・3F-15・3F-16
2026-10-05T14:30,統括,0,0,0,0,0,0,0,0,0,充足,
2026-10-05T15:00,1F,11,0,1,0,0,0,10,4,0,充足,1F-09・1F-10・1F-11・1F-13・1F-14・1F-15・1F-16・1F-27・1F-28・1F-29
2026-10-05T15:00,2F,10,0,1,0,0,0,9,4,0,充足,2F-05・2F-06・2F-09・2F-10・2F-12・2F-13・2F-14・2F-15・2F-16
2026-10-05T15:00,3F,10,0,1,0,0,0,9,4,0,充足,3F-05・3F-06・3F-07・3F-08・3F-10・3F-11・3F-12・3F-15・3F-16
2026-10-05T15:00,統括,0,0,0,0,0,0,0,0,0,充足,
2026-10-05T15:30,1F,11,0,1,0,0,0,10,4,0,充足,1F-09・1F-10・1F-11・1F-13・1F-14・1F-15・1F-16・1F-27・1F-28・1F-29
2026-10-05T15:30,2F,10,0,1,0,0,0,9,4,0,充足,2F-05・2F-06・2F-09・2F-10・2F-12・2F-13・2F-14・2F-15・2F-16
2026-10-05T15:30,3F,10,0,1,0,0,0,9,4,0,充足,3F-05・3F-06・3F-07・3F-08・3F-10・3F-11・3F-12・3F-15・3F-16
2026-10-05T15:30,統括,0,0,0,0,0,0,0,0,0,充足,
2026-10-05T16:00,1F,8,0,0,0,0,0,8,4,0,充足,1F-05・1F-06・1F-12・1F-13・1F-14・1F-27・1F-28・1F-29
2026-10-05T16:00,2F,7,0,0,0,0,0,7,4,0,充足,2F-03・2F-04・2F-06・2F-11・2F-12・2F-13・2F-14
2026-10-05T16:00,3F,7,0,0,0,0,0,7,4,0,充足,3F-03・3F-04・3F-09・3F-10・3F-11・3F-12・3F-16
2026-10-05T16:00,統括,2,0,0,0,0,0,2,0,0,充足,1F-25・1F-26
2026-10-05T16:30,1F,8,2,0,0,0,0,6,4,0,充足,1F-12・1F-13・1F-14・1F-27・1F-28・1F-29
2026-10-05T16:30,2F,7,2,0,0,0,0,5,4,0,充足,2F-06・2F-11・2F-12・2F-13・2F-14
2026-10-05T16:30,3F,7,0,0,0,0,0,7,4,0,充足,3F-03・3F-04・3F-09・3F-10・3F-11・3F-12・3F-16
2026-10-05T16:30,統括,2,0,0,0,0,0,2,0,0,充足,1F-25・1F-26
2026-10-05T17:00,1F,8,2,0,0,0,0,6,4,0,充足,1F-12・1F-13・1F-14・1F-27・1F-28・1F-29
2026-10-05T17:00,2F,7,2,0,0,0,0,5,4,0,充足,2F-06・2F-11・2F-12・2F-13・2F-14
2026-10-05T17:00,3F,7,0,0,0,0,0,7,4,0,充足,3F-03・3F-04・3F-09・3F-10・3F-11・3F-12・3F-16
2026-10-05T17:00,統括,2,0,0,0,0,0,2,0,0,充足,1F-25・1F-26
2026-10-05T17:30,1F,7,0,0,0,0,0,7,4,0,充足,1F-05・1F-06・1F-12・1F-13・1F-14・1F-27・1F-28
2026-10-05T17:30,2F,7,0,0,0,0,0,7,4,0,充足,2F-03・2F-04・2F-06・2F-11・2F-12・2F-13・2F-14
2026-10-05T17:30,3F,7,2,0,0,0,0,5,4,0,充足,3F-09・3F-10・3F-11・3F-12・3F-16
2026-10-05T17:30,統括,2,2,0,0,0,0,0,0,0,充足,
2026-10-05T18:00,1F,7,0,0,0,0,0,7,4,0,充足,1F-05・1F-06・1F-12・1F-13・1F-14・1F-27・1F-28
2026-10-05T18:00,2F,7,0,0,0,0,0,7,4,0,充足,2F-03・2F-04・2F-06・2F-11・2F-12・2F-13・2F-14
2026-10-05T18:00,3F,7,2,0,0,0,0,5,4,0,充足,3F-09・3F-10・3F-11・3F-12・3F-16
2026-10-05T18:00,統括,2,2,0,0,0,0,0,0,0,充足,
2026-10-05T18:30,1F,7,0,0,0,0,0,7,4,0,充足,1F-05・1F-06・1F-12・1F-13・1F-14・1F-27・1F-28
2026-10-05T18:30,2F,7,0,0,0,0,0,7,4,0,充足,2F-03・2F-04・2F-06・2F-11・2F-12・2F-13・2F-14
2026-10-05T18:30,3F,7,0,0,0,0,0,7,4,0,充足,3F-03・3F-04・3F-09・3F-10・3F-11・3F-12・3F-16
2026-10-05T18:30,統括,2,0,0,0,0,0,2,0,0,充足,1F-25・1F-26
2026-10-05T19:00,1F,2,0,0,0,0,0,2,2,0,充足,1F-05・1F-06
2026-10-05T19:00,2F,2,0,0,0,0,0,2,2,0,充足,2F-03・2F-04
2026-10-05T19:00,3F,2,0,0,0,0,0,2,2,0,充足,3F-03・3F-04
2026-10-05T19:00,統括,2,0,0,0,0,0,2,1,0,充足,1F-25・1F-26
2026-10-05T19:30,1F,2,0,0,0,0,0,2,2,0,充足,1F-05・1F-06
2026-10-05T19:30,2F,2,0,0,0,0,0,2,2,0,充足,2F-03・2F-04
2026-10-05T19:30,3F,2,0,0,0,0,0,2,2,0,充足,3F-03・3F-04
2026-10-05T19:30,統括,2,0,0,0,0,0,2,1,0,充足,1F-25・1F-26
2026-10-05T20:00,1F,2,0,0,0,0,0,2,2,0,充足,1F-05・1F-06
2026-10-05T20:00,2F,2,0,0,0,0,0,2,2,0,充足,2F-03・2F-04
2026-10-05T20:00,3F,2,0,0,0,0,0,2,2,0,充足,3F-03・3F-04
2026-10-05T20:00,統括,2,0,0,0,0,0,2,1,0,充足,1F-25・1F-26
2026-10-05T20:30,1F,2,0,0,0,0,0,2,2,0,充足,1F-05・1F-06
2026-10-05T20:30,2F,2,0,0,0,0,0,2,2,0,充足,2F-03・2F-04
2026-10-05T20:30,3F,2,0,0,0,0,0,2,2,0,充足,3F-03・3F-04
2026-10-05T20:30,統括,2,0,0,0,0,0,2,1,0,充足,1F-25・1F-26
2026-10-05T21:00,1F,2,1,0,0,0,1,2,2,0,充足,1F-06・1F-25
2026-10-05T21:00,2F,2,0,0,0,0,0,2,2,0,充足,2F-03・2F-04
2026-10-05T21:00,3F,2,0,0,0,0,0,2,2,0,充足,3F-03・3F-04
2026-10-05T21:00,統括,2,0,0,0,1,0,1,1,0,充足,1F-26
2026-10-05T21:30,1F,2,1,0,0,0,1,2,2,0,充足,1F-06・1F-25
2026-10-05T21:30,2F,2,0,0,0,0,0,2,2,0,充足,2F-03・2F-04
2026-10-05T21:30,3F,2,0,0,0,0,0,2,2,0,充足,3F-03・3F-04
2026-10-05T21:30,統括,2,0,0,0,1,0,1,1,0,充足,1F-26
2026-10-05T22:00,1F,3,2,0,0,1,2,2,2,0,充足,1F-25・2F-23
2026-10-05T22:00,2F,2,0,0,0,0,0,2,2,0,充足,2F-03・2F-04
2026-10-05T22:00,3F,2,0,0,0,0,0,2,2,0,充足,3F-03・3F-04
2026-10-05T22:00,統括,2,0,0,0,1,0,1,1,0,充足,1F-26
2026-10-05T22:30,1F,3,2,0,0,1,2,2,2,0,充足,1F-25・2F-23
2026-10-05T22:30,2F,2,0,0,0,0,0,2,2,0,充足,2F-03・2F-04
2026-10-05T22:30,3F,2,0,0,0,0,0,2,2,0,充足,3F-03・3F-04
2026-10-05T22:30,統括,2,0,0,0,1,0,1,1,0,充足,1F-26
2026-10-05T23:00,1F,3,1,0,0,1,1,2,2,0,充足,1F-05・2F-23
2026-10-05T23:00,2F,2,1,0,0,0,1,2,2,0,充足,1F-25・2F-04
2026-10-05T23:00,3F,2,0,0,0,0,0,2,2,0,充足,3F-03・3F-04
2026-10-05T23:00,統括,2,0,0,0,1,0,1,1,0,充足,1F-26
2026-10-05T23:30,1F,3,1,0,0,1,1,2,2,0,充足,1F-05・2F-23
2026-10-05T23:30,2F,2,1,0,0,0,1,2,2,0,充足,1F-25・2F-04
2026-10-05T23:30,3F,2,0,0,0,0,0,2,2,0,充足,3F-03・3F-04
2026-10-05T23:30,統括,2,0,0,0,1,0,1,1,0,充足,1F-26
2026-10-06T00:00,1F,3,0,0,0,1,0,2,2,0,充足,1F-05・1F-06
2026-10-06T00:00,2F,2,2,0,0,0,2,2,2,0,充足,1F-25・2F-23
2026-10-06T00:00,3F,2,0,0,0,0,0,2,2,0,充足,3F-03・3F-04
2026-10-06T00:00,統括,2,0,0,0,1,0,1,1,0,充足,1F-26
2026-10-06T00:30,1F,3,0,0,0,1,0,2,2,0,充足,1F-05・1F-06
2026-10-06T00:30,2F,2,2,0,0,0,2,2,2,0,充足,1F-25・2F-23
2026-10-06T00:30,3F,2,0,0,0,0,0,2,2,0,充足,3F-03・3F-04
2026-10-06T00:30,統括,2,0,0,0,1,0,1,1,0,充足,1F-26
2026-10-06T01:00,1F,2,0,0,0,0,0,2,2,0,充足,1F-05・1F-06
2026-10-06T01:00,2F,3,1,0,0,1,1,2,2,0,充足,2F-03・2F-24
2026-10-06T01:00,3F,2,1,0,0,0,1,2,2,0,充足,1F-25・3F-04
2026-10-06T01:00,統括,2,0,0,0,1,0,1,1,0,充足,1F-26
2026-10-06T01:30,1F,2,0,0,0,0,0,2,2,0,充足,1F-05・1F-06
2026-10-06T01:30,2F,3,1,0,0,1,1,2,2,0,充足,2F-03・2F-24
2026-10-06T01:30,3F,2,1,0,0,0,1,2,2,0,充足,1F-25・3F-04
2026-10-06T01:30,統括,2,0,0,0,1,0,1,1,0,充足,1F-26
2026-10-06T02:00,1F,2,0,0,0,0,0,2,2,0,充足,1F-05・1F-06
2026-10-06T02:00,2F,3,0,0,0,1,0,2,2,0,充足,2F-03・2F-04
2026-10-06T02:00,3F,2,2,0,0,0,2,2,2,0,充足,1F-25・2F-24
2026-10-06T02:00,統括,2,0,0,0,1,0,1,1,0,充足,1F-26
2026-10-06T02:30,1F,2,0,0,0,0,0,2,2,0,充足,1F-05・1F-06
2026-10-06T02:30,2F,3,0,0,0,1,0,2,2,0,充足,2F-03・2F-04
2026-10-06T02:30,3F,2,2,0,0,0,2,2,2,0,充足,1F-25・2F-24
2026-10-06T02:30,統括,2,0,0,0,1,0,1,1,0,充足,1F-26
2026-10-06T03:00,1F,2,0,0,0,0,0,2,2,0,充足,1F-05・1F-06
2026-10-06T03:00,2F,3,0,0,0,1,0,2,2,0,充足,2F-03・2F-04
2026-10-06T03:00,3F,2,1,0,0,0,1,2,2,0,充足,2F-24・3F-03
2026-10-06T03:00,統括,2,1,0,0,0,0,1,1,0,充足,1F-26
2026-10-06T03:30,1F,2,0,0,0,0,0,2,2,0,充足,1F-05・1F-06
2026-10-06T03:30,2F,3,0,0,0,1,0,2,2,0,充足,2F-03・2F-04
2026-10-06T03:30,3F,2,1,0,0,0,1,2,2,0,充足,2F-24・3F-03
2026-10-06T03:30,統括,2,1,0,0,0,0,1,1,0,充足,1F-26
2026-10-06T04:00,1F,2,0,0,0,0,0,2,2,0,充足,1F-05・1F-06
2026-10-06T04:00,2F,2,0,0,0,0,0,2,2,0,充足,2F-03・2F-04
2026-10-06T04:00,3F,2,0,0,0,0,0,2,2,0,充足,3F-03・3F-04
2026-10-06T04:00,統括,2,1,0,0,0,0,1,1,0,充足,1F-26
2026-10-06T04:30,1F,2,0,0,0,0,0,2,2,0,充足,1F-05・1F-06
2026-10-06T04:30,2F,2,0,0,0,0,0,2,2,0,充足,2F-03・2F-04
2026-10-06T04:30,3F,2,0,0,0,0,0,2,2,0,充足,3F-03・3F-04
2026-10-06T04:30,統括,2,1,0,0,0,0,1,1,0,充足,1F-26
2026-10-06T05:00,1F,2,0,0,0,0,0,2,2,0,充足,1F-05・1F-06
2026-10-06T05:00,2F,2,0,0,0,0,0,2,2,0,充足,2F-03・2F-04
2026-10-06T05:00,3F,2,0,0,0,0,0,2,2,0,充足,3F-03・3F-04
2026-10-06T05:00,統括,2,1,0,0,0,0,1,1,0,充足,1F-25
2026-10-06T05:30,1F,2,0,0,0,0,0,2,2,0,充足,1F-05・1F-06
2026-10-06T05:30,2F,2,0,0,0,0,0,2,2,0,充足,2F-03・2F-04
2026-10-06T05:30,3F,2,0,0,0,0,0,2,2,0,充足,3F-03・3F-04
2026-10-06T05:30,統括,2,1,0,0,0,0,1,1,0,充足,1F-25
2026-10-06T06:00,1F,2,0,0,0,0,0,2,2,0,充足,1F-05・1F-06
2026-10-06T06:00,2F,2,0,0,0,0,0,2,2,0,充足,2F-03・2F-04
2026-10-06T06:00,3F,2,0,0,0,0,0,2,2,0,充足,3F-03・3F-04
2026-10-06T06:00,統括,2,1,0,0,0,0,1,1,0,充足,1F-25
2026-10-06T06:30,1F,2,0,0,0,0,0,2,2,0,充足,1F-05・1F-06
2026-10-06T06:30,2F,2,0,0,0,0,0,2,2,0,充足,2F-03・2F-04
2026-10-06T06:30,3F,2,0,0,0,0,0,2,2,0,充足,3F-03・3F-04
2026-10-06T06:30,統括,2,1,0,0,0,0,1,1,0,充足,1F-25
2026-10-06T07:00,1F,7,0,0,0,0,0,7,4,0,充足,1F-04・1F-05・1F-06・1F-15・1F-16・1F-27・1F-28
2026-10-06T07:00,2F,8,0,0,0,0,0,8,4,0,充足,2F-01・2F-02・2F-03・2F-04・2F-05・2F-15・2F-16・2F-17
2026-10-06T07:00,3F,7,0,0,0,0,0,7,4,0,充足,3F-03・3F-04・3F-07・3F-13・3F-14・3F-15・3F-16
2026-10-06T07:00,統括,2,0,0,0,0,0,2,0,0,充足,1F-25・1F-26
2026-10-06T07:30,1F,7,0,0,0,0,0,7,4,0,充足,1F-04・1F-05・1F-06・1F-15・1F-16・1F-27・1F-28
2026-10-06T07:30,2F,8,0,0,0,0,0,8,4,0,充足,2F-01・2F-02・2F-03・2F-04・2F-05・2F-15・2F-16・2F-17
2026-10-06T07:30,3F,7,0,0,0,0,0,7,4,0,充足,3F-03・3F-04・3F-07・3F-13・3F-14・3F-15・3F-16
2026-10-06T07:30,統括,2,0,0,0,0,0,2,0,0,充足,1F-25・1F-26
2026-10-06T08:00,1F,7,0,0,0,0,0,7,4,0,充足,1F-04・1F-05・1F-06・1F-15・1F-16・1F-27・1F-28
2026-10-06T08:00,2F,8,0,0,0,0,0,8,4,0,充足,2F-01・2F-02・2F-03・2F-04・2F-05・2F-15・2F-16・2F-17
2026-10-06T08:00,3F,7,0,0,0,0,0,7,4,0,充足,3F-03・3F-04・3F-07・3F-13・3F-14・3F-15・3F-16
2026-10-06T08:00,統括,2,0,0,0,0,0,2,0,0,充足,1F-25・1F-26
2026-10-06T08:30,1F,7,0,0,0,0,0,7,4,0,充足,1F-04・1F-05・1F-06・1F-15・1F-16・1F-27・1F-28
2026-10-06T08:30,2F,8,0,0,0,0,0,8,4,0,充足,2F-01・2F-02・2F-03・2F-04・2F-05・2F-15・2F-16・2F-17
2026-10-06T08:30,3F,7,0,0,0,0,0,7,4,0,充足,3F-03・3F-04・3F-07・3F-13・3F-14・3F-15・3F-16
2026-10-06T08:30,統括,2,0,0,0,0,0,2,0,0,充足,1F-25・1F-26
2026-10-06T09:00,1F,5,0,2,0,0,0,3,4,1,不足,1F-16・1F-27・1F-28
2026-10-06T09:00,2F,6,0,0,0,0,0,6,4,0,充足,2F-01・2F-02・2F-05・2F-15・2F-16・2F-17
2026-10-06T09:00,3F,5,0,0,0,0,0,5,4,0,充足,3F-07・3F-13・3F-14・3F-15・3F-16
2026-10-06T09:00,統括,0,0,0,0,0,0,0,0,0,充足,
2026-10-06T09:30,1F,5,0,2,0,0,0,3,4,1,不足,1F-16・1F-27・1F-28
2026-10-06T09:30,2F,6,0,0,0,0,0,6,4,0,充足,2F-01・2F-02・2F-05・2F-15・2F-16・2F-17
2026-10-06T09:30,3F,5,0,0,0,0,0,5,4,0,充足,3F-07・3F-13・3F-14・3F-15・3F-16
2026-10-06T09:30,統括,0,0,0,0,0,0,0,0,0,充足,
2026-10-06T10:00,1F,10,0,1,0,0,0,9,4,0,充足,1F-03・1F-11・1F-12・1F-13・1F-15・1F-16・1F-27・1F-28・1F-29
2026-10-06T10:00,2F,11,0,1,0,0,0,10,4,0,充足,2F-02・2F-05・2F-06・2F-09・2F-10・2F-11・2F-12・2F-15・2F-16・2F-17
2026-10-06T10:00,3F,10,0,1,0,0,0,9,4,0,充足,3F-07・3F-08・3F-09・3F-10・3F-11・3F-12・3F-13・3F-14・3F-16
2026-10-06T10:00,統括,0,0,0,0,0,0,0,0,0,充足,
2026-10-06T10:30,1F,10,0,1,0,0,0,9,4,0,充足,1F-03・1F-11・1F-12・1F-13・1F-15・1F-16・1F-27・1F-28・1F-29
2026-10-06T10:30,2F,11,0,1,0,0,0,10,4,0,充足,2F-02・2F-05・2F-06・2F-09・2F-10・2F-11・2F-12・2F-15・2F-16・2F-17
2026-10-06T10:30,3F,10,0,1,0,0,0,9,4,0,充足,3F-07・3F-08・3F-09・3F-10・3F-11・3F-12・3F-13・3F-14・3F-16
2026-10-06T10:30,統括,0,0,0,0,0,0,0,0,0,充足,
2026-10-06T11:00,1F,10,5,0,0,0,0,5,4,0,充足,1F-03・1F-11・1F-12・1F-13・1F-29
2026-10-06T11:00,2F,11,5,0,0,0,0,6,4,0,充足,2F-06・2F-09・2F-10・2F-11・2F-12・2F-17
2026-10-06T11:00,3F,10,5,0,0,0,0,5,4,0,充足,3F-08・3F-09・3F-10・3F-11・3F-12
2026-10-06T11:00,統括,0,0,0,0,0,0,0,0,0,充足,
2026-10-06T11:30,1F,10,5,0,0,0,0,5,4,0,充足,1F-03・1F-11・1F-12・1F-13・1F-29
2026-10-06T11:30,2F,11,5,0,0,0,0,6,4,0,充足,2F-06・2F-09・2F-10・2F-11・2F-12・2F-17
2026-10-06T11:30,3F,10,5,0,0,0,0,5,4,0,充足,3F-08・3F-09・3F-10・3F-11・3F-12
2026-10-06T11:30,統括,0,0,0,0,0,0,0,0,0,充足,
2026-10-06T12:00,1F,10,0,0,0,0,0,10,4,0,充足,1F-03・1F-04・1F-11・1F-12・1F-13・1F-15・1F-16・1F-27・1F-28・1F-29
2026-10-06T12:00,2F,10,0,0,0,0,0,10,4,0,充足,2F-01・2F-02・2F-05・2F-06・2F-09・2F-10・2F-11・2F-12・2F-15・2F-16
2026-10-06T12:00,3F,10,0,0,0,0,0,10,4,0,充足,3F-07・3F-08・3F-09・3F-10・3F-11・3F-12・3F-13・3F-14・3F-15・3F-16
2026-10-06T12:00,統括,0,0,0,0,0,0,0,0,0,充足,
2026-10-06T12:30,1F,10,0,0,0,0,0,10,4,0,充足,1F-03・1F-04・1F-11・1F-12・1F-13・1F-15・1F-16・1F-27・1F-28・1F-29
2026-10-06T12:30,2F,10,0,0,0,0,0,10,4,0,充足,2F-01・2F-02・2F-05・2F-06・2F-09・2F-10・2F-11・2F-12・2F-15・2F-16
2026-10-06T12:30,3F,10,0,0,0,0,0,10,4,0,充足,3F-07・3F-08・3F-09・3F-10・3F-11・3F-12・3F-13・3F-14・3F-15・3F-16
2026-10-06T12:30,統括,0,0,0,0,0,0,0,0,0,充足,
2026-10-06T13:00,1F,10,5,0,0,0,0,5,4,0,充足,1F-04・1F-15・1F-16・1F-27・1F-28
2026-10-06T13:00,2F,10,5,0,0,0,0,5,4,0,充足,2F-01・2F-02・2F-05・2F-15・2F-16
2026-10-06T13:00,3F,10,5,0,0,0,0,5,4,0,充足,3F-07・3F-13・3F-14・3F-15・3F-16
2026-10-06T13:00,統括,0,0,0,0,0,0,0,0,0,充足,
2026-10-06T13:30,1F,10,5,0,0,0,0,5,4,0,充足,1F-04・1F-15・1F-16・1F-27・1F-28
2026-10-06T13:30,2F,10,5,0,0,0,0,5,4,0,充足,2F-01・2F-02・2F-05・2F-15・2F-16
2026-10-06T13:30,3F,10,5,0,0,0,0,5,4,0,充足,3F-07・3F-13・3F-14・3F-15・3F-16
2026-10-06T13:30,統括,0,0,0,0,0,0,0,0,0,充足,
2026-10-06T14:00,1F,10,0,0,0,0,0,10,4,0,充足,1F-03・1F-04・1F-11・1F-12・1F-13・1F-15・1F-16・1F-27・1F-28・1F-29
2026-10-06T14:00,2F,10,0,0,0,0,0,10,4,0,充足,2F-01・2F-02・2F-05・2F-06・2F-09・2F-10・2F-11・2F-12・2F-15・2F-16
2026-10-06T14:00,3F,10,0,0,0,0,0,10,4,0,充足,3F-07・3F-08・3F-09・3F-10・3F-11・3F-12・3F-13・3F-14・3F-15・3F-16
2026-10-06T14:00,統括,0,0,0,0,0,0,0,0,0,充足,
2026-10-06T14:30,1F,10,0,0,0,0,0,10,4,0,充足,1F-03・1F-04・1F-11・1F-12・1F-13・1F-15・1F-16・1F-27・1F-28・1F-29
2026-10-06T14:30,2F,10,0,0,0,0,0,10,4,0,充足,2F-01・2F-02・2F-05・2F-06・2F-09・2F-10・2F-11・2F-12・2F-15・2F-16
2026-10-06T14:30,3F,10,0,0,0,0,0,10,4,0,充足,3F-07・3F-08・3F-09・3F-10・3F-11・3F-12・3F-13・3F-14・3F-15・3F-16
2026-10-06T14:30,統括,0,0,0,0,0,0,0,0,0,充足,
2026-10-06T15:00,1F,10,0,1,0,0,0,9,4,0,充足,1F-03・1F-04・1F-11・1F-12・1F-13・1F-15・1F-16・1F-27・1F-28
2026-10-06T15:00,2F,10,0,1,0,0,0,9,4,0,充足,2F-01・2F-02・2F-05・2F-06・2F-10・2F-11・2F-12・2F-15・2F-16
2026-10-06T15:00,3F,10,0,1,0,0,0,9,4,0,充足,3F-07・3F-09・3F-10・3F-11・3F-12・3F-13・3F-14・3F-15・3F-16
2026-10-06T15:00,統括,0,0,0,0,0,0,0,0,0,充足,
2026-10-06T15:30,1F,10,0,1,0,0,0,9,4,0,充足,1F-03・1F-04・1F-11・1F-12・1F-13・1F-15・1F-16・1F-27・1F-28
2026-10-06T15:30,2F,10,0,1,0,0,0,9,4,0,充足,2F-01・2F-02・2F-05・2F-06・2F-10・2F-11・2F-12・2F-15・2F-16
2026-10-06T15:30,3F,10,0,1,0,0,0,9,4,0,充足,3F-07・3F-09・3F-10・3F-11・3F-12・3F-13・3F-14・3F-15・3F-16
2026-10-06T15:30,統括,0,0,0,0,0,0,0,0,0,充足,
2026-10-06T16:00,1F,7,0,0,0,0,0,7,4,0,充足,1F-03・1F-07・1F-08・1F-11・1F-12・1F-13・1F-29
2026-10-06T16:00,2F,7,0,0,0,0,0,7,4,0,充足,2F-06・2F-07・2F-08・2F-09・2F-10・2F-11・2F-12
2026-10-06T16:00,3F,7,0,0,0,0,0,7,4,0,充足,3F-05・3F-06・3F-08・3F-09・3F-10・3F-11・3F-12
2026-10-06T16:00,統括,2,0,0,0,0,0,2,0,0,充足,1F-01・1F-02
2026-10-06T16:30,1F,7,2,0,0,0,0,5,4,0,充足,1F-03・1F-11・1F-12・1F-13・1F-29
2026-10-06T16:30,2F,7,2,0,0,0,0,5,4,0,充足,2F-06・2F-09・2F-10・2F-11・2F-12
2026-10-06T16:30,3F,7,0,0,0,0,0,7,4,0,充足,3F-05・3F-06・3F-08・3F-09・3F-10・3F-11・3F-12
2026-10-06T16:30,統括,2,0,0,0,0,0,2,0,0,充足,1F-01・1F-02
2026-10-06T17:00,1F,7,2,0,0,0,0,5,4,0,充足,1F-03・1F-11・1F-12・1F-13・1F-29
2026-10-06T17:00,2F,7,2,0,0,0,0,5,4,0,充足,2F-06・2F-09・2F-10・2F-11・2F-12
2026-10-06T17:00,3F,7,0,0,0,0,0,7,4,0,充足,3F-05・3F-06・3F-08・3F-09・3F-10・3F-11・3F-12
2026-10-06T17:00,統括,2,0,0,0,0,0,2,0,0,充足,1F-01・1F-02
2026-10-06T17:30,1F,7,0,0,0,0,0,7,4,0,充足,1F-03・1F-07・1F-08・1F-11・1F-12・1F-13・1F-29
2026-10-06T17:30,2F,7,0,0,0,0,0,7,4,0,充足,2F-06・2F-07・2F-08・2F-09・2F-10・2F-11・2F-12
2026-10-06T17:30,3F,7,2,0,0,0,0,5,4,0,充足,3F-08・3F-09・3F-10・3F-11・3F-12
2026-10-06T17:30,統括,2,2,0,0,0,0,0,0,0,充足,
2026-10-06T18:00,1F,7,0,0,0,0,0,7,4,0,充足,1F-03・1F-07・1F-08・1F-11・1F-12・1F-13・1F-29
2026-10-06T18:00,2F,7,0,0,0,0,0,7,4,0,充足,2F-06・2F-07・2F-08・2F-09・2F-10・2F-11・2F-12
2026-10-06T18:00,3F,7,2,0,0,0,0,5,4,0,充足,3F-08・3F-09・3F-10・3F-11・3F-12
2026-10-06T18:00,統括,2,2,0,0,0,0,0,0,0,充足,
2026-10-06T18:30,1F,7,0,0,0,0,0,7,4,0,充足,1F-03・1F-07・1F-08・1F-11・1F-12・1F-13・1F-29
2026-10-06T18:30,2F,7,0,0,0,0,0,7,4,0,充足,2F-06・2F-07・2F-08・2F-09・2F-10・2F-11・2F-12
2026-10-06T18:30,3F,7,0,0,0,0,0,7,4,0,充足,3F-05・3F-06・3F-08・3F-09・3F-10・3F-11・3F-12
2026-10-06T18:30,統括,2,0,0,0,0,0,2,0,0,充足,1F-01・1F-02
2026-10-06T19:00,1F,2,0,0,0,0,0,2,2,0,充足,1F-07・1F-08
2026-10-06T19:00,2F,2,0,0,0,0,0,2,2,0,充足,2F-07・2F-08
2026-10-06T19:00,3F,2,0,0,0,0,0,2,2,0,充足,3F-05・3F-06
2026-10-06T19:00,統括,2,0,0,0,0,0,2,1,0,充足,1F-01・1F-02
2026-10-06T19:30,1F,2,0,0,0,0,0,2,2,0,充足,1F-07・1F-08
2026-10-06T19:30,2F,2,0,0,0,0,0,2,2,0,充足,2F-07・2F-08
2026-10-06T19:30,3F,2,0,0,0,0,0,2,2,0,充足,3F-05・3F-06
2026-10-06T19:30,統括,2,0,0,0,0,0,2,1,0,充足,1F-01・1F-02
2026-10-06T20:00,1F,2,0,0,0,0,0,2,2,0,充足,1F-07・1F-08
2026-10-06T20:00,2F,2,0,0,0,0,0,2,2,0,充足,2F-07・2F-08
2026-10-06T20:00,3F,2,0,0,0,0,0,2,2,0,充足,3F-05・3F-06
2026-10-06T20:00,統括,2,0,0,0,0,0,2,1,0,充足,1F-01・1F-02
2026-10-06T20:30,1F,2,0,0,0,0,0,2,2,0,充足,1F-07・1F-08
2026-10-06T20:30,2F,2,0,0,0,0,0,2,2,0,充足,2F-07・2F-08
2026-10-06T20:30,3F,2,0,0,0,0,0,2,2,0,充足,3F-05・3F-06
2026-10-06T20:30,統括,2,0,0,0,0,0,2,1,0,充足,1F-01・1F-02
2026-10-06T21:00,1F,2,1,0,0,0,1,2,2,0,充足,1F-01・1F-08
2026-10-06T21:00,2F,2,0,0,0,0,0,2,2,0,充足,2F-07・2F-08
2026-10-06T21:00,3F,2,0,0,0,0,0,2,2,0,充足,3F-05・3F-06
2026-10-06T21:00,統括,2,0,0,0,1,0,1,1,0,充足,1F-02
2026-10-06T21:30,1F,2,1,0,0,0,1,2,2,0,充足,1F-01・1F-08
2026-10-06T21:30,2F,2,0,0,0,0,0,2,2,0,充足,2F-07・2F-08
2026-10-06T21:30,3F,2,0,0,0,0,0,2,2,0,充足,3F-05・3F-06
2026-10-06T21:30,統括,2,0,0,0,1,0,1,1,0,充足,1F-02
2026-10-06T22:00,1F,3,2,0,0,1,2,2,2,0,充足,1F-01・1F-23
2026-10-06T22:00,2F,2,0,0,0,0,0,2,2,0,充足,2F-07・2F-08
2026-10-06T22:00,3F,2,0,0,0,0,0,2,2,0,充足,3F-05・3F-06
2026-10-06T22:00,統括,2,0,0,0,1,0,1,1,0,充足,1F-02
2026-10-06T22:30,1F,3,2,0,0,1,2,2,2,0,充足,1F-01・1F-23
2026-10-06T22:30,2F,2,0,0,0,0,0,2,2,0,充足,2F-07・2F-08
2026-10-06T22:30,3F,2,0,0,0,0,0,2,2,0,充足,3F-05・3F-06
2026-10-06T22:30,統括,2,0,0,0,1,0,1,1,0,充足,1F-02
2026-10-06T23:00,1F,3,1,0,0,1,1,2,2,0,充足,1F-07・1F-23
2026-10-06T23:00,2F,2,1,0,0,0,1,2,2,0,充足,1F-01・2F-08
2026-10-06T23:00,3F,2,0,0,0,0,0,2,2,0,充足,3F-05・3F-06
2026-10-06T23:00,統括,2,0,0,0,1,0,1,1,0,充足,1F-02
2026-10-06T23:30,1F,3,1,0,0,1,1,2,2,0,充足,1F-07・1F-23
2026-10-06T23:30,2F,2,1,0,0,0,1,2,2,0,充足,1F-01・2F-08
2026-10-06T23:30,3F,2,0,0,0,0,0,2,2,0,充足,3F-05・3F-06
2026-10-06T23:30,統括,2,0,0,0,1,0,1,1,0,充足,1F-02
2026-10-07T00:00,1F,3,0,0,0,1,0,2,2,0,充足,1F-07・1F-08
2026-10-07T00:00,2F,2,2,0,0,0,2,2,2,0,充足,1F-01・1F-23
2026-10-07T00:00,3F,2,0,0,0,0,0,2,2,0,充足,3F-05・3F-06
2026-10-07T00:00,統括,2,0,0,0,1,0,1,1,0,充足,1F-02
2026-10-07T00:30,1F,3,0,0,0,1,0,2,2,0,充足,1F-07・1F-08
2026-10-07T00:30,2F,2,2,0,0,0,2,2,2,0,充足,1F-01・1F-23
2026-10-07T00:30,3F,2,0,0,0,0,0,2,2,0,充足,3F-05・3F-06
2026-10-07T00:30,統括,2,0,0,0,1,0,1,1,0,充足,1F-02
2026-10-07T01:00,1F,2,0,0,0,0,0,2,2,0,充足,1F-07・1F-08
2026-10-07T01:00,2F,3,1,0,0,1,1,2,2,0,充足,2F-07・2F-24
2026-10-07T01:00,3F,2,1,0,0,0,1,2,2,0,充足,1F-01・3F-06
2026-10-07T01:00,統括,2,0,0,0,1,0,1,1,0,充足,1F-02
2026-10-07T01:30,1F,2,0,0,0,0,0,2,2,0,充足,1F-07・1F-08
2026-10-07T01:30,2F,3,1,0,0,1,1,2,2,0,充足,2F-07・2F-24
2026-10-07T01:30,3F,2,1,0,0,0,1,2,2,0,充足,1F-01・3F-06
2026-10-07T01:30,統括,2,0,0,0,1,0,1,1,0,充足,1F-02
2026-10-07T02:00,1F,2,0,0,0,0,0,2,2,0,充足,1F-07・1F-08
2026-10-07T02:00,2F,3,0,0,0,1,0,2,2,0,充足,2F-07・2F-08
2026-10-07T02:00,3F,2,2,0,0,0,2,2,2,0,充足,1F-01・2F-24
2026-10-07T02:00,統括,2,0,0,0,1,0,1,1,0,充足,1F-02
2026-10-07T02:30,1F,2,0,0,0,0,0,2,2,0,充足,1F-07・1F-08
2026-10-07T02:30,2F,3,0,0,0,1,0,2,2,0,充足,2F-07・2F-08
2026-10-07T02:30,3F,2,2,0,0,0,2,2,2,0,充足,1F-01・2F-24
2026-10-07T02:30,統括,2,0,0,0,1,0,1,1,0,充足,1F-02
2026-10-07T03:00,1F,2,0,0,0,0,0,2,2,0,充足,1F-07・1F-08
2026-10-07T03:00,2F,3,0,0,0,1,0,2,2,0,充足,2F-07・2F-08
2026-10-07T03:00,3F,2,1,0,0,0,1,2,2,0,充足,2F-24・3F-05
2026-10-07T03:00,統括,2,1,0,0,0,0,1,1,0,充足,1F-02
2026-10-07T03:30,1F,2,0,0,0,0,0,2,2,0,充足,1F-07・1F-08
2026-10-07T03:30,2F,3,0,0,0,1,0,2,2,0,充足,2F-07・2F-08
2026-10-07T03:30,3F,2,1,0,0,0,1,2,2,0,充足,2F-24・3F-05
2026-10-07T03:30,統括,2,1,0,0,0,0,1,1,0,充足,1F-02
2026-10-07T04:00,1F,2,0,0,0,0,0,2,2,0,充足,1F-07・1F-08
2026-10-07T04:00,2F,2,0,0,0,0,0,2,2,0,充足,2F-07・2F-08
2026-10-07T04:00,3F,2,0,0,0,0,0,2,2,0,充足,3F-05・3F-06
2026-10-07T04:00,統括,2,1,0,0,0,0,1,1,0,充足,1F-02
2026-10-07T04:30,1F,2,0,0,0,0,0,2,2,0,充足,1F-07・1F-08
2026-10-07T04:30,2F,2,0,0,0,0,0,2,2,0,充足,2F-07・2F-08
2026-10-07T04:30,3F,2,0,0,0,0,0,2,2,0,充足,3F-05・3F-06
2026-10-07T04:30,統括,2,1,0,0,0,0,1,1,0,充足,1F-02
2026-10-07T05:00,1F,2,0,0,0,0,0,2,2,0,充足,1F-07・1F-08
2026-10-07T05:00,2F,2,0,0,0,0,0,2,2,0,充足,2F-07・2F-08
2026-10-07T05:00,3F,2,0,0,0,0,0,2,2,0,充足,3F-05・3F-06
2026-10-07T05:00,統括,2,1,0,0,0,0,1,1,0,充足,1F-01
2026-10-07T05:30,1F,2,0,0,0,0,0,2,2,0,充足,1F-07・1F-08
2026-10-07T05:30,2F,2,0,0,0,0,0,2,2,0,充足,2F-07・2F-08
2026-10-07T05:30,3F,2,0,0,0,0,0,2,2,0,充足,3F-05・3F-06
2026-10-07T05:30,統括,2,1,0,0,0,0,1,1,0,充足,1F-01
2026-10-07T06:00,1F,2,0,0,0,0,0,2,2,0,充足,1F-07・1F-08
2026-10-07T06:00,2F,2,0,0,0,0,0,2,2,0,充足,2F-07・2F-08
2026-10-07T06:00,3F,2,0,0,0,0,0,2,2,0,充足,3F-05・3F-06
2026-10-07T06:00,統括,2,1,0,0,0,0,1,1,0,充足,1F-01
2026-10-07T06:30,1F,2,0,0,0,0,0,2,2,0,充足,1F-07・1F-08
2026-10-07T06:30,2F,2,0,0,0,0,0,2,2,0,充足,2F-07・2F-08
2026-10-07T06:30,3F,2,0,0,0,0,0,2,2,0,充足,3F-05・3F-06
2026-10-07T06:30,統括,2,1,0,0,0,0,1,1,0,充足,1F-01
2026-10-07T07:00,1F,7,0,0,0,0,0,7,4,0,充足,1F-05・1F-06・1F-07・1F-08・1F-14・1F-15・1F-16
2026-10-07T07:00,2F,7,0,0,0,0,0,7,4,0,充足,2F-05・2F-06・2F-07・2F-08・2F-13・2F-15・2F-16
2026-10-07T07:00,3F,7,0,0,0,0,0,7,4,0,充足,3F-05・3F-06・3F-13・3F-14・3F-15・3F-16・3F-25
2026-10-07T07:00,統括,2,0,0,0,0,0,2,0,0,充足,1F-01・1F-02
2026-10-07T07:30,1F,7,0,0,0,0,0,7,4,0,充足,1F-05・1F-06・1F-07・1F-08・1F-14・1F-15・1F-16
2026-10-07T07:30,2F,7,0,0,0,0,0,7,4,0,充足,2F-05・2F-06・2F-07・2F-08・2F-13・2F-15・2F-16
2026-10-07T07:30,3F,7,0,0,0,0,0,7,4,0,充足,3F-05・3F-06・3F-13・3F-14・3F-15・3F-16・3F-25
2026-10-07T07:30,統括,2,0,0,0,0,0,2,0,0,充足,1F-01・1F-02
2026-10-07T08:00,1F,7,0,0,0,0,0,7,4,0,充足,1F-05・1F-06・1F-07・1F-08・1F-14・1F-15・1F-16
2026-10-07T08:00,2F,7,0,0,0,0,0,7,4,0,充足,2F-05・2F-06・2F-07・2F-08・2F-13・2F-15・2F-16
2026-10-07T08:00,3F,7,0,0,0,0,0,7,4,0,充足,3F-05・3F-06・3F-13・3F-14・3F-15・3F-16・3F-25
2026-10-07T08:00,統括,2,0,0,0,0,0,2,0,0,充足,1F-01・1F-02
2026-10-07T08:30,1F,8,0,0,0,0,0,8,4,0,充足,1F-05・1F-06・1F-07・1F-08・1F-14・1F-15・1F-16・1F-30
2026-10-07T08:30,2F,7,0,0,0,0,0,7,4,0,充足,2F-05・2F-06・2F-07・2F-08・2F-13・2F-15・2F-16
2026-10-07T08:30,3F,7,0,0,0,0,0,7,4,0,充足,3F-05・3F-06・3F-13・3F-14・3F-15・3F-16・3F-25
2026-10-07T08:30,統括,2,0,0,0,0,0,2,0,0,充足,1F-01・1F-02
2026-10-07T09:00,1F,6,0,0,0,0,0,6,4,0,充足,1F-05・1F-06・1F-14・1F-15・1F-16・1F-30
2026-10-07T09:00,2F,5,0,0,0,0,0,5,4,0,充足,2F-05・2F-06・2F-13・2F-15・2F-16
2026-10-07T09:00,3F,5,0,0,0,0,0,5,4,0,充足,3F-13・3F-14・3F-15・3F-16・3F-25
2026-10-07T09:00,統括,0,0,0,0,0,0,0,0,0,充足,
2026-10-07T09:30,1F,6,0,0,0,0,0,6,4,0,充足,1F-05・1F-06・1F-14・1F-15・1F-16・1F-30
2026-10-07T09:30,2F,5,0,0,0,0,0,5,4,0,充足,2F-05・2F-06・2F-13・2F-15・2F-16
2026-10-07T09:30,3F,5,0,0,0,0,0,5,4,0,充足,3F-13・3F-14・3F-15・3F-16・3F-25
2026-10-07T09:30,統括,0,0,0,0,0,0,0,0,0,充足,
2026-10-07T10:00,1F,11,0,1,0,0,0,10,4,0,充足,1F-06・1F-14・1F-15・1F-16・1F-27・1F-28・1F-29・1F-30・3F-03・3F-04
2026-10-07T10:00,2F,10,0,1,0,0,0,9,4,0,充足,2F-05・2F-06・2F-13・2F-14・2F-16・2F-25・2F-26・2F-27・2F-28
2026-10-07T10:00,3F,10,0,1,0,0,0,9,4,0,充足,3F-13・3F-14・3F-16・3F-25・3F-26・3F-27・3F-28・3F-29・3F-30
2026-10-07T10:00,統括,0,0,0,0,0,0,0,0,0,充足,
2026-10-07T10:30,1F,11,0,1,0,0,0,10,4,0,充足,1F-06・1F-14・1F-15・1F-16・1F-27・1F-28・1F-29・1F-30・3F-03・3F-04
2026-10-07T10:30,2F,10,0,1,0,0,0,9,4,0,充足,2F-05・2F-06・2F-13・2F-14・2F-16・2F-25・2F-26・2F-27・2F-28
2026-10-07T10:30,3F,10,0,1,0,0,0,9,4,0,充足,3F-13・3F-14・3F-16・3F-25・3F-26・3F-27・3F-28・3F-29・3F-30
2026-10-07T10:30,統括,0,0,0,0,0,0,0,0,0,充足,
2026-10-07T11:00,1F,11,5,0,0,0,0,6,4,0,充足,1F-27・1F-28・1F-29・1F-30・3F-03・3F-04
2026-10-07T11:00,2F,10,5,0,0,0,0,5,4,0,充足,2F-14・2F-25・2F-26・2F-27・2F-28
2026-10-07T11:00,3F,10,5,0,0,0,0,5,4,0,充足,3F-26・3F-27・3F-28・3F-29・3F-30
2026-10-07T11:00,統括,0,0,0,0,0,0,0,0,0,充足,
2026-10-07T11:30,1F,11,5,0,0,0,0,6,4,0,充足,1F-27・1F-28・1F-29・1F-30・3F-03・3F-04
2026-10-07T11:30,2F,10,5,0,0,0,0,5,4,0,充足,2F-14・2F-25・2F-26・2F-27・2F-28
2026-10-07T11:30,3F,10,5,0,0,0,0,5,4,0,充足,3F-26・3F-27・3F-28・3F-29・3F-30
2026-10-07T11:30,統括,0,0,0,0,0,0,0,0,0,充足,
2026-10-07T12:00,1F,11,1,0,0,0,0,10,4,0,充足,1F-05・1F-06・1F-14・1F-15・1F-16・1F-27・1F-28・1F-29・3F-03・3F-04
2026-10-07T12:00,2F,10,0,0,0,0,0,10,4,0,充足,2F-05・2F-06・2F-13・2F-14・2F-15・2F-16・2F-25・2F-26・2F-27・2F-28
2026-10-07T12:00,3F,10,0,0,0,0,0,10,4,0,充足,3F-13・3F-14・3F-15・3F-16・3F-25・3F-26・3F-27・3F-28・3F-29・3F-30
2026-10-07T12:00,統括,0,0,0,0,0,0,0,0,0,充足,
2026-10-07T12:30,1F,11,1,0,0,0,0,10,4,0,充足,1F-05・1F-06・1F-14・1F-15・1F-16・1F-27・1F-28・1F-29・3F-03・3F-04
2026-10-07T12:30,2F,10,0,0,0,0,0,10,4,0,充足,2F-05・2F-06・2F-13・2F-14・2F-15・2F-16・2F-25・2F-26・2F-27・2F-28
2026-10-07T12:30,3F,10,0,0,0,0,0,10,4,0,充足,3F-13・3F-14・3F-15・3F-16・3F-25・3F-26・3F-27・3F-28・3F-29・3F-30
2026-10-07T12:30,統括,0,0,0,0,0,0,0,0,0,充足,
2026-10-07T13:00,1F,11,5,0,0,0,0,6,4,0,充足,1F-05・1F-06・1F-14・1F-15・1F-16・1F-30
2026-10-07T13:00,2F,10,5,0,0,0,0,5,4,0,充足,2F-05・2F-06・2F-13・2F-15・2F-16
2026-10-07T13:00,3F,10,5,0,0,0,0,5,4,0,充足,3F-13・3F-14・3F-15・3F-16・3F-25
2026-10-07T13:00,統括,0,0,0,0,0,0,0,0,0,充足,
2026-10-07T13:30,1F,11,5,0,0,0,0,6,4,0,充足,1F-05・1F-06・1F-14・1F-15・1F-16・1F-30
2026-10-07T13:30,2F,10,5,0,0,0,0,5,4,0,充足,2F-05・2F-06・2F-13・2F-15・2F-16
2026-10-07T13:30,3F,10,5,0,0,0,0,5,4,0,充足,3F-13・3F-14・3F-15・3F-16・3F-25
2026-10-07T13:30,統括,0,0,0,0,0,0,0,0,0,充足,
2026-10-07T14:00,1F,11,0,0,0,0,0,11,4,0,充足,1F-05・1F-06・1F-14・1F-15・1F-16・1F-27・1F-28・1F-29・1F-30・3F-03・3F-04
2026-10-07T14:00,2F,10,0,0,0,0,0,10,4,0,充足,2F-05・2F-06・2F-13・2F-14・2F-15・2F-16・2F-25・2F-26・2F-27・2F-28
2026-10-07T14:00,3F,10,0,0,0,0,0,10,4,0,充足,3F-13・3F-14・3F-15・3F-16・3F-25・3F-26・3F-27・3F-28・3F-29・3F-30
2026-10-07T14:00,統括,0,0,0,0,0,0,0,0,0,充足,
2026-10-07T14:30,1F,11,0,0,0,0,0,11,4,0,充足,1F-05・1F-06・1F-14・1F-15・1F-16・1F-27・1F-28・1F-29・1F-30・3F-03・3F-04
2026-10-07T14:30,2F,10,0,0,0,0,0,10,4,0,充足,2F-05・2F-06・2F-13・2F-14・2F-15・2F-16・2F-25・2F-26・2F-27・2F-28
2026-10-07T14:30,3F,10,0,0,0,0,0,10,4,0,充足,3F-13・3F-14・3F-15・3F-16・3F-25・3F-26・3F-27・3F-28・3F-29・3F-30
2026-10-07T14:30,統括,0,0,0,0,0,0,0,0,0,充足,
2026-10-07T15:00,1F,11,0,1,0,0,0,10,4,0,充足,1F-05・1F-06・1F-14・1F-15・1F-16・1F-28・1F-29・1F-30・3F-03・3F-04
2026-10-07T15:00,2F,10,0,1,0,0,0,9,4,0,充足,2F-05・2F-06・2F-13・2F-15・2F-16・2F-25・2F-26・2F-27・2F-28
2026-10-07T15:00,3F,10,0,1,0,0,0,9,4,0,充足,3F-13・3F-14・3F-15・3F-16・3F-25・3F-27・3F-28・3F-29・3F-30
2026-10-07T15:00,統括,0,0,0,0,0,0,0,0,0,充足,
2026-10-07T15:30,1F,11,0,1,0,0,0,10,4,0,充足,1F-05・1F-06・1F-14・1F-15・1F-16・1F-28・1F-29・1F-30・3F-03・3F-04
2026-10-07T15:30,2F,10,0,1,0,0,0,9,4,0,充足,2F-05・2F-06・2F-13・2F-15・2F-16・2F-25・2F-26・2F-27・2F-28
2026-10-07T15:30,3F,10,0,1,0,0,0,9,4,0,充足,3F-13・3F-14・3F-15・3F-16・3F-25・3F-27・3F-28・3F-29・3F-30
2026-10-07T15:30,統括,0,0,0,0,0,0,0,0,0,充足,
2026-10-07T16:00,1F,8,0,0,0,0,0,8,4,0,充足,1F-09・1F-10・1F-27・1F-28・1F-29・1F-30・3F-03・3F-04
2026-10-07T16:00,2F,7,0,0,0,0,0,7,4,0,充足,2F-09・2F-10・2F-14・2F-25・2F-26・2F-27・2F-28
2026-10-07T16:00,3F,7,0,0,0,0,0,7,4,0,充足,3F-07・3F-08・3F-26・3F-27・3F-28・3F-29・3F-30
2026-10-07T16:00,統括,2,0,0,0,0,0,2,0,0,充足,1F-03・1F-04
2026-10-07T16:30,1F,8,2,0,0,0,0,6,4,0,充足,1F-27・1F-28・1F-29・1F-30・3F-03・3F-04
2026-10-07T16:30,2F,7,2,0,0,0,0,5,4,0,充足,2F-14・2F-25・2F-26・2F-27・2F-28
2026-10-07T16:30,3F,7,0,0,0,0,0,7,4,0,充足,3F-07・3F-08・3F-26・3F-27・3F-28・3F-29・3F-30
2026-10-07T16:30,統括,2,0,0,0,0,0,2,0,0,充足,1F-03・1F-04
2026-10-07T17:00,1F,8,2,0,0,0,0,6,4,0,充足,1F-27・1F-28・1F-29・1F-30・3F-03・3F-04
2026-10-07T17:00,2F,7,2,0,0,0,0,5,4,0,充足,2F-14・2F-25・2F-26・2F-27・2F-28
2026-10-07T17:00,3F,7,0,0,0,0,0,7,4,0,充足,3F-07・3F-08・3F-26・3F-27・3F-28・3F-29・3F-30
2026-10-07T17:00,統括,2,0,0,0,0,0,2,0,0,充足,1F-03・1F-04
2026-10-07T17:30,1F,7,0,0,0,0,0,7,4,0,充足,1F-09・1F-10・1F-27・1F-28・1F-29・3F-03・3F-04
2026-10-07T17:30,2F,7,0,0,0,0,0,7,4,0,充足,2F-09・2F-10・2F-14・2F-25・2F-26・2F-27・2F-28
2026-10-07T17:30,3F,7,2,0,0,0,0,5,4,0,充足,3F-26・3F-27・3F-28・3F-29・3F-30
2026-10-07T17:30,統括,2,2,0,0,0,0,0,0,0,充足,
2026-10-07T18:00,1F,7,0,0,0,0,0,7,4,0,充足,1F-09・1F-10・1F-27・1F-28・1F-29・3F-03・3F-04
2026-10-07T18:00,2F,7,0,0,0,0,0,7,4,0,充足,2F-09・2F-10・2F-14・2F-25・2F-26・2F-27・2F-28
2026-10-07T18:00,3F,7,2,0,0,0,0,5,4,0,充足,3F-26・3F-27・3F-28・3F-29・3F-30
2026-10-07T18:00,統括,2,2,0,0,0,0,0,0,0,充足,
2026-10-07T18:30,1F,7,0,0,0,0,0,7,4,0,充足,1F-09・1F-10・1F-27・1F-28・1F-29・3F-03・3F-04
2026-10-07T18:30,2F,7,0,0,0,0,0,7,4,0,充足,2F-09・2F-10・2F-14・2F-25・2F-26・2F-27・2F-28
2026-10-07T18:30,3F,7,0,0,0,0,0,7,4,0,充足,3F-07・3F-08・3F-26・3F-27・3F-28・3F-29・3F-30
2026-10-07T18:30,統括,2,0,0,0,0,0,2,0,0,充足,1F-03・1F-04
2026-10-07T19:00,1F,2,0,0,0,0,0,2,2,0,充足,1F-09・1F-10
2026-10-07T19:00,2F,2,0,0,0,0,0,2,2,0,充足,2F-09・2F-10
2026-10-07T19:00,3F,2,0,0,0,0,0,2,2,0,充足,3F-07・3F-08
2026-10-07T19:00,統括,2,0,0,0,0,0,2,1,0,充足,1F-03・1F-04
2026-10-07T19:30,1F,2,0,0,0,0,0,2,2,0,充足,1F-09・1F-10
2026-10-07T19:30,2F,2,0,0,0,0,0,2,2,0,充足,2F-09・2F-10
2026-10-07T19:30,3F,2,0,0,0,0,0,2,2,0,充足,3F-07・3F-08
2026-10-07T19:30,統括,2,0,0,0,0,0,2,1,0,充足,1F-03・1F-04
2026-10-07T20:00,1F,2,0,0,0,0,0,2,2,0,充足,1F-09・1F-10
2026-10-07T20:00,2F,2,0,0,0,0,0,2,2,0,充足,2F-09・2F-10
2026-10-07T20:00,3F,2,0,0,0,0,0,2,2,0,充足,3F-07・3F-08
2026-10-07T20:00,統括,2,0,0,0,0,0,2,1,0,充足,1F-03・1F-04
2026-10-07T20:30,1F,2,0,0,0,0,0,2,2,0,充足,1F-09・1F-10
2026-10-07T20:30,2F,2,0,0,0,0,0,2,2,0,充足,2F-09・2F-10
2026-10-07T20:30,3F,2,0,0,0,0,0,2,2,0,充足,3F-07・3F-08
2026-10-07T20:30,統括,2,0,0,0,0,0,2,1,0,充足,1F-03・1F-04
2026-10-07T21:00,1F,2,1,0,0,0,1,2,2,0,充足,1F-03・1F-10
2026-10-07T21:00,2F,2,0,0,0,0,0,2,2,0,充足,2F-09・2F-10
2026-10-07T21:00,3F,2,0,0,0,0,0,2,2,0,充足,3F-07・3F-08
2026-10-07T21:00,統括,2,0,0,0,1,0,1,1,0,充足,1F-04
2026-10-07T21:30,1F,2,1,0,0,0,1,2,2,0,充足,1F-03・1F-10
2026-10-07T21:30,2F,2,0,0,0,0,0,2,2,0,充足,2F-09・2F-10
2026-10-07T21:30,3F,2,0,0,0,0,0,2,2,0,充足,3F-07・3F-08
2026-10-07T21:30,統括,2,0,0,0,1,0,1,1,0,充足,1F-04
2026-10-07T22:00,1F,3,2,0,0,1,2,2,2,0,充足,1F-03・1F-25
2026-10-07T22:00,2F,2,0,0,0,0,0,2,2,0,充足,2F-09・2F-10
2026-10-07T22:00,3F,2,0,0,0,0,0,2,2,0,充足,3F-07・3F-08
2026-10-07T22:00,統括,2,0,0,0,1,0,1,1,0,充足,1F-04
2026-10-07T22:30,1F,3,2,0,0,1,2,2,2,0,充足,1F-03・1F-25
2026-10-07T22:30,2F,2,0,0,0,0,0,2,2,0,充足,2F-09・2F-10
2026-10-07T22:30,3F,2,0,0,0,0,0,2,2,0,充足,3F-07・3F-08
2026-10-07T22:30,統括,2,0,0,0,1,0,1,1,0,充足,1F-04
2026-10-07T23:00,1F,3,1,0,0,1,1,2,2,0,充足,1F-09・1F-25
2026-10-07T23:00,2F,2,1,0,0,0,1,2,2,0,充足,1F-03・2F-10
2026-10-07T23:00,3F,2,0,0,0,0,0,2,2,0,充足,3F-07・3F-08
2026-10-07T23:00,統括,2,0,0,0,1,0,1,1,0,充足,1F-04
2026-10-07T23:30,1F,3,1,0,0,1,1,2,2,0,充足,1F-09・1F-25
2026-10-07T23:30,2F,2,1,0,0,0,1,2,2,0,充足,1F-03・2F-10
2026-10-07T23:30,3F,2,0,0,0,0,0,2,2,0,充足,3F-07・3F-08
2026-10-07T23:30,統括,2,0,0,0,1,0,1,1,0,充足,1F-04
2026-10-08T00:00,1F,3,0,0,0,1,0,2,2,0,充足,1F-09・1F-10
2026-10-08T00:00,2F,2,2,0,0,0,2,2,2,0,充足,1F-03・1F-25
2026-10-08T00:00,3F,2,0,0,0,0,0,2,2,0,充足,3F-07・3F-08
2026-10-08T00:00,統括,2,0,0,0,1,0,1,1,0,充足,1F-04
2026-10-08T00:30,1F,3,0,0,0,1,0,2,2,0,充足,1F-09・1F-10
2026-10-08T00:30,2F,2,2,0,0,0,2,2,2,0,充足,1F-03・1F-25
2026-10-08T00:30,3F,2,0,0,0,0,0,2,2,0,充足,3F-07・3F-08
2026-10-08T00:30,統括,2,0,0,0,1,0,1,1,0,充足,1F-04
2026-10-08T01:00,1F,2,0,0,0,0,0,2,2,0,充足,1F-09・1F-10
2026-10-08T01:00,2F,3,1,0,0,1,1,2,2,0,充足,1F-24・2F-09
2026-10-08T01:00,3F,2,1,0,0,0,1,2,2,0,充足,1F-03・3F-08
2026-10-08T01:00,統括,2,0,0,0,1,0,1,1,0,充足,1F-04
2026-10-08T01:30,1F,2,0,0,0,0,0,2,2,0,充足,1F-09・1F-10
2026-10-08T01:30,2F,3,1,0,0,1,1,2,2,0,充足,1F-24・2F-09
2026-10-08T01:30,3F,2,1,0,0,0,1,2,2,0,充足,1F-03・3F-08
2026-10-08T01:30,統括,2,0,0,0,1,0,1,1,0,充足,1F-04
2026-10-08T02:00,1F,2,0,0,0,0,0,2,2,0,充足,1F-09・1F-10
2026-10-08T02:00,2F,3,0,0,0,1,0,2,2,0,充足,2F-09・2F-10
2026-10-08T02:00,3F,2,2,0,0,0,2,2,2,0,充足,1F-03・1F-24
2026-10-08T02:00,統括,2,0,0,0,1,0,1,1,0,充足,1F-04
2026-10-08T02:30,1F,2,0,0,0,0,0,2,2,0,充足,1F-09・1F-10
2026-10-08T02:30,2F,3,0,0,0,1,0,2,2,0,充足,2F-09・2F-10
2026-10-08T02:30,3F,2,2,0,0,0,2,2,2,0,充足,1F-03・1F-24
2026-10-08T02:30,統括,2,0,0,0,1,0,1,1,0,充足,1F-04
2026-10-08T03:00,1F,2,0,0,0,0,0,2,2,0,充足,1F-09・1F-10
2026-10-08T03:00,2F,3,0,0,0,1,0,2,2,0,充足,2F-09・2F-10
2026-10-08T03:00,3F,2,1,0,0,0,1,2,2,0,充足,1F-24・3F-07
2026-10-08T03:00,統括,2,1,0,0,0,0,1,1,0,充足,1F-04
2026-10-08T03:30,1F,2,0,0,0,0,0,2,2,0,充足,1F-09・1F-10
2026-10-08T03:30,2F,3,0,0,0,1,0,2,2,0,充足,2F-09・2F-10
2026-10-08T03:30,3F,2,1,0,0,0,1,2,2,0,充足,1F-24・3F-07
2026-10-08T03:30,統括,2,1,0,0,0,0,1,1,0,充足,1F-04
2026-10-08T04:00,1F,2,0,0,0,0,0,2,2,0,充足,1F-09・1F-10
2026-10-08T04:00,2F,2,0,0,0,0,0,2,2,0,充足,2F-09・2F-10
2026-10-08T04:00,3F,2,0,0,0,0,0,2,2,0,充足,3F-07・3F-08
2026-10-08T04:00,統括,2,1,0,0,0,0,1,1,0,充足,1F-04
2026-10-08T04:30,1F,2,0,0,0,0,0,2,2,0,充足,1F-09・1F-10
2026-10-08T04:30,2F,2,0,0,0,0,0,2,2,0,充足,2F-09・2F-10
2026-10-08T04:30,3F,2,0,0,0,0,0,2,2,0,充足,3F-07・3F-08
2026-10-08T04:30,統括,2,1,0,0,0,0,1,1,0,充足,1F-04
2026-10-08T05:00,1F,2,0,0,0,0,0,2,2,0,充足,1F-09・1F-10
2026-10-08T05:00,2F,2,0,0,0,0,0,2,2,0,充足,2F-09・2F-10
2026-10-08T05:00,3F,2,0,0,0,0,0,2,2,0,充足,3F-07・3F-08
2026-10-08T05:00,統括,2,1,0,0,0,0,1,1,0,充足,1F-03
2026-10-08T05:30,1F,2,0,0,0,0,0,2,2,0,充足,1F-09・1F-10
2026-10-08T05:30,2F,2,0,0,0,0,0,2,2,0,充足,2F-09・2F-10
2026-10-08T05:30,3F,2,0,0,0,0,0,2,2,0,充足,3F-07・3F-08
2026-10-08T05:30,統括,2,1,0,0,0,0,1,1,0,充足,1F-03
2026-10-08T06:00,1F,2,0,0,0,0,0,2,2,0,充足,1F-09・1F-10
2026-10-08T06:00,2F,2,0,0,0,0,0,2,2,0,充足,2F-09・2F-10
2026-10-08T06:00,3F,2,0,0,0,0,0,2,2,0,充足,3F-07・3F-08
2026-10-08T06:00,統括,2,1,0,0,0,0,1,1,0,充足,1F-03
2026-10-08T06:30,1F,2,0,0,0,0,0,2,2,0,充足,1F-09・1F-10
2026-10-08T06:30,2F,2,0,0,0,0,0,2,2,0,充足,2F-09・2F-10
2026-10-08T06:30,3F,2,0,0,0,0,0,2,2,0,充足,3F-07・3F-08
2026-10-08T06:30,統括,2,1,0,0,0,0,1,1,0,充足,1F-03
2026-10-08T07:00,1F,7,0,0,0,0,0,7,4,0,充足,1F-01・1F-02・1F-05・1F-06・1F-09・1F-10・1F-30
2026-10-08T07:00,2F,8,0,0,0,0,0,8,4,0,充足,2F-09・2F-10・2F-15・2F-19・2F-25・2F-26・2F-27・2F-28
2026-10-08T07:00,3F,7,0,0,0,0,0,7,4,0,充足,3F-03・3F-06・3F-07・3F-08・3F-15・3F-29・3F-30
2026-10-08T07:00,統括,2,0,0,0,0,0,2,0,0,充足,1F-03・1F-04
2026-10-08T07:30,1F,7,0,0,0,0,0,7,4,0,充足,1F-01・1F-02・1F-05・1F-06・1F-09・1F-10・1F-30
2026-10-08T07:30,2F,8,0,0,0,0,0,8,4,0,充足,2F-09・2F-10・2F-15・2F-19・2F-25・2F-26・2F-27・2F-28
2026-10-08T07:30,3F,7,0,0,0,0,0,7,4,0,充足,3F-03・3F-06・3F-07・3F-08・3F-15・3F-29・3F-30
2026-10-08T07:30,統括,2,0,0,0,0,0,2,0,0,充足,1F-03・1F-04
2026-10-08T08:00,1F,7,0,0,0,0,0,7,4,0,充足,1F-01・1F-02・1F-05・1F-06・1F-09・1F-10・1F-30
2026-10-08T08:00,2F,8,0,0,0,0,0,8,4,0,充足,2F-09・2F-10・2F-15・2F-19・2F-25・2F-26・2F-27・2F-28
2026-10-08T08:00,3F,7,0,0,0,0,0,7,4,0,充足,3F-03・3F-06・3F-07・3F-08・3F-15・3F-29・3F-30
2026-10-08T08:00,統括,2,0,0,0,0,0,2,0,0,充足,1F-03・1F-04
2026-10-08T08:30,1F,7,0,0,0,0,0,7,4,0,充足,1F-01・1F-02・1F-05・1F-06・1F-09・1F-10・1F-30
2026-10-08T08:30,2F,8,0,0,0,0,0,8,4,0,充足,2F-09・2F-10・2F-15・2F-19・2F-25・2F-26・2F-27・2F-28
2026-10-08T08:30,3F,7,0,0,0,0,0,7,4,0,充足,3F-03・3F-06・3F-07・3F-08・3F-15・3F-29・3F-30
2026-10-08T08:30,統括,2,0,0,0,0,0,2,0,0,充足,1F-03・1F-04
2026-10-08T09:00,1F,5,0,0,0,0,0,5,4,0,充足,1F-01・1F-02・1F-05・1F-06・1F-30
2026-10-08T09:00,2F,6,0,0,0,0,0,6,4,0,充足,2F-15・2F-19・2F-25・2F-26・2F-27・2F-28
2026-10-08T09:00,3F,5,0,0,0,0,0,5,4,0,充足,3F-03・3F-06・3F-15・3F-29・3F-30
2026-10-08T09:00,統括,0,0,0,0,0,0,0,0,0,充足,
2026-10-08T09:30,1F,5,0,0,0,0,0,5,4,0,充足,1F-01・1F-02・1F-05・1F-06・1F-30
2026-10-08T09:30,2F,6,0,0,0,0,0,6,4,0,充足,2F-15・2F-19・2F-25・2F-26・2F-27・2F-28
2026-10-08T09:30,3F,5,0,0,0,0,0,5,4,0,充足,3F-03・3F-06・3F-15・3F-29・3F-30
2026-10-08T09:30,統括,0,0,0,0,0,0,0,0,0,充足,
2026-10-08T10:00,1F,10,0,1,0,0,0,9,4,0,充足,1F-02・1F-05・1F-06・1F-15・1F-16・1F-27・1F-28・1F-29・1F-30
2026-10-08T10:00,2F,11,0,1,0,0,0,10,4,0,充足,2F-15・2F-16・2F-19・2F-26・2F-27・2F-28・3F-25・3F-26・3F-27・3F-28
2026-10-08T10:00,3F,10,0,1,0,0,0,9,4,0,充足,3F-06・3F-15・3F-16・3F-29・3F-30・3F-31・3F-32・3F-33・3F-34
2026-10-08T10:00,統括,0,0,0,0,0,0,0,0,0,充足,
2026-10-08T10:30,1F,10,0,1,0,0,0,9,4,0,充足,1F-02・1F-05・1F-06・1F-15・1F-16・1F-27・1F-28・1F-29・1F-30
2026-10-08T10:30,2F,11,0,1,0,0,0,10,4,0,充足,2F-15・2F-16・2F-19・2F-26・2F-27・2F-28・3F-25・3F-26・3F-27・3F-28
2026-10-08T10:30,3F,10,0,1,0,0,0,9,4,0,充足,3F-06・3F-15・3F-16・3F-29・3F-30・3F-31・3F-32・3F-33・3F-34
2026-10-08T10:30,統括,0,0,0,0,0,0,0,0,0,充足,
2026-10-08T11:00,1F,10,5,0,0,0,0,5,4,0,充足,1F-15・1F-16・1F-27・1F-28・1F-29
2026-10-08T11:00,2F,11,5,0,0,0,0,6,4,0,充足,2F-16・2F-19・3F-25・3F-26・3F-27・3F-28
2026-10-08T11:00,3F,10,5,0,0,0,0,5,4,0,充足,3F-16・3F-31・3F-32・3F-33・3F-34
2026-10-08T11:00,統括,0,0,0,0,0,0,0,0,0,充足,
2026-10-08T11:30,1F,10,5,0,0,0,0,5,4,0,充足,1F-15・1F-16・1F-27・1F-28・1F-29
2026-10-08T11:30,2F,11,5,0,0,0,0,6,4,0,充足,2F-16・2F-19・3F-25・3F-26・3F-27・3F-28
2026-10-08T11:30,3F,10,5,0,0,0,0,5,4,0,充足,3F-16・3F-31・3F-32・3F-33・3F-34
2026-10-08T11:30,統括,0,0,0,0,0,0,0,0,0,充足,
2026-10-08T12:00,1F,10,0,0,0,0,0,10,4,0,充足,1F-01・1F-02・1F-05・1F-06・1F-15・1F-16・1F-27・1F-28・1F-29・1F-30
2026-10-08T12:00,2F,10,0,0,0,0,0,10,4,0,充足,2F-15・2F-16・2F-25・2F-26・2F-27・2F-28・3F-25・3F-26・3F-27・3F-28
2026-10-08T12:00,3F,10,0,0,0,0,0,10,4,0,充足,3F-03・3F-06・3F-15・3F-16・3F-29・3F-30・3F-31・3F-32・3F-33・3F-34
2026-10-08T12:00,統括,0,0,0,0,0,0,0,0,0,充足,
2026-10-08T12:30,1F,10,0,0,0,0,0,10,4,0,充足,1F-01・1F-02・1F-05・1F-06・1F-15・1F-16・1F-27・1F-28・1F-29・1F-30
2026-10-08T12:30,2F,10,0,0,0,0,0,10,4,0,充足,2F-15・2F-16・2F-25・2F-26・2F-27・2F-28・3F-25・3F-26・3F-27・3F-28
2026-10-08T12:30,3F,10,0,0,0,0,0,10,4,0,充足,3F-03・3F-06・3F-15・3F-16・3F-29・3F-30・3F-31・3F-32・3F-33・3F-34
2026-10-08T12:30,統括,0,0,0,0,0,0,0,0,0,充足,
2026-10-08T13:00,1F,10,5,0,0,0,0,5,4,0,充足,1F-01・1F-02・1F-05・1F-06・1F-30
2026-10-08T13:00,2F,10,5,0,0,0,0,5,4,0,充足,2F-15・2F-25・2F-26・2F-27・2F-28
2026-10-08T13:00,3F,10,5,0,0,0,0,5,4,0,充足,3F-03・3F-06・3F-15・3F-29・3F-30
2026-10-08T13:00,統括,0,0,0,0,0,0,0,0,0,充足,
2026-10-08T13:30,1F,10,5,0,0,0,0,5,4,0,充足,1F-01・1F-02・1F-05・1F-06・1F-30
2026-10-08T13:30,2F,10,5,0,0,0,0,5,4,0,充足,2F-15・2F-25・2F-26・2F-27・2F-28
2026-10-08T13:30,3F,10,5,0,0,0,0,5,4,0,充足,3F-03・3F-06・3F-15・3F-29・3F-30
2026-10-08T13:30,統括,0,0,0,0,0,0,0,0,0,充足,
2026-10-08T14:00,1F,10,0,0,0,0,0,10,4,0,充足,1F-01・1F-02・1F-05・1F-06・1F-15・1F-16・1F-27・1F-28・1F-29・1F-30
2026-10-08T14:00,2F,10,0,0,0,0,0,10,4,0,充足,2F-15・2F-16・2F-25・2F-26・2F-27・2F-28・3F-25・3F-26・3F-27・3F-28
2026-10-08T14:00,3F,10,0,0,0,0,0,10,4,0,充足,3F-03・3F-06・3F-15・3F-16・3F-29・3F-30・3F-31・3F-32・3F-33・3F-34
2026-10-08T14:00,統括,0,0,0,0,0,0,0,0,0,充足,
2026-10-08T14:30,1F,10,0,0,0,0,0,10,4,0,充足,1F-01・1F-02・1F-05・1F-06・1F-15・1F-16・1F-27・1F-28・1F-29・1F-30
2026-10-08T14:30,2F,10,0,0,0,0,0,10,4,0,充足,2F-15・2F-16・2F-25・2F-26・2F-27・2F-28・3F-25・3F-26・3F-27・3F-28
2026-10-08T14:30,3F,10,0,0,0,0,0,10,4,0,充足,3F-03・3F-06・3F-15・3F-16・3F-29・3F-30・3F-31・3F-32・3F-33・3F-34
2026-10-08T14:30,統括,0,0,0,0,0,0,0,0,0,充足,
2026-10-08T15:00,1F,10,0,1,0,0,0,9,4,0,充足,1F-01・1F-02・1F-05・1F-06・1F-16・1F-27・1F-28・1F-29・1F-30
2026-10-08T15:00,2F,10,0,1,0,0,0,9,4,0,充足,2F-15・2F-25・2F-26・2F-27・2F-28・3F-25・3F-26・3F-27・3F-28
2026-10-08T15:00,3F,10,0,1,0,0,0,9,4,0,充足,3F-03・3F-06・3F-15・3F-29・3F-30・3F-31・3F-32・3F-33・3F-34
2026-10-08T15:00,統括,0,0,0,0,0,0,0,0,0,充足,
2026-10-08T15:30,1F,10,0,1,0,0,0,9,4,0,充足,1F-01・1F-02・1F-05・1F-06・1F-16・1F-27・1F-28・1F-29・1F-30
2026-10-08T15:30,2F,10,0,1,0,0,0,9,4,0,充足,2F-15・2F-25・2F-26・2F-27・2F-28・3F-25・3F-26・3F-27・3F-28
2026-10-08T15:30,3F,10,0,1,0,0,0,9,4,0,充足,3F-03・3F-06・3F-15・3F-29・3F-30・3F-31・3F-32・3F-33・3F-34
2026-10-08T15:30,統括,0,0,0,0,0,0,0,0,0,充足,
2026-10-08T16:00,1F,7,0,0,0,0,0,7,4,0,充足,1F-11・1F-14・1F-15・1F-16・1F-27・1F-28・1F-29
2026-10-08T16:00,2F,7,0,0,0,0,0,7,4,0,充足,2F-13・2F-14・2F-16・3F-25・3F-26・3F-27・3F-28
2026-10-08T16:00,3F,7,0,0,0,0,0,7,4,0,充足,3F-13・3F-14・3F-16・3F-31・3F-32・3F-33・3F-34
2026-10-08T16:00,統括,2,0,0,0,0,0,2,0,0,充足,2F-01・2F-02
2026-10-08T16:30,1F,7,2,0,0,0,0,5,4,0,充足,1F-15・1F-16・1F-27・1F-28・1F-29
2026-10-08T16:30,2F,7,2,0,0,0,0,5,4,0,充足,2F-16・3F-25・3F-26・3F-27・3F-28
2026-10-08T16:30,3F,7,0,0,0,0,0,7,4,0,充足,3F-13・3F-14・3F-16・3F-31・3F-32・3F-33・3F-34
2026-10-08T16:30,統括,2,0,0,0,0,0,2,0,0,充足,2F-01・2F-02
2026-10-08T17:00,1F,7,2,0,0,0,0,5,4,0,充足,1F-15・1F-16・1F-27・1F-28・1F-29
2026-10-08T17:00,2F,7,2,0,0,0,0,5,4,0,充足,2F-16・3F-25・3F-26・3F-27・3F-28
2026-10-08T17:00,3F,7,0,0,0,0,0,7,4,0,充足,3F-13・3F-14・3F-16・3F-31・3F-32・3F-33・3F-34
2026-10-08T17:00,統括,2,0,0,0,0,0,2,0,0,充足,2F-01・2F-02
2026-10-08T17:30,1F,7,0,0,0,0,0,7,4,0,充足,1F-11・1F-14・1F-15・1F-16・1F-27・1F-28・1F-29
2026-10-08T17:30,2F,7,0,0,0,0,0,7,4,0,充足,2F-13・2F-14・2F-16・3F-25・3F-26・3F-27・3F-28
2026-10-08T17:30,3F,7,2,0,0,0,0,5,4,0,充足,3F-16・3F-31・3F-32・3F-33・3F-34
2026-10-08T17:30,統括,2,2,0,0,0,0,0,0,0,充足,
2026-10-08T18:00,1F,7,0,0,0,0,0,7,4,0,充足,1F-11・1F-14・1F-15・1F-16・1F-27・1F-28・1F-29
2026-10-08T18:00,2F,7,0,0,0,0,0,7,4,0,充足,2F-13・2F-14・2F-16・3F-25・3F-26・3F-27・3F-28
2026-10-08T18:00,3F,7,2,0,0,0,0,5,4,0,充足,3F-16・3F-31・3F-32・3F-33・3F-34
2026-10-08T18:00,統括,2,2,0,0,0,0,0,0,0,充足,
2026-10-08T18:30,1F,7,0,0,0,0,0,7,4,0,充足,1F-11・1F-14・1F-15・1F-16・1F-27・1F-28・1F-29
2026-10-08T18:30,2F,7,0,0,0,0,0,7,4,0,充足,2F-13・2F-14・2F-16・3F-25・3F-26・3F-27・3F-28
2026-10-08T18:30,3F,7,0,0,0,0,0,7,4,0,充足,3F-13・3F-14・3F-16・3F-31・3F-32・3F-33・3F-34
2026-10-08T18:30,統括,2,0,0,0,0,0,2,0,0,充足,2F-01・2F-02
2026-10-08T19:00,1F,2,0,0,0,0,0,2,2,0,充足,1F-11・1F-14
2026-10-08T19:00,2F,2,0,0,0,0,0,2,2,0,充足,2F-13・2F-14
2026-10-08T19:00,3F,2,0,0,0,0,0,2,2,0,充足,3F-13・3F-14
2026-10-08T19:00,統括,2,0,0,0,0,0,2,1,0,充足,2F-01・2F-02
2026-10-08T19:30,1F,2,0,0,0,0,0,2,2,0,充足,1F-11・1F-14
2026-10-08T19:30,2F,2,0,0,0,0,0,2,2,0,充足,2F-13・2F-14
2026-10-08T19:30,3F,2,0,0,0,0,0,2,2,0,充足,3F-13・3F-14
2026-10-08T19:30,統括,2,0,0,0,0,0,2,1,0,充足,2F-01・2F-02
2026-10-08T20:00,1F,2,0,0,0,0,0,2,2,0,充足,1F-11・1F-14
2026-10-08T20:00,2F,2,0,0,0,0,0,2,2,0,充足,2F-13・2F-14
2026-10-08T20:00,3F,2,0,0,0,0,0,2,2,0,充足,3F-13・3F-14
2026-10-08T20:00,統括,2,0,0,0,0,0,2,1,0,充足,2F-01・2F-02
2026-10-08T20:30,1F,2,0,0,0,0,0,2,2,0,充足,1F-11・1F-14
2026-10-08T20:30,2F,2,0,0,0,0,0,2,2,0,充足,2F-13・2F-14
2026-10-08T20:30,3F,2,0,0,0,0,0,2,2,0,充足,3F-13・3F-14
2026-10-08T20:30,統括,2,0,0,0,0,0,2,1,0,充足,2F-01・2F-02
2026-10-08T21:00,1F,2,1,0,0,0,1,2,2,0,充足,1F-11・2F-01
2026-10-08T21:00,2F,2,0,0,0,0,0,2,2,0,充足,2F-13・2F-14
2026-10-08T21:00,3F,2,0,0,0,0,0,2,2,0,充足,3F-13・3F-14
2026-10-08T21:00,統括,2,0,0,0,1,0,1,1,0,充足,2F-02
2026-10-08T21:30,1F,2,1,0,0,0,1,2,2,0,充足,1F-11・2F-01
2026-10-08T21:30,2F,2,0,0,0,0,0,2,2,0,充足,2F-13・2F-14
2026-10-08T21:30,3F,2,0,0,0,0,0,2,2,0,充足,3F-13・3F-14
2026-10-08T21:30,統括,2,0,0,0,1,0,1,1,0,充足,2F-02
2026-10-08T22:00,1F,3,2,0,0,1,2,2,2,0,充足,1F-23・2F-01
2026-10-08T22:00,2F,2,0,0,0,0,0,2,2,0,充足,2F-13・2F-14
2026-10-08T22:00,3F,2,0,0,0,0,0,2,2,0,充足,3F-13・3F-14
2026-10-08T22:00,統括,2,0,0,0,1,0,1,1,0,充足,2F-02
2026-10-08T22:30,1F,3,2,0,0,1,2,2,2,0,充足,1F-23・2F-01
2026-10-08T22:30,2F,2,0,0,0,0,0,2,2,0,充足,2F-13・2F-14
2026-10-08T22:30,3F,2,0,0,0,0,0,2,2,0,充足,3F-13・3F-14
2026-10-08T22:30,統括,2,0,0,0,1,0,1,1,0,充足,2F-02
2026-10-08T23:00,1F,3,1,0,0,1,1,2,2,0,充足,1F-14・1F-23
2026-10-08T23:00,2F,2,1,0,0,0,1,2,2,0,充足,2F-01・2F-14
2026-10-08T23:00,3F,2,0,0,0,0,0,2,2,0,充足,3F-13・3F-14
2026-10-08T23:00,統括,2,0,0,0,1,0,1,1,0,充足,2F-02
2026-10-08T23:30,1F,3,1,0,0,1,1,2,2,0,充足,1F-14・1F-23
2026-10-08T23:30,2F,2,1,0,0,0,1,2,2,0,充足,2F-01・2F-14
2026-10-08T23:30,3F,2,0,0,0,0,0,2,2,0,充足,3F-13・3F-14
2026-10-08T23:30,統括,2,0,0,0,1,0,1,1,0,充足,2F-02
2026-10-09T00:00,1F,3,0,0,0,1,0,2,2,0,充足,1F-11・1F-14
2026-10-09T00:00,2F,2,2,0,0,0,2,2,2,0,充足,1F-23・2F-01
2026-10-09T00:00,3F,2,0,0,0,0,0,2,2,0,充足,3F-13・3F-14
2026-10-09T00:00,統括,2,0,0,0,1,0,1,1,0,充足,2F-02
2026-10-09T00:30,1F,3,0,0,0,1,0,2,2,0,充足,1F-11・1F-14
2026-10-09T00:30,2F,2,2,0,0,0,2,2,2,0,充足,1F-23・2F-01
2026-10-09T00:30,3F,2,0,0,0,0,0,2,2,0,充足,3F-13・3F-14
2026-10-09T00:30,統括,2,0,0,0,1,0,1,1,0,充足,2F-02
2026-10-09T01:00,1F,2,0,0,0,0,0,2,2,0,充足,1F-11・1F-14
2026-10-09T01:00,2F,3,1,0,0,1,1,2,2,0,充足,2F-13・3F-24
2026-10-09T01:00,3F,2,1,0,0,0,1,2,2,0,充足,2F-01・3F-14
2026-10-09T01:00,統括,2,0,0,0,1,0,1,1,0,充足,2F-02
2026-10-09T01:30,1F,2,0,0,0,0,0,2,2,0,充足,1F-11・1F-14
2026-10-09T01:30,2F,3,1,0,0,1,1,2,2,0,充足,2F-13・3F-24
2026-10-09T01:30,3F,2,1,0,0,0,1,2,2,0,充足,2F-01・3F-14
2026-10-09T01:30,統括,2,0,0,0,1,0,1,1,0,充足,2F-02
2026-10-09T02:00,1F,2,0,0,0,0,0,2,2,0,充足,1F-11・1F-14
2026-10-09T02:00,2F,3,0,0,0,1,0,2,2,0,充足,2F-13・2F-14
2026-10-09T02:00,3F,2,2,0,0,0,2,2,2,0,充足,2F-01・3F-24
2026-10-09T02:00,統括,2,0,0,0,1,0,1,1,0,充足,2F-02
2026-10-09T02:30,1F,2,0,0,0,0,0,2,2,0,充足,1F-11・1F-14
2026-10-09T02:30,2F,3,0,0,0,1,0,2,2,0,充足,2F-13・2F-14
2026-10-09T02:30,3F,2,2,0,0,0,2,2,2,0,充足,2F-01・3F-24
2026-10-09T02:30,統括,2,0,0,0,1,0,1,1,0,充足,2F-02
2026-10-09T03:00,1F,2,0,0,0,0,0,2,2,0,充足,1F-11・1F-14
2026-10-09T03:00,2F,3,0,0,0,1,0,2,2,0,充足,2F-13・2F-14
2026-10-09T03:00,3F,2,1,0,0,0,1,2,2,0,充足,3F-13・3F-24
2026-10-09T03:00,統括,2,1,0,0,0,0,1,1,0,充足,2F-02
2026-10-09T03:30,1F,2,0,0,0,0,0,2,2,0,充足,1F-11・1F-14
2026-10-09T03:30,2F,3,0,0,0,1,0,2,2,0,充足,2F-13・2F-14
2026-10-09T03:30,3F,2,1,0,0,0,1,2,2,0,充足,3F-13・3F-24
2026-10-09T03:30,統括,2,1,0,0,0,0,1,1,0,充足,2F-02
2026-10-09T04:00,1F,2,0,0,0,0,0,2,2,0,充足,1F-11・1F-14
2026-10-09T04:00,2F,2,0,0,0,0,0,2,2,0,充足,2F-13・2F-14
2026-10-09T04:00,3F,2,0,0,0,0,0,2,2,0,充足,3F-13・3F-14
2026-10-09T04:00,統括,2,1,0,0,0,0,1,1,0,充足,2F-02
2026-10-09T04:30,1F,2,0,0,0,0,0,2,2,0,充足,1F-11・1F-14
2026-10-09T04:30,2F,2,0,0,0,0,0,2,2,0,充足,2F-13・2F-14
2026-10-09T04:30,3F,2,0,0,0,0,0,2,2,0,充足,3F-13・3F-14
2026-10-09T04:30,統括,2,1,0,0,0,0,1,1,0,充足,2F-02
2026-10-09T05:00,1F,2,0,0,0,0,0,2,2,0,充足,1F-11・1F-14
2026-10-09T05:00,2F,2,0,0,0,0,0,2,2,0,充足,2F-13・2F-14
2026-10-09T05:00,3F,2,0,0,0,0,0,2,2,0,充足,3F-13・3F-14
2026-10-09T05:00,統括,2,1,0,0,0,0,1,1,0,充足,2F-01
2026-10-09T05:30,1F,2,0,0,0,0,0,2,2,0,充足,1F-11・1F-14
2026-10-09T05:30,2F,2,0,0,0,0,0,2,2,0,充足,2F-13・2F-14
2026-10-09T05:30,3F,2,0,0,0,0,0,2,2,0,充足,3F-13・3F-14
2026-10-09T05:30,統括,2,1,0,0,0,0,1,1,0,充足,2F-01
2026-10-09T06:00,1F,2,0,0,0,0,0,2,2,0,充足,1F-11・1F-14
2026-10-09T06:00,2F,2,0,0,0,0,0,2,2,0,充足,2F-13・2F-14
2026-10-09T06:00,3F,2,0,0,0,0,0,2,2,0,充足,3F-13・3F-14
2026-10-09T06:00,統括,2,1,0,0,0,0,1,1,0,充足,2F-01
2026-10-09T06:30,1F,2,0,0,0,0,0,2,2,0,充足,1F-11・1F-14
2026-10-09T06:30,2F,2,0,0,0,0,0,2,2,0,充足,2F-13・2F-14
2026-10-09T06:30,3F,2,0,0,0,0,0,2,2,0,充足,3F-13・3F-14
2026-10-09T06:30,統括,2,1,0,0,0,0,1,1,0,充足,2F-01
2026-10-09T07:00,1F,7,0,0,0,0,0,7,4,0,充足,1F-11・1F-14・1F-30・3F-31・3F-32・3F-33・3F-34
2026-10-09T07:00,2F,7,0,0,0,0,0,7,4,0,充足,2F-13・2F-14・3F-26・3F-27・3F-28・3F-29・3F-30
2026-10-09T07:00,3F,7,0,0,0,0,0,7,4,0,充足,3F-13・3F-14・3F-35・3F-36・3F-37・3F-38・3F-39
2026-10-09T07:00,統括,2,0,0,0,0,0,2,0,0,充足,2F-01・2F-02
2026-10-09T07:30,1F,7,0,0,0,0,0,7,4,0,充足,1F-11・1F-14・1F-30・3F-31・3F-32・3F-33・3F-34
2026-10-09T07:30,2F,7,0,0,0,0,0,7,4,0,充足,2F-13・2F-14・3F-26・3F-27・3F-28・3F-29・3F-30
2026-10-09T07:30,3F,7,0,0,0,0,0,7,4,0,充足,3F-13・3F-14・3F-35・3F-36・3F-37・3F-38・3F-39
2026-10-09T07:30,統括,2,0,0,0,0,0,2,0,0,充足,2F-01・2F-02
2026-10-09T08:00,1F,7,0,0,0,0,0,7,4,0,充足,1F-11・1F-14・1F-30・3F-31・3F-32・3F-33・3F-34
2026-10-09T08:00,2F,7,0,0,0,0,0,7,4,0,充足,2F-13・2F-14・3F-26・3F-27・3F-28・3F-29・3F-30
2026-10-09T08:00,3F,7,0,0,0,0,0,7,4,0,充足,3F-13・3F-14・3F-35・3F-36・3F-37・3F-38・3F-39
2026-10-09T08:00,統括,2,0,0,0,0,0,2,0,0,充足,2F-01・2F-02
2026-10-09T08:30,1F,8,0,0,0,0,0,8,4,0,充足,1F-11・1F-14・1F-30・1F-31・3F-31・3F-32・3F-33・3F-34
2026-10-09T08:30,2F,7,0,0,0,0,0,7,4,0,充足,2F-13・2F-14・3F-26・3F-27・3F-28・3F-29・3F-30
2026-10-09T08:30,3F,7,0,0,0,0,0,7,4,0,充足,3F-13・3F-14・3F-35・3F-36・3F-37・3F-38・3F-39
2026-10-09T08:30,統括,2,0,0,0,0,0,2,0,0,充足,2F-01・2F-02
2026-10-09T09:00,1F,6,0,0,0,0,0,6,4,0,充足,1F-30・1F-31・3F-31・3F-32・3F-33・3F-34
2026-10-09T09:00,2F,5,0,0,0,0,0,5,4,0,充足,3F-26・3F-27・3F-28・3F-29・3F-30
2026-10-09T09:00,3F,5,0,0,0,0,0,5,4,0,充足,3F-35・3F-36・3F-37・3F-38・3F-39
2026-10-09T09:00,統括,0,0,0,0,0,0,0,0,0,充足,
2026-10-09T09:30,1F,6,0,0,0,0,0,6,4,0,充足,1F-30・1F-31・3F-31・3F-32・3F-33・3F-34
2026-10-09T09:30,2F,5,0,0,0,0,0,5,4,0,充足,3F-26・3F-27・3F-28・3F-29・3F-30
2026-10-09T09:30,3F,5,0,0,0,0,0,5,4,0,充足,3F-35・3F-36・3F-37・3F-38・3F-39
2026-10-09T09:30,統括,0,0,0,0,0,0,0,0,0,充足,
2026-10-09T10:00,1F,11,0,1,0,0,0,10,4,0,充足,1F-31・2F-25・2F-26・2F-27・2F-28・3F-25・3F-31・3F-32・3F-33・3F-34
2026-10-09T10:00,2F,10,0,1,0,0,0,9,4,0,充足,2F-29・2F-30・2F-31・2F-32・2F-33・3F-27・3F-28・3F-29・3F-30
2026-10-09T10:00,3F,10,0,1,0,0,0,9,4,0,充足,3F-36・3F-37・3F-38・3F-39・3F-40・3F-41・3F-42・3F-43・3F-44
2026-10-09T10:00,統括,0,0,0,0,0,0,0,0,0,充足,
2026-10-09T10:30,1F,11,0,1,0,0,0,10,4,0,充足,1F-31・2F-25・2F-26・2F-27・2F-28・3F-25・3F-31・3F-32・3F-33・3F-34
2026-10-09T10:30,2F,10,0,1,0,0,0,9,4,0,充足,2F-29・2F-30・2F-31・2F-32・2F-33・3F-27・3F-28・3F-29・3F-30
2026-10-09T10:30,3F,10,0,1,0,0,0,9,4,0,充足,3F-36・3F-37・3F-38・3F-39・3F-40・3F-41・3F-42・3F-43・3F-44
2026-10-09T10:30,統括,0,0,0,0,0,0,0,0,0,充足,
2026-10-09T11:00,1F,11,5,0,0,0,0,6,4,0,充足,1F-31・2F-25・2F-26・2F-27・2F-28・3F-25
2026-10-09T11:00,2F,10,5,0,0,0,0,5,4,0,充足,2F-29・2F-30・2F-31・2F-32・2F-33
2026-10-09T11:00,3F,10,5,0,0,0,0,5,4,0,充足,3F-40・3F-41・3F-42・3F-43・3F-44
2026-10-09T11:00,統括,0,0,0,0,0,0,0,0,0,充足,
2026-10-09T11:30,1F,11,5,0,0,0,0,6,4,0,充足,1F-31・2F-25・2F-26・2F-27・2F-28・3F-25
2026-10-09T11:30,2F,10,5,0,0,0,0,5,4,0,充足,2F-29・2F-30・2F-31・2F-32・2F-33
2026-10-09T11:30,3F,10,5,0,0,0,0,5,4,0,充足,3F-40・3F-41・3F-42・3F-43・3F-44
2026-10-09T11:30,統括,0,0,0,0,0,0,0,0,0,充足,
2026-10-09T12:00,1F,11,1,0,0,0,0,10,4,0,充足,1F-30・2F-25・2F-26・2F-27・2F-28・3F-25・3F-31・3F-32・3F-33・3F-34
2026-10-09T12:00,2F,10,0,0,0,0,0,10,4,0,充足,2F-29・2F-30・2F-31・2F-32・2F-33・3F-26・3F-27・3F-28・3F-29・3F-30
2026-10-09T12:00,3F,10,0,0,0,0,0,10,4,0,充足,3F-35・3F-36・3F-37・3F-38・3F-39・3F-40・3F-41・3F-42・3F-43・3F-44
2026-10-09T12:00,統括,0,0,0,0,0,0,0,0,0,充足,
2026-10-09T12:30,1F,11,1,0,0,0,0,10,4,0,充足,1F-30・2F-25・2F-26・2F-27・2F-28・3F-25・3F-31・3F-32・3F-33・3F-34
2026-10-09T12:30,2F,10,0,0,0,0,0,10,4,0,充足,2F-29・2F-30・2F-31・2F-32・2F-33・3F-26・3F-27・3F-28・3F-29・3F-30
2026-10-09T12:30,3F,10,0,0,0,0,0,10,4,0,充足,3F-35・3F-36・3F-37・3F-38・3F-39・3F-40・3F-41・3F-42・3F-43・3F-44
2026-10-09T12:30,統括,0,0,0,0,0,0,0,0,0,充足,
2026-10-09T13:00,1F,11,5,0,0,0,0,6,4,0,充足,1F-30・1F-31・3F-31・3F-32・3F-33・3F-34
2026-10-09T13:00,2F,10,5,0,0,0,0,5,4,0,充足,3F-26・3F-27・3F-28・3F-29・3F-30
2026-10-09T13:00,3F,10,5,0,0,0,0,5,4,0,充足,3F-35・3F-36・3F-37・3F-38・3F-39
2026-10-09T13:00,統括,0,0,0,0,0,0,0,0,0,充足,
2026-10-09T13:30,1F,11,5,0,0,0,0,6,4,0,充足,1F-30・1F-31・3F-31・3F-32・3F-33・3F-34
2026-10-09T13:30,2F,10,5,0,0,0,0,5,4,0,充足,3F-26・3F-27・3F-28・3F-29・3F-30
2026-10-09T13:30,3F,10,5,0,0,0,0,5,4,0,充足,3F-35・3F-36・3F-37・3F-38・3F-39
2026-10-09T13:30,統括,0,0,0,0,0,0,0,0,0,充足,
2026-10-09T14:00,1F,11,0,0,0,0,0,11,4,0,充足,1F-30・1F-31・2F-25・2F-26・2F-27・2F-28・3F-25・3F-31・3F-32・3F-33・3F-34
2026-10-09T14:00,2F,10,0,0,0,0,0,10,4,0,充足,2F-29・2F-30・2F-31・2F-32・2F-33・3F-26・3F-27・3F-28・3F-29・3F-30
2026-10-09T14:00,3F,10,0,0,0,0,0,10,4,0,充足,3F-35・3F-36・3F-37・3F-38・3F-39・3F-40・3F-41・3F-42・3F-43・3F-44
2026-10-09T14:00,統括,0,0,0,0,0,0,0,0,0,充足,
2026-10-09T14:30,1F,11,0,0,0,0,0,11,4,0,充足,1F-30・1F-31・2F-25・2F-26・2F-27・2F-28・3F-25・3F-31・3F-32・3F-33・3F-34
2026-10-09T14:30,2F,10,0,0,0,0,0,10,4,0,充足,2F-29・2F-30・2F-31・2F-32・2F-33・3F-26・3F-27・3F-28・3F-29・3F-30
2026-10-09T14:30,3F,10,0,0,0,0,0,10,4,0,充足,3F-35・3F-36・3F-37・3F-38・3F-39・3F-40・3F-41・3F-42・3F-43・3F-44
2026-10-09T14:30,統括,0,0,0,0,0,0,0,0,0,充足,
2026-10-09T15:00,1F,11,0,1,0,0,0,10,4,0,充足,1F-30・1F-31・2F-26・2F-27・2F-28・3F-25・3F-31・3F-32・3F-33・3F-34
2026-10-09T15:00,2F,10,0,1,0,0,0,9,4,0,充足,2F-30・2F-31・2F-32・2F-33・3F-26・3F-27・3F-28・3F-29・3F-30
2026-10-09T15:00,3F,10,0,1,0,0,0,9,4,0,充足,3F-35・3F-36・3F-37・3F-38・3F-39・3F-41・3F-42・3F-43・3F-44
2026-10-09T15:00,統括,0,0,0,0,0,0,0,0,0,充足,
2026-10-09T15:30,1F,11,0,1,0,0,0,10,4,0,充足,1F-30・1F-31・2F-26・2F-27・2F-28・3F-25・3F-31・3F-32・3F-33・3F-34
2026-10-09T15:30,2F,10,0,1,0,0,0,9,4,0,充足,2F-30・2F-31・2F-32・2F-33・3F-26・3F-27・3F-28・3F-29・3F-30
2026-10-09T15:30,3F,10,0,1,0,0,0,9,4,0,充足,3F-35・3F-36・3F-37・3F-38・3F-39・3F-41・3F-42・3F-43・3F-44
2026-10-09T15:30,統括,0,0,0,0,0,0,0,0,0,充足,
2026-10-09T16:00,1F,8,0,0,0,0,0,8,4,0,充足,1F-12・1F-13・1F-31・2F-25・2F-26・2F-27・2F-28・3F-25
2026-10-09T16:00,2F,7,0,0,0,0,0,7,4,0,充足,2F-11・2F-12・2F-29・2F-30・2F-31・2F-32・2F-33
2026-10-09T16:00,3F,7,0,0,0,0,0,7,4,0,充足,3F-10・3F-11・3F-40・3F-41・3F-42・3F-43・3F-44
2026-10-09T16:00,統括,2,0,0,0,0,0,2,0,0,充足,3F-01・3F-02
2026-10-09T16:30,1F,8,2,0,0,0,0,6,4,0,充足,1F-31・2F-25・2F-26・2F-27・2F-28・3F-25
2026-10-09T16:30,2F,7,2,0,0,0,0,5,4,0,充足,2F-29・2F-30・2F-31・2F-32・2F-33
2026-10-09T16:30,3F,7,0,0,0,0,0,7,4,0,充足,3F-10・3F-11・3F-40・3F-41・3F-42・3F-43・3F-44
2026-10-09T16:30,統括,2,0,0,0,0,0,2,0,0,充足,3F-01・3F-02
2026-10-09T17:00,1F,8,2,0,0,0,0,6,4,0,充足,1F-31・2F-25・2F-26・2F-27・2F-28・3F-25
2026-10-09T17:00,2F,7,2,0,0,0,0,5,4,0,充足,2F-29・2F-30・2F-31・2F-32・2F-33
2026-10-09T17:00,3F,7,0,0,0,0,0,7,4,0,充足,3F-10・3F-11・3F-40・3F-41・3F-42・3F-43・3F-44
2026-10-09T17:00,統括,2,0,0,0,0,0,2,0,0,充足,3F-01・3F-02
2026-10-09T17:30,1F,7,0,0,0,0,0,7,4,0,充足,1F-12・1F-13・2F-25・2F-26・2F-27・2F-28・3F-25
2026-10-09T17:30,2F,7,0,0,0,0,0,7,4,0,充足,2F-11・2F-12・2F-29・2F-30・2F-31・2F-32・2F-33
2026-10-09T17:30,3F,7,2,0,0,0,0,5,4,0,充足,3F-40・3F-41・3F-42・3F-43・3F-44
2026-10-09T17:30,統括,2,2,0,0,0,0,0,0,0,充足,
2026-10-09T18:00,1F,7,0,0,0,0,0,7,4,0,充足,1F-12・1F-13・2F-25・2F-26・2F-27・2F-28・3F-25
2026-10-09T18:00,2F,7,0,0,0,0,0,7,4,0,充足,2F-11・2F-12・2F-29・2F-30・2F-31・2F-32・2F-33
2026-10-09T18:00,3F,7,2,0,0,0,0,5,4,0,充足,3F-40・3F-41・3F-42・3F-43・3F-44
2026-10-09T18:00,統括,2,2,0,0,0,0,0,0,0,充足,
2026-10-09T18:30,1F,7,0,0,0,0,0,7,4,0,充足,1F-12・1F-13・2F-25・2F-26・2F-27・2F-28・3F-25
2026-10-09T18:30,2F,7,0,0,0,0,0,7,4,0,充足,2F-11・2F-12・2F-29・2F-30・2F-31・2F-32・2F-33
2026-10-09T18:30,3F,7,0,0,0,0,0,7,4,0,充足,3F-10・3F-11・3F-40・3F-41・3F-42・3F-43・3F-44
2026-10-09T18:30,統括,2,0,0,0,0,0,2,0,0,充足,3F-01・3F-02
2026-10-09T19:00,1F,2,0,0,0,0,0,2,2,0,充足,1F-12・1F-13
2026-10-09T19:00,2F,2,0,0,0,0,0,2,2,0,充足,2F-11・2F-12
2026-10-09T19:00,3F,2,0,0,0,0,0,2,2,0,充足,3F-10・3F-11
2026-10-09T19:00,統括,2,0,0,0,0,0,2,1,0,充足,3F-01・3F-02
2026-10-09T19:30,1F,2,0,0,0,0,0,2,2,0,充足,1F-12・1F-13
2026-10-09T19:30,2F,2,0,0,0,0,0,2,2,0,充足,2F-11・2F-12
2026-10-09T19:30,3F,2,0,0,0,0,0,2,2,0,充足,3F-10・3F-11
2026-10-09T19:30,統括,2,0,0,0,0,0,2,1,0,充足,3F-01・3F-02
2026-10-09T20:00,1F,2,0,0,0,0,0,2,2,0,充足,1F-12・1F-13
2026-10-09T20:00,2F,2,0,0,0,0,0,2,2,0,充足,2F-11・2F-12
2026-10-09T20:00,3F,2,0,0,0,0,0,2,2,0,充足,3F-10・3F-11
2026-10-09T20:00,統括,2,0,0,0,0,0,2,1,0,充足,3F-01・3F-02
2026-10-09T20:30,1F,2,0,0,0,0,0,2,2,0,充足,1F-12・1F-13
2026-10-09T20:30,2F,2,0,0,0,0,0,2,2,0,充足,2F-11・2F-12
2026-10-09T20:30,3F,2,0,0,0,0,0,2,2,0,充足,3F-10・3F-11
2026-10-09T20:30,統括,2,0,0,0,0,0,2,1,0,充足,3F-01・3F-02
2026-10-09T21:00,1F,2,1,0,0,0,1,2,2,0,充足,1F-13・3F-01
2026-10-09T21:00,2F,2,0,0,0,0,0,2,2,0,充足,2F-11・2F-12
2026-10-09T21:00,3F,2,0,0,0,0,0,2,2,0,充足,3F-10・3F-11
2026-10-09T21:00,統括,2,0,0,0,1,0,1,1,0,充足,3F-02
2026-10-09T21:30,1F,2,1,0,0,0,1,2,2,0,充足,1F-13・3F-01
2026-10-09T21:30,2F,2,0,0,0,0,0,2,2,0,充足,2F-11・2F-12
2026-10-09T21:30,3F,2,0,0,0,0,0,2,2,0,充足,3F-10・3F-11
2026-10-09T21:30,統括,2,0,0,0,1,0,1,1,0,充足,3F-02
2026-10-09T22:00,1F,3,2,0,0,1,2,2,2,0,充足,1F-26・3F-01
2026-10-09T22:00,2F,2,0,0,0,0,0,2,2,0,充足,2F-11・2F-12
2026-10-09T22:00,3F,2,0,0,0,0,0,2,2,0,充足,3F-10・3F-11
2026-10-09T22:00,統括,2,0,0,0,1,0,1,1,0,充足,3F-02
2026-10-09T22:30,1F,3,2,0,0,1,2,2,2,0,充足,1F-26・3F-01
2026-10-09T22:30,2F,2,0,0,0,0,0,2,2,0,充足,2F-11・2F-12
2026-10-09T22:30,3F,2,0,0,0,0,0,2,2,0,充足,3F-10・3F-11
2026-10-09T22:30,統括,2,0,0,0,1,0,1,1,0,充足,3F-02
2026-10-09T23:00,1F,3,1,0,0,1,1,2,2,0,充足,1F-12・1F-26
2026-10-09T23:00,2F,2,1,0,0,0,1,2,2,0,充足,2F-12・3F-01
2026-10-09T23:00,3F,2,0,0,0,0,0,2,2,0,充足,3F-10・3F-11
2026-10-09T23:00,統括,2,0,0,0,1,0,1,1,0,充足,3F-02
2026-10-09T23:30,1F,3,1,0,0,1,1,2,2,0,充足,1F-12・1F-26
2026-10-09T23:30,2F,2,1,0,0,0,1,2,2,0,充足,2F-12・3F-01
2026-10-09T23:30,3F,2,0,0,0,0,0,2,2,0,充足,3F-10・3F-11
2026-10-09T23:30,統括,2,0,0,0,1,0,1,1,0,充足,3F-02
2026-10-10T00:00,1F,3,0,0,0,1,0,2,2,0,充足,1F-12・1F-13
2026-10-10T00:00,2F,2,2,0,0,0,2,2,2,0,充足,1F-26・3F-01
2026-10-10T00:00,3F,2,0,0,0,0,0,2,2,0,充足,3F-10・3F-11
2026-10-10T00:00,統括,2,0,0,0,1,0,1,1,0,充足,3F-02
2026-10-10T00:30,1F,3,0,0,0,1,0,2,2,0,充足,1F-12・1F-13
2026-10-10T00:30,2F,2,2,0,0,0,2,2,2,0,充足,1F-26・3F-01
2026-10-10T00:30,3F,2,0,0,0,0,0,2,2,0,充足,3F-10・3F-11
2026-10-10T00:30,統括,2,0,0,0,1,0,1,1,0,充足,3F-02
2026-10-10T01:00,1F,2,0,0,0,0,0,2,2,0,充足,1F-12・1F-13
2026-10-10T01:00,2F,3,1,0,0,1,1,2,2,0,充足,1F-24・2F-11
2026-10-10T01:00,3F,2,1,0,0,0,1,2,2,0,充足,3F-01・3F-11
2026-10-10T01:00,統括,2,0,0,0,1,0,1,1,0,充足,3F-02
2026-10-10T01:30,1F,2,0,0,0,0,0,2,2,0,充足,1F-12・1F-13
2026-10-10T01:30,2F,3,1,0,0,1,1,2,2,0,充足,1F-24・2F-11
2026-10-10T01:30,3F,2,1,0,0,0,1,2,2,0,充足,3F-01・3F-11
2026-10-10T01:30,統括,2,0,0,0,1,0,1,1,0,充足,3F-02
2026-10-10T02:00,1F,2,0,0,0,0,0,2,2,0,充足,1F-12・1F-13
2026-10-10T02:00,2F,3,0,0,0,1,0,2,2,0,充足,2F-11・2F-12
2026-10-10T02:00,3F,2,2,0,0,0,2,2,2,0,充足,1F-24・3F-01
2026-10-10T02:00,統括,2,0,0,0,1,0,1,1,0,充足,3F-02
2026-10-10T02:30,1F,2,0,0,0,0,0,2,2,0,充足,1F-12・1F-13
2026-10-10T02:30,2F,3,0,0,0,1,0,2,2,0,充足,2F-11・2F-12
2026-10-10T02:30,3F,2,2,0,0,0,2,2,2,0,充足,1F-24・3F-01
2026-10-10T02:30,統括,2,0,0,0,1,0,1,1,0,充足,3F-02
2026-10-10T03:00,1F,2,0,0,0,0,0,2,2,0,充足,1F-12・1F-13
2026-10-10T03:00,2F,3,0,0,0,1,0,2,2,0,充足,2F-11・2F-12
2026-10-10T03:00,3F,2,1,0,0,0,1,2,2,0,充足,1F-24・3F-10
2026-10-10T03:00,統括,2,1,0,0,0,0,1,1,0,充足,3F-02
2026-10-10T03:30,1F,2,0,0,0,0,0,2,2,0,充足,1F-12・1F-13
2026-10-10T03:30,2F,3,0,0,0,1,0,2,2,0,充足,2F-11・2F-12
2026-10-10T03:30,3F,2,1,0,0,0,1,2,2,0,充足,1F-24・3F-10
2026-10-10T03:30,統括,2,1,0,0,0,0,1,1,0,充足,3F-02
2026-10-10T04:00,1F,2,0,0,0,0,0,2,2,0,充足,1F-12・1F-13
2026-10-10T04:00,2F,2,0,0,0,0,0,2,2,0,充足,2F-11・2F-12
2026-10-10T04:00,3F,2,0,0,0,0,0,2,2,0,充足,3F-10・3F-11
2026-10-10T04:00,統括,2,1,0,0,0,0,1,1,0,充足,3F-02
2026-10-10T04:30,1F,2,0,0,0,0,0,2,2,0,充足,1F-12・1F-13
2026-10-10T04:30,2F,2,0,0,0,0,0,2,2,0,充足,2F-11・2F-12
2026-10-10T04:30,3F,2,0,0,0,0,0,2,2,0,充足,3F-10・3F-11
2026-10-10T04:30,統括,2,1,0,0,0,0,1,1,0,充足,3F-02
2026-10-10T05:00,1F,2,0,0,0,0,0,2,2,0,充足,1F-12・1F-13
2026-10-10T05:00,2F,2,0,0,0,0,0,2,2,0,充足,2F-11・2F-12
2026-10-10T05:00,3F,2,0,0,0,0,0,2,2,0,充足,3F-10・3F-11
2026-10-10T05:00,統括,2,1,0,0,0,0,1,1,0,充足,3F-01
2026-10-10T05:30,1F,2,0,0,0,0,0,2,2,0,充足,1F-12・1F-13
2026-10-10T05:30,2F,2,0,0,0,0,0,2,2,0,充足,2F-11・2F-12
2026-10-10T05:30,3F,2,0,0,0,0,0,2,2,0,充足,3F-10・3F-11
2026-10-10T05:30,統括,2,1,0,0,0,0,1,1,0,充足,3F-01
2026-10-10T06:00,1F,2,0,0,0,0,0,2,2,0,充足,1F-12・1F-13
2026-10-10T06:00,2F,2,0,0,0,0,0,2,2,0,充足,2F-11・2F-12
2026-10-10T06:00,3F,2,0,0,0,0,0,2,2,0,充足,3F-10・3F-11
2026-10-10T06:00,統括,2,1,0,0,0,0,1,1,0,充足,3F-01
2026-10-10T06:30,1F,2,0,0,0,0,0,2,2,0,充足,1F-12・1F-13
2026-10-10T06:30,2F,2,0,0,0,0,0,2,2,0,充足,2F-11・2F-12
2026-10-10T06:30,3F,2,0,0,0,0,0,2,2,0,充足,3F-10・3F-11
2026-10-10T06:30,統括,2,1,0,0,0,0,1,1,0,充足,3F-01
2026-10-10T07:00,1F,7,0,0,0,0,0,7,4,0,充足,1F-12・1F-13・1F-30・1F-31・2F-29・2F-30・2F-31
2026-10-10T07:00,2F,7,0,0,0,0,0,7,4,0,充足,2F-11・2F-12・2F-25・2F-26・2F-27・2F-28・3F-38
2026-10-10T07:00,3F,7,0,0,0,0,0,7,4,0,充足,3F-10・3F-11・3F-31・3F-32・3F-33・3F-34・3F-44
2026-10-10T07:00,統括,2,0,0,0,0,0,2,0,0,充足,3F-01・3F-02
2026-10-10T07:30,1F,7,0,0,0,0,0,7,4,0,充足,1F-12・1F-13・1F-30・1F-31・2F-29・2F-30・2F-31
2026-10-10T07:30,2F,7,0,0,0,0,0,7,4,0,充足,2F-11・2F-12・2F-25・2F-26・2F-27・2F-28・3F-38
2026-10-10T07:30,3F,7,0,0,0,0,0,7,4,0,充足,3F-10・3F-11・3F-31・3F-32・3F-33・3F-34・3F-44
2026-10-10T07:30,統括,2,0,0,0,0,0,2,0,0,充足,3F-01・3F-02
2026-10-10T08:00,1F,7,0,0,0,0,0,7,4,0,充足,1F-12・1F-13・1F-30・1F-31・2F-29・2F-30・2F-31
2026-10-10T08:00,2F,7,0,0,0,0,0,7,4,0,充足,2F-11・2F-12・2F-25・2F-26・2F-27・2F-28・3F-38
2026-10-10T08:00,3F,7,0,0,0,0,0,7,4,0,充足,3F-10・3F-11・3F-31・3F-32・3F-33・3F-34・3F-44
2026-10-10T08:00,統括,2,0,0,0,0,0,2,0,0,充足,3F-01・3F-02
2026-10-10T08:30,1F,7,0,0,0,0,0,7,4,0,充足,1F-12・1F-13・1F-30・1F-31・2F-29・2F-30・2F-31
2026-10-10T08:30,2F,7,0,0,0,0,0,7,4,0,充足,2F-11・2F-12・2F-25・2F-26・2F-27・2F-28・3F-38
2026-10-10T08:30,3F,7,0,0,0,0,0,7,4,0,充足,3F-10・3F-11・3F-31・3F-32・3F-33・3F-34・3F-44
2026-10-10T08:30,統括,2,0,0,0,0,0,2,0,0,充足,3F-01・3F-02
2026-10-10T09:00,1F,5,0,0,0,0,0,5,4,0,充足,1F-30・1F-31・2F-29・2F-30・2F-31
2026-10-10T09:00,2F,5,0,0,0,0,0,5,4,0,充足,2F-25・2F-26・2F-27・2F-28・3F-38
2026-10-10T09:00,3F,5,0,0,0,0,0,5,4,0,充足,3F-31・3F-32・3F-33・3F-34・3F-44
2026-10-10T09:00,統括,0,0,0,0,0,0,0,0,0,充足,
2026-10-10T09:30,1F,5,0,0,0,0,0,5,4,0,充足,1F-30・1F-31・2F-29・2F-30・2F-31
2026-10-10T09:30,2F,5,0,0,0,0,0,5,4,0,充足,2F-25・2F-26・2F-27・2F-28・3F-38
2026-10-10T09:30,3F,5,0,0,0,0,0,5,4,0,充足,3F-31・3F-32・3F-33・3F-34・3F-44
2026-10-10T09:30,統括,0,0,0,0,0,0,0,0,0,充足,
2026-10-10T10:00,1F,10,0,1,0,0,0,9,4,0,充足,1F-30・2F-29・2F-30・2F-31・2F-32・2F-33・3F-35・3F-36・3F-37
2026-10-10T10:00,2F,10,0,1,0,0,0,9,4,0,充足,2F-26・2F-27・2F-28・3F-38・3F-39・3F-40・3F-41・3F-42・3F-43
2026-10-10T10:00,3F,10,0,1,0,0,0,9,4,0,充足,3F-25・3F-26・3F-27・3F-28・3F-29・3F-31・3F-32・3F-33・3F-34
2026-10-10T10:00,統括,0,0,0,0,0,0,0,0,0,充足,
2026-10-10T10:30,1F,10,0,1,0,0,0,9,4,0,充足,1F-30・2F-29・2F-30・2F-31・2F-32・2F-33・3F-35・3F-36・3F-37
2026-10-10T10:30,2F,10,0,1,0,0,0,9,4,0,充足,2F-26・2F-27・2F-28・3F-38・3F-39・3F-40・3F-41・3F-42・3F-43
2026-10-10T10:30,3F,10,0,1,0,0,0,9,4,0,充足,3F-25・3F-26・3F-27・3F-28・3F-29・3F-31・3F-32・3F-33・3F-34
2026-10-10T10:30,統括,0,0,0,0,0,0,0,0,0,充足,
2026-10-10T11:00,1F,10,5,0,0,0,0,5,4,0,充足,2F-32・2F-33・3F-35・3F-36・3F-37
2026-10-10T11:00,2F,10,5,0,0,0,0,5,4,0,充足,3F-39・3F-40・3F-41・3F-42・3F-43
2026-10-10T11:00,3F,10,5,0,0,0,0,5,4,0,充足,3F-25・3F-26・3F-27・3F-28・3F-29
2026-10-10T11:00,統括,0,0,0,0,0,0,0,0,0,充足,
2026-10-10T11:30,1F,10,5,0,0,0,0,5,4,0,充足,2F-32・2F-33・3F-35・3F-36・3F-37
2026-10-10T11:30,2F,10,5,0,0,0,0,5,4,0,充足,3F-39・3F-40・3F-41・3F-42・3F-43
2026-10-10T11:30,3F,10,5,0,0,0,0,5,4,0,充足,3F-25・3F-26・3F-27・3F-28・3F-29
2026-10-10T11:30,統括,0,0,0,0,0,0,0,0,0,充足,
2026-10-10T12:00,1F,10,0,0,0,0,0,10,4,0,充足,1F-30・1F-31・2F-29・2F-30・2F-31・2F-32・2F-33・3F-35・3F-36・3F-37
2026-10-10T12:00,2F,10,0,0,0,0,0,10,4,0,充足,2F-25・2F-26・2F-27・2F-28・3F-38・3F-39・3F-40・3F-41・3F-42・3F-43
2026-10-10T12:00,3F,10,0,0,0,0,0,10,4,0,充足,3F-25・3F-26・3F-27・3F-28・3F-29・3F-31・3F-32・3F-33・3F-34・3F-44
2026-10-10T12:00,統括,0,0,0,0,0,0,0,0,0,充足,
2026-10-10T12:30,1F,10,0,0,0,0,0,10,4,0,充足,1F-30・1F-31・2F-29・2F-30・2F-31・2F-32・2F-33・3F-35・3F-36・3F-37
2026-10-10T12:30,2F,10,0,0,0,0,0,10,4,0,充足,2F-25・2F-26・2F-27・2F-28・3F-38・3F-39・3F-40・3F-41・3F-42・3F-43
2026-10-10T12:30,3F,10,0,0,0,0,0,10,4,0,充足,3F-25・3F-26・3F-27・3F-28・3F-29・3F-31・3F-32・3F-33・3F-34・3F-44
2026-10-10T12:30,統括,0,0,0,0,0,0,0,0,0,充足,
2026-10-10T13:00,1F,10,5,0,0,0,0,5,4,0,充足,1F-30・1F-31・2F-29・2F-30・2F-31
2026-10-10T13:00,2F,10,5,0,0,0,0,5,4,0,充足,2F-25・2F-26・2F-27・2F-28・3F-38
2026-10-10T13:00,3F,10,5,0,0,0,0,5,4,0,充足,3F-31・3F-32・3F-33・3F-34・3F-44
2026-10-10T13:00,統括,0,0,0,0,0,0,0,0,0,充足,
2026-10-10T13:30,1F,10,5,0,0,0,0,5,4,0,充足,1F-30・1F-31・2F-29・2F-30・2F-31
2026-10-10T13:30,2F,10,5,0,0,0,0,5,4,0,充足,2F-25・2F-26・2F-27・2F-28・3F-38
2026-10-10T13:30,3F,10,5,0,0,0,0,5,4,0,充足,3F-31・3F-32・3F-33・3F-34・3F-44
2026-10-10T13:30,統括,0,0,0,0,0,0,0,0,0,充足,
2026-10-10T14:00,1F,10,0,0,0,0,0,10,4,0,充足,1F-30・1F-31・2F-29・2F-30・2F-31・2F-32・2F-33・3F-35・3F-36・3F-37
2026-10-10T14:00,2F,10,0,0,0,0,0,10,4,0,充足,2F-25・2F-26・2F-27・2F-28・3F-38・3F-39・3F-40・3F-41・3F-42・3F-43
2026-10-10T14:00,3F,11,0,0,0,0,0,11,4,0,充足,3F-18・3F-25・3F-26・3F-27・3F-28・3F-29・3F-31・3F-32・3F-33・3F-34・3F-44
2026-10-10T14:00,統括,0,0,0,0,0,0,0,0,0,充足,
2026-10-10T14:30,1F,10,0,0,0,0,0,10,4,0,充足,1F-30・1F-31・2F-29・2F-30・2F-31・2F-32・2F-33・3F-35・3F-36・3F-37
2026-10-10T14:30,2F,10,0,0,0,0,0,10,4,0,充足,2F-25・2F-26・2F-27・2F-28・3F-38・3F-39・3F-40・3F-41・3F-42・3F-43
2026-10-10T14:30,3F,11,0,0,0,0,0,11,4,0,充足,3F-18・3F-25・3F-26・3F-27・3F-28・3F-29・3F-31・3F-32・3F-33・3F-34・3F-44
2026-10-10T14:30,統括,0,0,0,0,0,0,0,0,0,充足,
2026-10-10T15:00,1F,10,0,1,0,0,0,9,4,0,充足,1F-30・1F-31・2F-29・2F-30・2F-31・2F-33・3F-35・3F-36・3F-37
2026-10-10T15:00,2F,10,0,1,0,0,0,9,4,0,充足,2F-25・2F-26・2F-27・2F-28・3F-38・3F-40・3F-41・3F-42・3F-43
2026-10-10T15:00,3F,11,0,1,0,0,0,10,4,0,充足,3F-18・3F-26・3F-27・3F-28・3F-29・3F-31・3F-32・3F-33・3F-34・3F-44
2026-10-10T15:00,統括,0,0,0,0,0,0,0,0,0,充足,
2026-10-10T15:30,1F,10,0,1,0,0,0,9,4,0,充足,1F-30・1F-31・2F-29・2F-30・2F-31・2F-33・3F-35・3F-36・3F-37
2026-10-10T15:30,2F,10,0,1,0,0,0,9,4,0,充足,2F-25・2F-26・2F-27・2F-28・3F-38・3F-40・3F-41・3F-42・3F-43
2026-10-10T15:30,3F,11,0,1,0,0,0,10,4,0,充足,3F-18・3F-26・3F-27・3F-28・3F-29・3F-31・3F-32・3F-33・3F-34・3F-44
2026-10-10T15:30,統括,0,0,0,0,0,0,0,0,0,充足,
2026-10-10T16:00,1F,7,0,0,0,0,0,7,4,0,充足,1F-07・1F-08・2F-32・2F-33・3F-35・3F-36・3F-37
2026-10-10T16:00,2F,7,0,0,0,0,0,7,4,0,充足,2F-07・2F-08・3F-39・3F-40・3F-41・3F-42・3F-43
2026-10-10T16:00,3F,8,0,0,0,0,0,8,4,0,充足,3F-09・3F-12・3F-18・3F-25・3F-26・3F-27・3F-28・3F-29
2026-10-10T16:00,統括,2,0,0,0,0,0,2,0,0,充足,2F-03・2F-04
2026-10-10T16:30,1F,7,2,0,0,0,0,5,4,0,充足,2F-32・2F-33・3F-35・3F-36・3F-37
2026-10-10T16:30,2F,7,2,0,0,0,0,5,4,0,充足,3F-39・3F-40・3F-41・3F-42・3F-43
2026-10-10T16:30,3F,8,0,0,0,0,0,8,4,0,充足,3F-09・3F-12・3F-18・3F-25・3F-26・3F-27・3F-28・3F-29
2026-10-10T16:30,統括,2,0,0,0,0,0,2,0,0,充足,2F-03・2F-04
2026-10-10T17:00,1F,7,2,0,0,0,0,5,4,0,充足,2F-32・2F-33・3F-35・3F-36・3F-37
2026-10-10T17:00,2F,7,2,0,0,0,0,5,4,0,充足,3F-39・3F-40・3F-41・3F-42・3F-43
2026-10-10T17:00,3F,8,0,0,0,0,0,8,4,0,充足,3F-09・3F-12・3F-18・3F-25・3F-26・3F-27・3F-28・3F-29
2026-10-10T17:00,統括,2,0,0,0,0,0,2,0,0,充足,2F-03・2F-04
2026-10-10T17:30,1F,7,0,0,0,0,0,7,4,0,充足,1F-07・1F-08・2F-32・2F-33・3F-35・3F-36・3F-37
2026-10-10T17:30,2F,7,0,0,0,0,0,7,4,0,充足,2F-07・2F-08・3F-39・3F-40・3F-41・3F-42・3F-43
2026-10-10T17:30,3F,8,2,0,0,0,0,6,4,0,充足,3F-18・3F-25・3F-26・3F-27・3F-28・3F-29
2026-10-10T17:30,統括,2,2,0,0,0,0,0,0,0,充足,
2026-10-10T18:00,1F,7,0,0,0,0,0,7,4,0,充足,1F-07・1F-08・2F-32・2F-33・3F-35・3F-36・3F-37
2026-10-10T18:00,2F,7,0,0,0,0,0,7,4,0,充足,2F-07・2F-08・3F-39・3F-40・3F-41・3F-42・3F-43
2026-10-10T18:00,3F,8,2,0,0,0,0,6,4,0,充足,3F-18・3F-25・3F-26・3F-27・3F-28・3F-29
2026-10-10T18:00,統括,2,2,0,0,0,0,0,0,0,充足,
2026-10-10T18:30,1F,7,0,0,0,0,0,7,4,0,充足,1F-07・1F-08・2F-32・2F-33・3F-35・3F-36・3F-37
2026-10-10T18:30,2F,7,0,0,0,0,0,7,4,0,充足,2F-07・2F-08・3F-39・3F-40・3F-41・3F-42・3F-43
2026-10-10T18:30,3F,8,0,0,0,0,0,8,4,0,充足,3F-09・3F-12・3F-18・3F-25・3F-26・3F-27・3F-28・3F-29
2026-10-10T18:30,統括,2,0,0,0,0,0,2,0,0,充足,2F-03・2F-04
2026-10-10T19:00,1F,2,0,0,0,0,0,2,2,0,充足,1F-07・1F-08
2026-10-10T19:00,2F,2,0,0,0,0,0,2,2,0,充足,2F-07・2F-08
2026-10-10T19:00,3F,2,0,0,0,0,0,2,2,0,充足,3F-09・3F-12
2026-10-10T19:00,統括,2,0,0,0,0,0,2,1,0,充足,2F-03・2F-04
2026-10-10T19:30,1F,2,0,0,0,0,0,2,2,0,充足,1F-07・1F-08
2026-10-10T19:30,2F,2,0,0,0,0,0,2,2,0,充足,2F-07・2F-08
2026-10-10T19:30,3F,2,0,0,0,0,0,2,2,0,充足,3F-09・3F-12
2026-10-10T19:30,統括,2,0,0,0,0,0,2,1,0,充足,2F-03・2F-04
2026-10-10T20:00,1F,2,0,0,0,0,0,2,2,0,充足,1F-07・1F-08
2026-10-10T20:00,2F,2,0,0,0,0,0,2,2,0,充足,2F-07・2F-08
2026-10-10T20:00,3F,2,0,0,0,0,0,2,2,0,充足,3F-09・3F-12
2026-10-10T20:00,統括,2,0,0,0,0,0,2,1,0,充足,2F-03・2F-04
2026-10-10T20:30,1F,2,0,0,0,0,0,2,2,0,充足,1F-07・1F-08
2026-10-10T20:30,2F,2,0,0,0,0,0,2,2,0,充足,2F-07・2F-08
2026-10-10T20:30,3F,2,0,0,0,0,0,2,2,0,充足,3F-09・3F-12
2026-10-10T20:30,統括,2,0,0,0,0,0,2,1,0,充足,2F-03・2F-04
2026-10-10T21:00,1F,2,1,0,0,0,1,2,2,0,充足,1F-08・2F-03
2026-10-10T21:00,2F,2,0,0,0,0,0,2,2,0,充足,2F-07・2F-08
2026-10-10T21:00,3F,2,0,0,0,0,0,2,2,0,充足,3F-09・3F-12
2026-10-10T21:00,統括,2,0,0,0,1,0,1,1,0,充足,2F-04
2026-10-10T21:30,1F,2,1,0,0,0,1,2,2,0,充足,1F-08・2F-03
2026-10-10T21:30,2F,2,0,0,0,0,0,2,2,0,充足,2F-07・2F-08
2026-10-10T21:30,3F,2,0,0,0,0,0,2,2,0,充足,3F-09・3F-12
2026-10-10T21:30,統括,2,0,0,0,1,0,1,1,0,充足,2F-04
2026-10-10T22:00,1F,3,2,0,0,1,2,2,2,0,充足,1F-25・2F-03
2026-10-10T22:00,2F,2,0,0,0,0,0,2,2,0,充足,2F-07・2F-08
2026-10-10T22:00,3F,2,0,0,0,0,0,2,2,0,充足,3F-09・3F-12
2026-10-10T22:00,統括,2,0,0,0,1,0,1,1,0,充足,2F-04
2026-10-10T22:30,1F,3,2,0,0,1,2,2,2,0,充足,1F-25・2F-03
2026-10-10T22:30,2F,2,0,0,0,0,0,2,2,0,充足,2F-07・2F-08
2026-10-10T22:30,3F,2,0,0,0,0,0,2,2,0,充足,3F-09・3F-12
2026-10-10T22:30,統括,2,0,0,0,1,0,1,1,0,充足,2F-04
2026-10-10T23:00,1F,3,1,0,0,1,1,2,2,0,充足,1F-07・1F-25
2026-10-10T23:00,2F,2,1,0,0,0,1,2,2,0,充足,2F-03・2F-08
2026-10-10T23:00,3F,2,0,0,0,0,0,2,2,0,充足,3F-09・3F-12
2026-10-10T23:00,統括,2,0,0,0,1,0,1,1,0,充足,2F-04
2026-10-10T23:30,1F,3,1,0,0,1,1,2,2,0,充足,1F-07・1F-25
2026-10-10T23:30,2F,2,1,0,0,0,1,2,2,0,充足,2F-03・2F-08
2026-10-10T23:30,3F,2,0,0,0,0,0,2,2,0,充足,3F-09・3F-12
2026-10-10T23:30,統括,2,0,0,0,1,0,1,1,0,充足,2F-04
2026-10-11T00:00,1F,3,0,0,0,1,0,2,2,0,充足,1F-07・1F-08
2026-10-11T00:00,2F,2,2,0,0,0,2,2,2,0,充足,1F-25・2F-03
2026-10-11T00:00,3F,2,0,0,0,0,0,2,2,0,充足,3F-09・3F-12
2026-10-11T00:00,統括,2,0,0,0,1,0,1,1,0,充足,2F-04
2026-10-11T00:30,1F,3,0,0,0,1,0,2,2,0,充足,1F-07・1F-08
2026-10-11T00:30,2F,2,2,0,0,0,2,2,2,0,充足,1F-25・2F-03
2026-10-11T00:30,3F,2,0,0,0,0,0,2,2,0,充足,3F-09・3F-12
2026-10-11T00:30,統括,2,0,0,0,1,0,1,1,0,充足,2F-04
2026-10-11T01:00,1F,2,0,0,0,0,0,2,2,0,充足,1F-07・1F-08
2026-10-11T01:00,2F,3,1,0,0,1,1,2,2,0,充足,2F-07・3F-24
2026-10-11T01:00,3F,2,1,0,0,0,1,2,2,0,充足,2F-03・3F-12
2026-10-11T01:00,統括,2,0,0,0,1,0,1,1,0,充足,2F-04
2026-10-11T01:30,1F,2,0,0,0,0,0,2,2,0,充足,1F-07・1F-08
2026-10-11T01:30,2F,3,1,0,0,1,1,2,2,0,充足,2F-07・3F-24
2026-10-11T01:30,3F,2,1,0,0,0,1,2,2,0,充足,2F-03・3F-12
2026-10-11T01:30,統括,2,0,0,0,1,0,1,1,0,充足,2F-04
2026-10-11T02:00,1F,2,0,0,0,0,0,2,2,0,充足,1F-07・1F-08
2026-10-11T02:00,2F,3,0,0,0,1,0,2,2,0,充足,2F-07・2F-08
2026-10-11T02:00,3F,2,2,0,0,0,2,2,2,0,充足,2F-03・3F-24
2026-10-11T02:00,統括,2,0,0,0,1,0,1,1,0,充足,2F-04
2026-10-11T02:30,1F,2,0,0,0,0,0,2,2,0,充足,1F-07・1F-08
2026-10-11T02:30,2F,3,0,0,0,1,0,2,2,0,充足,2F-07・2F-08
2026-10-11T02:30,3F,2,2,0,0,0,2,2,2,0,充足,2F-03・3F-24
2026-10-11T02:30,統括,2,0,0,0,1,0,1,1,0,充足,2F-04
2026-10-11T03:00,1F,2,0,0,0,0,0,2,2,0,充足,1F-07・1F-08
2026-10-11T03:00,2F,3,0,0,0,1,0,2,2,0,充足,2F-07・2F-08
2026-10-11T03:00,3F,2,1,0,0,0,1,2,2,0,充足,3F-09・3F-24
2026-10-11T03:00,統括,2,1,0,0,0,0,1,1,0,充足,2F-04
2026-10-11T03:30,1F,2,0,0,0,0,0,2,2,0,充足,1F-07・1F-08
2026-10-11T03:30,2F,3,0,0,0,1,0,2,2,0,充足,2F-07・2F-08
2026-10-11T03:30,3F,2,1,0,0,0,1,2,2,0,充足,3F-09・3F-24
2026-10-11T03:30,統括,2,1,0,0,0,0,1,1,0,充足,2F-04
2026-10-11T04:00,1F,2,0,0,0,0,0,2,2,0,充足,1F-07・1F-08
2026-10-11T04:00,2F,2,0,0,0,0,0,2,2,0,充足,2F-07・2F-08
2026-10-11T04:00,3F,2,0,0,0,0,0,2,2,0,充足,3F-09・3F-12
2026-10-11T04:00,統括,2,1,0,0,0,0,1,1,0,充足,2F-04
2026-10-11T04:30,1F,2,0,0,0,0,0,2,2,0,充足,1F-07・1F-08
2026-10-11T04:30,2F,2,0,0,0,0,0,2,2,0,充足,2F-07・2F-08
2026-10-11T04:30,3F,2,0,0,0,0,0,2,2,0,充足,3F-09・3F-12
2026-10-11T04:30,統括,2,1,0,0,0,0,1,1,0,充足,2F-04
2026-10-11T05:00,1F,2,0,0,0,0,0,2,2,0,充足,1F-07・1F-08
2026-10-11T05:00,2F,2,0,0,0,0,0,2,2,0,充足,2F-07・2F-08
2026-10-11T05:00,3F,2,0,0,0,0,0,2,2,0,充足,3F-09・3F-12
2026-10-11T05:00,統括,2,1,0,0,0,0,1,1,0,充足,2F-03
2026-10-11T05:30,1F,2,0,0,0,0,0,2,2,0,充足,1F-07・1F-08
2026-10-11T05:30,2F,2,0,0,0,0,0,2,2,0,充足,2F-07・2F-08
2026-10-11T05:30,3F,2,0,0,0,0,0,2,2,0,充足,3F-09・3F-12
2026-10-11T05:30,統括,2,1,0,0,0,0,1,1,0,充足,2F-03
2026-10-11T06:00,1F,2,0,0,0,0,0,2,2,0,充足,1F-07・1F-08
2026-10-11T06:00,2F,2,0,0,0,0,0,2,2,0,充足,2F-07・2F-08
2026-10-11T06:00,3F,2,0,0,0,0,0,2,2,0,充足,3F-09・3F-12
2026-10-11T06:00,統括,2,1,0,0,0,0,1,1,0,充足,2F-03
2026-10-11T06:30,1F,2,0,0,0,0,0,2,2,0,充足,1F-07・1F-08
2026-10-11T06:30,2F,2,0,0,0,0,0,2,2,0,充足,2F-07・2F-08
2026-10-11T06:30,3F,2,0,0,0,0,0,2,2,0,充足,3F-09・3F-12
2026-10-11T06:30,統括,2,1,0,0,0,0,1,1,0,充足,2F-03
2026-10-11T07:00,1F,7,0,0,0,0,0,7,4,0,充足,1F-07・1F-08・1F-31・2F-29・2F-30・2F-31・2F-32
2026-10-11T07:00,2F,7,0,0,0,0,0,7,4,0,充足,2F-07・2F-08・3F-39・3F-40・3F-41・3F-42・3F-43
2026-10-11T07:00,3F,7,0,0,0,0,0,7,4,0,充足,3F-09・3F-12・3F-34・3F-45・3F-46・3F-47・3F-48
2026-10-11T07:00,統括,2,0,0,0,0,0,2,0,0,充足,2F-03・2F-04
2026-10-11T07:30,1F,7,0,0,0,0,0,7,4,0,充足,1F-07・1F-08・1F-31・2F-29・2F-30・2F-31・2F-32
2026-10-11T07:30,2F,7,0,0,0,0,0,7,4,0,充足,2F-07・2F-08・3F-39・3F-40・3F-41・3F-42・3F-43
2026-10-11T07:30,3F,7,0,0,0,0,0,7,4,0,充足,3F-09・3F-12・3F-34・3F-45・3F-46・3F-47・3F-48
2026-10-11T07:30,統括,2,0,0,0,0,0,2,0,0,充足,2F-03・2F-04
2026-10-11T08:00,1F,7,0,0,0,0,0,7,4,0,充足,1F-07・1F-08・1F-31・2F-29・2F-30・2F-31・2F-32
2026-10-11T08:00,2F,7,0,0,0,0,0,7,4,0,充足,2F-07・2F-08・3F-39・3F-40・3F-41・3F-42・3F-43
2026-10-11T08:00,3F,7,0,0,0,0,0,7,4,0,充足,3F-09・3F-12・3F-34・3F-45・3F-46・3F-47・3F-48
2026-10-11T08:00,統括,2,0,0,0,0,0,2,0,0,充足,2F-03・2F-04
2026-10-11T08:30,1F,7,0,0,0,0,0,7,4,0,充足,1F-07・1F-08・1F-31・2F-29・2F-30・2F-31・2F-32
2026-10-11T08:30,2F,7,0,0,0,0,0,7,4,0,充足,2F-07・2F-08・3F-39・3F-40・3F-41・3F-42・3F-43
2026-10-11T08:30,3F,7,0,0,0,0,0,7,4,0,充足,3F-09・3F-12・3F-34・3F-45・3F-46・3F-47・3F-48
2026-10-11T08:30,統括,2,0,0,0,0,0,2,0,0,充足,2F-03・2F-04
2026-10-11T09:00,1F,5,0,0,0,0,0,5,4,0,充足,1F-31・2F-29・2F-30・2F-31・2F-32
2026-10-11T09:00,2F,5,0,0,0,0,0,5,4,0,充足,3F-39・3F-40・3F-41・3F-42・3F-43
2026-10-11T09:00,3F,5,0,0,0,0,0,5,4,0,充足,3F-34・3F-45・3F-46・3F-47・3F-48
2026-10-11T09:00,統括,0,0,0,0,0,0,0,0,0,充足,
2026-10-11T09:30,1F,5,0,0,0,0,0,5,4,0,充足,1F-31・2F-29・2F-30・2F-31・2F-32
2026-10-11T09:30,2F,5,0,0,0,0,0,5,4,0,充足,3F-39・3F-40・3F-41・3F-42・3F-43
2026-10-11T09:30,3F,5,0,0,0,0,0,5,4,0,充足,3F-34・3F-45・3F-46・3F-47・3F-48
2026-10-11T09:30,統括,0,0,0,0,0,0,0,0,0,充足,
2026-10-11T10:00,1F,10,0,1,0,0,0,9,4,0,充足,2F-29・2F-30・2F-31・2F-32・2F-33・3F-35・3F-36・3F-37・3F-38
2026-10-11T10:00,2F,10,0,1,0,0,0,9,4,0,充足,3F-30・3F-31・3F-32・3F-33・3F-40・3F-41・3F-42・3F-43・3F-44
2026-10-11T10:00,3F,10,0,1,0,0,0,9,4,0,充足,3F-45・3F-46・3F-47・3F-48・3F-49・3F-50・3F-51・3F-52・3F-53
2026-10-11T10:00,統括,0,0,0,0,0,0,0,0,0,充足,
2026-10-11T10:30,1F,10,0,1,0,0,0,9,4,0,充足,2F-29・2F-30・2F-31・2F-32・2F-33・3F-35・3F-36・3F-37・3F-38
2026-10-11T10:30,2F,10,0,1,0,0,0,9,4,0,充足,3F-30・3F-31・3F-32・3F-33・3F-40・3F-41・3F-42・3F-43・3F-44
2026-10-11T10:30,3F,10,0,1,0,0,0,9,4,0,充足,3F-45・3F-46・3F-47・3F-48・3F-49・3F-50・3F-51・3F-52・3F-53
2026-10-11T10:30,統括,0,0,0,0,0,0,0,0,0,充足,
2026-10-11T11:00,1F,10,5,0,0,0,0,5,4,0,充足,2F-33・3F-35・3F-36・3F-37・3F-38
2026-10-11T11:00,2F,10,5,0,0,0,0,5,4,0,充足,3F-30・3F-31・3F-32・3F-33・3F-44
2026-10-11T11:00,3F,10,5,0,0,0,0,5,4,0,充足,3F-49・3F-50・3F-51・3F-52・3F-53
2026-10-11T11:00,統括,0,0,0,0,0,0,0,0,0,充足,
2026-10-11T11:30,1F,10,5,0,0,0,0,5,4,0,充足,2F-33・3F-35・3F-36・3F-37・3F-38
2026-10-11T11:30,2F,10,5,0,0,0,0,5,4,0,充足,3F-30・3F-31・3F-32・3F-33・3F-44
2026-10-11T11:30,3F,10,5,0,0,0,0,5,4,0,充足,3F-49・3F-50・3F-51・3F-52・3F-53
2026-10-11T11:30,統括,0,0,0,0,0,0,0,0,0,充足,
2026-10-11T12:00,1F,10,0,0,0,0,0,10,4,0,充足,1F-31・2F-29・2F-30・2F-31・2F-32・2F-33・3F-35・3F-36・3F-37・3F-38
2026-10-11T12:00,2F,10,0,0,0,0,0,10,4,0,充足,3F-30・3F-31・3F-32・3F-33・3F-39・3F-40・3F-41・3F-42・3F-43・3F-44
2026-10-11T12:00,3F,10,0,0,0,0,0,10,4,0,充足,3F-34・3F-45・3F-46・3F-47・3F-48・3F-49・3F-50・3F-51・3F-52・3F-53
2026-10-11T12:00,統括,0,0,0,0,0,0,0,0,0,充足,
2026-10-11T12:30,1F,10,0,0,0,0,0,10,4,0,充足,1F-31・2F-29・2F-30・2F-31・2F-32・2F-33・3F-35・3F-36・3F-37・3F-38
2026-10-11T12:30,2F,10,0,0,0,0,0,10,4,0,充足,3F-30・3F-31・3F-32・3F-33・3F-39・3F-40・3F-41・3F-42・3F-43・3F-44
2026-10-11T12:30,3F,10,0,0,0,0,0,10,4,0,充足,3F-34・3F-45・3F-46・3F-47・3F-48・3F-49・3F-50・3F-51・3F-52・3F-53
2026-10-11T12:30,統括,0,0,0,0,0,0,0,0,0,充足,
2026-10-11T13:00,1F,10,5,0,0,0,0,5,4,0,充足,1F-31・2F-29・2F-30・2F-31・2F-32
2026-10-11T13:00,2F,10,5,0,0,0,0,5,4,0,充足,3F-39・3F-40・3F-41・3F-42・3F-43
2026-10-11T13:00,3F,10,5,0,0,0,0,5,4,0,充足,3F-34・3F-45・3F-46・3F-47・3F-48
2026-10-11T13:00,統括,0,0,0,0,0,0,0,0,0,充足,
2026-10-11T13:30,1F,10,5,0,0,0,0,5,4,0,充足,1F-31・2F-29・2F-30・2F-31・2F-32
2026-10-11T13:30,2F,10,5,0,0,0,0,5,4,0,充足,3F-39・3F-40・3F-41・3F-42・3F-43
2026-10-11T13:30,3F,10,5,0,0,0,0,5,4,0,充足,3F-34・3F-45・3F-46・3F-47・3F-48
2026-10-11T13:30,統括,0,0,0,0,0,0,0,0,0,充足,
2026-10-11T14:00,1F,10,0,0,0,0,0,10,4,0,充足,1F-31・2F-29・2F-30・2F-31・2F-32・2F-33・3F-35・3F-36・3F-37・3F-38
2026-10-11T14:00,2F,10,0,0,0,0,0,10,4,0,充足,3F-30・3F-31・3F-32・3F-33・3F-39・3F-40・3F-41・3F-42・3F-43・3F-44
2026-10-11T14:00,3F,11,0,0,0,0,0,11,4,0,充足,3F-20・3F-34・3F-45・3F-46・3F-47・3F-48・3F-49・3F-50・3F-51・3F-52・3F-53
2026-10-11T14:00,統括,0,0,0,0,0,0,0,0,0,充足,
2026-10-11T14:30,1F,10,0,0,0,0,0,10,4,0,充足,1F-31・2F-29・2F-30・2F-31・2F-32・2F-33・3F-35・3F-36・3F-37・3F-38
2026-10-11T14:30,2F,10,0,0,0,0,0,10,4,0,充足,3F-30・3F-31・3F-32・3F-33・3F-39・3F-40・3F-41・3F-42・3F-43・3F-44
2026-10-11T14:30,3F,11,0,0,0,0,0,11,4,0,充足,3F-20・3F-34・3F-45・3F-46・3F-47・3F-48・3F-49・3F-50・3F-51・3F-52・3F-53
2026-10-11T14:30,統括,0,0,0,0,0,0,0,0,0,充足,
2026-10-11T15:00,1F,10,0,1,0,0,0,9,4,0,充足,1F-31・2F-29・2F-30・2F-31・2F-32・3F-35・3F-36・3F-37・3F-38
2026-10-11T15:00,2F,10,0,1,0,0,0,9,4,0,充足,3F-30・3F-31・3F-32・3F-33・3F-39・3F-40・3F-41・3F-42・3F-43
2026-10-11T15:00,3F,11,0,1,0,0,0,10,4,0,充足,3F-20・3F-34・3F-45・3F-46・3F-47・3F-48・3F-50・3F-51・3F-52・3F-53
2026-10-11T15:00,統括,0,0,0,0,0,0,0,0,0,充足,
2026-10-11T15:30,1F,10,0,1,0,0,0,9,4,0,充足,1F-31・2F-29・2F-30・2F-31・2F-32・3F-35・3F-36・3F-37・3F-38
2026-10-11T15:30,2F,10,0,1,0,0,0,9,4,0,充足,3F-30・3F-31・3F-32・3F-33・3F-39・3F-40・3F-41・3F-42・3F-43
2026-10-11T15:30,3F,11,0,1,0,0,0,10,4,0,充足,3F-20・3F-34・3F-45・3F-46・3F-47・3F-48・3F-50・3F-51・3F-52・3F-53
2026-10-11T15:30,統括,0,0,0,0,0,0,0,0,0,充足,
2026-10-11T16:00,1F,7,0,0,0,0,0,7,4,0,充足,1F-09・1F-10・2F-33・3F-35・3F-36・3F-37・3F-38
2026-10-11T16:00,2F,7,0,0,0,0,0,7,4,0,充足,2F-05・2F-06・3F-30・3F-31・3F-32・3F-33・3F-44
2026-10-11T16:00,3F,8,0,0,0,0,0,8,4,0,充足,3F-04・3F-05・3F-20・3F-49・3F-50・3F-51・3F-52・3F-53
2026-10-11T16:00,統括,2,0,0,0,0,0,2,0,0,充足,3F-01・3F-02
2026-10-11T16:30,1F,7,2,0,0,0,0,5,4,0,充足,2F-33・3F-35・3F-36・3F-37・3F-38
2026-10-11T16:30,2F,7,2,0,0,0,0,5,4,0,充足,3F-30・3F-31・3F-32・3F-33・3F-44
2026-10-11T16:30,3F,8,0,0,0,0,0,8,4,0,充足,3F-04・3F-05・3F-20・3F-49・3F-50・3F-51・3F-52・3F-53
2026-10-11T16:30,統括,2,0,0,0,0,0,2,0,0,充足,3F-01・3F-02
2026-10-11T17:00,1F,7,2,0,0,0,0,5,4,0,充足,2F-33・3F-35・3F-36・3F-37・3F-38
2026-10-11T17:00,2F,7,2,0,0,0,0,5,4,0,充足,3F-30・3F-31・3F-32・3F-33・3F-44
2026-10-11T17:00,3F,8,0,0,0,0,0,8,4,0,充足,3F-04・3F-05・3F-20・3F-49・3F-50・3F-51・3F-52・3F-53
2026-10-11T17:00,統括,2,0,0,0,0,0,2,0,0,充足,3F-01・3F-02
2026-10-11T17:30,1F,7,0,0,0,0,0,7,4,0,充足,1F-09・1F-10・2F-33・3F-35・3F-36・3F-37・3F-38
2026-10-11T17:30,2F,7,0,0,0,0,0,7,4,0,充足,2F-05・2F-06・3F-30・3F-31・3F-32・3F-33・3F-44
2026-10-11T17:30,3F,8,2,0,0,0,0,6,4,0,充足,3F-20・3F-49・3F-50・3F-51・3F-52・3F-53
2026-10-11T17:30,統括,2,2,0,0,0,0,0,0,0,充足,
2026-10-11T18:00,1F,7,0,0,0,0,0,7,4,0,充足,1F-09・1F-10・2F-33・3F-35・3F-36・3F-37・3F-38
2026-10-11T18:00,2F,7,0,0,0,0,0,7,4,0,充足,2F-05・2F-06・3F-30・3F-31・3F-32・3F-33・3F-44
2026-10-11T18:00,3F,8,2,0,0,0,0,6,4,0,充足,3F-20・3F-49・3F-50・3F-51・3F-52・3F-53
2026-10-11T18:00,統括,2,2,0,0,0,0,0,0,0,充足,
2026-10-11T18:30,1F,7,0,0,0,0,0,7,4,0,充足,1F-09・1F-10・2F-33・3F-35・3F-36・3F-37・3F-38
2026-10-11T18:30,2F,7,0,0,0,0,0,7,4,0,充足,2F-05・2F-06・3F-30・3F-31・3F-32・3F-33・3F-44
2026-10-11T18:30,3F,8,0,0,0,0,0,8,4,0,充足,3F-04・3F-05・3F-20・3F-49・3F-50・3F-51・3F-52・3F-53
2026-10-11T18:30,統括,2,0,0,0,0,0,2,0,0,充足,3F-01・3F-02
2026-10-11T19:00,1F,2,0,0,0,0,0,2,2,0,充足,1F-09・1F-10
2026-10-11T19:00,2F,2,0,0,0,0,0,2,2,0,充足,2F-05・2F-06
2026-10-11T19:00,3F,2,0,0,0,0,0,2,2,0,充足,3F-04・3F-05
2026-10-11T19:00,統括,2,0,0,0,0,0,2,1,0,充足,3F-01・3F-02
2026-10-11T19:30,1F,2,0,0,0,0,0,2,2,0,充足,1F-09・1F-10
2026-10-11T19:30,2F,2,0,0,0,0,0,2,2,0,充足,2F-05・2F-06
2026-10-11T19:30,3F,2,0,0,0,0,0,2,2,0,充足,3F-04・3F-05
2026-10-11T19:30,統括,2,0,0,0,0,0,2,1,0,充足,3F-01・3F-02
2026-10-11T20:00,1F,2,0,0,0,0,0,2,2,0,充足,1F-09・1F-10
2026-10-11T20:00,2F,2,0,0,0,0,0,2,2,0,充足,2F-05・2F-06
2026-10-11T20:00,3F,2,0,0,0,0,0,2,2,0,充足,3F-04・3F-05
2026-10-11T20:00,統括,2,0,0,0,0,0,2,1,0,充足,3F-01・3F-02
2026-10-11T20:30,1F,2,0,0,0,0,0,2,2,0,充足,1F-09・1F-10
2026-10-11T20:30,2F,2,0,0,0,0,0,2,2,0,充足,2F-05・2F-06
2026-10-11T20:30,3F,2,0,0,0,0,0,2,2,0,充足,3F-04・3F-05
2026-10-11T20:30,統括,2,0,0,0,0,0,2,1,0,充足,3F-01・3F-02
2026-10-11T21:00,1F,2,1,0,0,0,1,2,2,0,充足,1F-10・3F-01
2026-10-11T21:00,2F,2,0,0,0,0,0,2,2,0,充足,2F-05・2F-06
2026-10-11T21:00,3F,2,0,0,0,0,0,2,2,0,充足,3F-04・3F-05
2026-10-11T21:00,統括,2,0,0,0,1,0,1,1,0,充足,3F-02
2026-10-11T21:30,1F,2,1,0,0,0,1,2,2,0,充足,1F-10・3F-01
2026-10-11T21:30,2F,2,0,0,0,0,0,2,2,0,充足,2F-05・2F-06
2026-10-11T21:30,3F,2,0,0,0,0,0,2,2,0,充足,3F-04・3F-05
2026-10-11T21:30,統括,2,0,0,0,1,0,1,1,0,充足,3F-02
2026-10-11T22:00,1F,3,2,0,0,1,2,2,2,0,充足,1F-26・3F-01
2026-10-11T22:00,2F,2,0,0,0,0,0,2,2,0,充足,2F-05・2F-06
2026-10-11T22:00,3F,2,0,0,0,0,0,2,2,0,充足,3F-04・3F-05
2026-10-11T22:00,統括,2,0,0,0,1,0,1,1,0,充足,3F-02
2026-10-11T22:30,1F,3,2,0,0,1,2,2,2,0,充足,1F-26・3F-01
2026-10-11T22:30,2F,2,0,0,0,0,0,2,2,0,充足,2F-05・2F-06
2026-10-11T22:30,3F,2,0,0,0,0,0,2,2,0,充足,3F-04・3F-05
2026-10-11T22:30,統括,2,0,0,0,1,0,1,1,0,充足,3F-02
2026-10-11T23:00,1F,3,1,0,0,1,1,2,2,0,充足,1F-09・1F-26
2026-10-11T23:00,2F,2,1,0,0,0,1,2,2,0,充足,2F-06・3F-01
2026-10-11T23:00,3F,2,0,0,0,0,0,2,2,0,充足,3F-04・3F-05
2026-10-11T23:00,統括,2,0,0,0,1,0,1,1,0,充足,3F-02
2026-10-11T23:30,1F,3,1,0,0,1,1,2,2,0,充足,1F-09・1F-26
2026-10-11T23:30,2F,2,1,0,0,0,1,2,2,0,充足,2F-06・3F-01
2026-10-11T23:30,3F,2,0,0,0,0,0,2,2,0,充足,3F-04・3F-05
2026-10-11T23:30,統括,2,0,0,0,1,0,1,1,0,充足,3F-02
