staff_id,date,code,floor
1F-01,2027-01-31,休,1F
1F-01,2027-02-01,早,1F
1F-01,2027-02-02,遅,1F
1F-01,2027-02-03,日,1F
1F-01,2027-02-04,休,1F
1F-01,2027-02-05,遅,1F
1F-01,2027-02-06,休,1F
1F-01,2027-02-07,休,1F
1F-01,2027-02-08,早,1F
1F-01,2027-02-09,遅,1F
1F-01,2027-02-10,休,1F
1F-01,2027-02-11,早,1F
1F-01,2027-02-12,遅,1F
1F-01,2027-02-13,休,1F
1F-01,2027-02-14,休,1F
1F-01,2027-02-15,早,1F
1F-01,2027-02-16,遅,1F
1F-01,2027-02-17,日,1F
1F-01,2027-02-18,休,1F
1F-01,2027-02-19,遅,1F
1F-01,2027-02-20,休,1F
1F-01,2027-02-21,休,1F
1F-01,2027-02-22,早,1F
1F-01,2027-02-23,有,1F
1F-01,2027-02-24,早,1F
1F-01,2027-02-25,早,1F
1F-01,2027-02-26,遅,1F
1F-01,2027-02-27,休,1F
1F-01,2027-02-28,休,1F
1F-01,2027-03-01,早,1F
1F-02,2027-01-31,休,1F
1F-02,2027-02-01,早,1F
1F-02,2027-02-02,遅,1F
1F-02,2027-02-03,休,1F
1F-02,2027-02-04,早,1F
1F-02,2027-02-05,遅,1F
1F-02,2027-02-06,休,1F
1F-02,2027-02-07,休,1F
1F-02,2027-02-08,早,1F
1F-02,2027-02-09,遅,1F
1F-02,2027-02-10,休,1F
1F-02,2027-02-11,早,1F
1F-02,2027-02-12,遅,1F
1F-02,2027-02-13,休,1F
1F-02,2027-02-14,休,1F
1F-02,2027-02-15,早,1F
1F-02,2027-02-16,遅,1F
1F-02,2027-02-17,休,1F
1F-02,2027-02-18,早,1F
1F-02,2027-02-19,有,1F
1F-02,2027-02-20,早,1F
1F-02,2027-02-21,休,1F
1F-02,2027-02-22,早,1F
1F-02,2027-02-23,遅,1F
1F-02,2027-02-24,休,1F
1F-02,2027-02-25,早,1F
1F-02,2027-02-26,遅,1F
1F-02,2027-02-27,休,1F
1F-02,2027-02-28,休,1F
1F-02,2027-03-01,早,1F
1F-03,2027-01-31,休,1F
1F-03,2027-02-01,早,1F
1F-03,2027-02-02,遅,1F
1F-03,2027-02-03,休,1F
1F-03,2027-02-04,早,1F
1F-03,2027-02-05,遅,1F
1F-03,2027-02-06,休,1F
1F-03,2027-02-07,休,1F
1F-03,2027-02-08,早,1F
1F-03,2027-02-09,遅,1F
1F-03,2027-02-10,休,1F
1F-03,2027-02-11,早,1F
1F-03,2027-02-12,遅,1F
1F-03,2027-02-13,休,1F
1F-03,2027-02-14,休,1F
1F-03,2027-02-15,有,1F
1F-03,2027-02-16,早,1F
1F-03,2027-02-17,早,1F
1F-03,2027-02-18,早,1F
1F-03,2027-02-19,遅,1F
1F-03,2027-02-20,休,1F
1F-03,2027-02-21,休,1F
1F-03,2027-02-22,早,1F
1F-03,2027-02-23,遅,1F
1F-03,2027-02-24,休,1F
1F-03,2027-02-25,早,1F
1F-03,2027-02-26,遅,1F
1F-03,2027-02-27,休,1F
1F-03,2027-02-28,休,1F
1F-03,2027-03-01,早,1F
1F-04,2027-01-31,休,1F
1F-04,2027-02-01,早,1F
1F-04,2027-02-02,遅,1F
1F-04,2027-02-03,休,1F
1F-04,2027-02-04,早,1F
1F-04,2027-02-05,遅,1F
1F-04,2027-02-06,休,1F
1F-04,2027-02-07,休,1F
1F-04,2027-02-08,早,1F
1F-04,2027-02-09,遅,1F
1F-04,2027-02-10,休,1F
1F-04,2027-02-11,早,1F
1F-04,2027-02-12,遅,1F
1F-04,2027-02-13,休,1F
1F-04,2027-02-14,休,1F
1F-04,2027-02-15,早,1F
1F-04,2027-02-16,遅,1F
1F-04,2027-02-17,休,1F
1F-04,2027-02-18,早,1F
1F-04,2027-02-19,遅,1F
1F-04,2027-02-20,休,1F
1F-04,2027-02-21,休,1F
1F-04,2027-02-22,早,1F
1F-04,2027-02-23,遅,1F
1F-04,2027-02-24,休,1F
1F-04,2027-02-25,早,1F
1F-04,2027-02-26,遅,1F
1F-04,2027-02-27,休,1F
1F-04,2027-02-28,休,1F
1F-04,2027-03-01,早,1F
1F-05,2027-01-31,休,1F
1F-05,2027-02-01,早,1F
1F-05,2027-02-02,遅,1F
1F-05,2027-02-03,休,1F
1F-05,2027-02-04,早,1F
1F-05,2027-02-05,日,1F
1F-05,2027-02-06,休,1F
1F-05,2027-02-07,休,1F
1F-05,2027-02-08,早,1F
1F-05,2027-02-09,遅,1F
1F-05,2027-02-10,休,1F
1F-05,2027-02-11,早,1F
1F-05,2027-02-12,日,1F
1F-05,2027-02-13,休,1F
1F-05,2027-02-14,休,1F
1F-05,2027-02-15,早,1F
1F-05,2027-02-16,遅,1F
1F-05,2027-02-17,休,1F
1F-05,2027-02-18,早,1F
1F-05,2027-02-19,遅,1F
1F-05,2027-02-20,休,1F
1F-05,2027-02-21,休,1F
1F-05,2027-02-22,早,1F
1F-05,2027-02-23,遅,1F
1F-05,2027-02-24,休,1F
1F-05,2027-02-25,早,1F
1F-05,2027-02-26,日,1F
1F-05,2027-02-27,休,1F
1F-05,2027-02-28,休,1F
1F-05,2027-03-01,早,1F
1F-06,2027-01-31,休,1F
1F-06,2027-02-01,遅,1F
1F-06,2027-02-02,休,1F
1F-06,2027-02-03,早,1F
1F-06,2027-02-04,遅,1F
1F-06,2027-02-05,休,1F
1F-06,2027-02-06,早,1F
1F-06,2027-02-07,休,1F
1F-06,2027-02-08,遅,1F
1F-06,2027-02-09,休,1F
1F-06,2027-02-10,早,1F
1F-06,2027-02-11,遅,1F
1F-06,2027-02-12,休,1F
1F-06,2027-02-13,早,1F
1F-06,2027-02-14,休,1F
1F-06,2027-02-15,早,1F
1F-06,2027-02-16,遅,1F
1F-06,2027-02-17,休,1F
1F-06,2027-02-18,遅,1F
1F-06,2027-02-19,日,1F
1F-06,2027-02-20,休,1F
1F-06,2027-02-21,休,1F
1F-06,2027-02-22,遅,1F
1F-06,2027-02-23,遅,1F
1F-06,2027-02-24,休,1F
1F-06,2027-02-25,遅,1F
1F-06,2027-02-26,休,1F
1F-06,2027-02-27,早,1F
1F-06,2027-02-28,休,1F
1F-06,2027-03-01,遅,1F
1F-07,2027-01-31,休,1F
1F-07,2027-02-01,遅,1F
1F-07,2027-02-02,休,1F
1F-07,2027-02-03,早,1F
1F-07,2027-02-04,遅,1F
1F-07,2027-02-05,休,1F
1F-07,2027-02-06,早,1F
1F-07,2027-02-07,休,1F
1F-07,2027-02-08,遅,1F
1F-07,2027-02-09,休,1F
1F-07,2027-02-10,早,1F
1F-07,2027-02-11,遅,1F
1F-07,2027-02-12,休,1F
1F-07,2027-02-13,早,1F
1F-07,2027-02-14,休,1F
1F-07,2027-02-15,遅,1F
1F-07,2027-02-16,休,1F
1F-07,2027-02-17,有,1F
1F-07,2027-02-18,早,1F
1F-07,2027-02-19,早,1F
1F-07,2027-02-20,早,1F
1F-07,2027-02-21,休,1F
1F-07,2027-02-22,遅,1F
1F-07,2027-02-23,休,1F
1F-07,2027-02-24,早,1F
1F-07,2027-02-25,遅,1F
1F-07,2027-02-26,休,1F
1F-07,2027-02-27,早,1F
1F-07,2027-02-28,休,1F
1F-07,2027-03-01,遅,1F
1F-08,2027-01-31,休,1F
1F-08,2027-02-01,遅,1F
1F-08,2027-02-02,休,1F
1F-08,2027-02-03,早,1F
1F-08,2027-02-04,遅,1F
1F-08,2027-02-05,休,1F
1F-08,2027-02-06,早,1F
1F-08,2027-02-07,休,1F
1F-08,2027-02-08,遅,1F
1F-08,2027-02-09,休,1F
1F-08,2027-02-10,早,1F
1F-08,2027-02-11,遅,1F
1F-08,2027-02-12,休,1F
1F-08,2027-02-13,有,1F
1F-08,2027-02-14,早,1F
1F-08,2027-02-15,遅,1F
1F-08,2027-02-16,休,1F
1F-08,2027-02-17,早,1F
1F-08,2027-02-18,遅,1F
1F-08,2027-02-19,休,1F
1F-08,2027-02-20,早,1F
1F-08,2027-02-21,休,1F
1F-08,2027-02-22,遅,1F
1F-08,2027-02-23,休,1F
1F-08,2027-02-24,早,1F
1F-08,2027-02-25,遅,1F
1F-08,2027-02-26,休,1F
1F-08,2027-02-27,早,1F
1F-08,2027-02-28,休,1F
1F-08,2027-03-01,遅,1F
1F-09,2027-01-31,休,1F
1F-09,2027-02-01,遅,1F
1F-09,2027-02-02,休,1F
1F-09,2027-02-03,早,1F
1F-09,2027-02-04,遅,1F
1F-09,2027-02-05,休,1F
1F-09,2027-02-06,早,1F
1F-09,2027-02-07,休,1F
1F-09,2027-02-08,遅,1F
1F-09,2027-02-09,有,1F
1F-09,2027-02-10,早,1F
1F-09,2027-02-11,遅,1F
1F-09,2027-02-12,休,1F
1F-09,2027-02-13,早,1F
1F-09,2027-02-14,休,1F
1F-09,2027-02-15,遅,1F
1F-09,2027-02-16,休,1F
1F-09,2027-02-17,早,1F
1F-09,2027-02-18,遅,1F
1F-09,2027-02-19,休,1F
1F-09,2027-02-20,早,1F
1F-09,2027-02-21,休,1F
1F-09,2027-02-22,遅,1F
1F-09,2027-02-23,休,1F
1F-09,2027-02-24,早,1F
1F-09,2027-02-25,遅,1F
1F-09,2027-02-26,休,1F
1F-09,2027-02-27,早,1F
1F-09,2027-02-28,休,1F
1F-09,2027-03-01,遅,1F
1F-10,2027-01-31,休,1F
1F-10,2027-02-01,遅,1F
1F-10,2027-02-02,休,1F
1F-10,2027-02-03,早,1F
1F-10,2027-02-04,遅,1F
1F-10,2027-02-05,休,1F
1F-10,2027-02-06,早,1F
1F-10,2027-02-07,休,1F
1F-10,2027-02-08,遅,1F
1F-10,2027-02-09,休,1F
1F-10,2027-02-10,早,1F
1F-10,2027-02-11,遅,1F
1F-10,2027-02-12,休,1F
1F-10,2027-02-13,早,1F
1F-10,2027-02-14,休,1F
1F-10,2027-02-15,遅,1F
1F-10,2027-02-16,休,1F
1F-10,2027-02-17,早,1F
1F-10,2027-02-18,遅,1F
1F-10,2027-02-19,休,1F
1F-10,2027-02-20,早,1F
1F-10,2027-02-21,休,1F
1F-10,2027-02-22,遅,1F
1F-10,2027-02-23,休,1F
1F-10,2027-02-24,早,1F
1F-10,2027-02-25,遅,1F
1F-10,2027-02-26,休,1F
1F-10,2027-02-27,早,1F
1F-10,2027-02-28,休,1F
1F-10,2027-03-01,遅,1F
1F-11,2027-01-31,休,1F
1F-11,2027-02-01,日,1F
1F-11,2027-02-02,休,1F
1F-11,2027-02-03,遅,1F
1F-11,2027-02-04,休,1F
1F-11,2027-02-05,早,1F
1F-11,2027-02-06,遅,1F
1F-11,2027-02-07,休,1F
1F-11,2027-02-08,日,1F
1F-11,2027-02-09,休,1F
1F-11,2027-02-10,遅,1F
1F-11,2027-02-11,休,1F
1F-11,2027-02-12,早,1F
1F-11,2027-02-13,早,1F
1F-11,2027-02-14,休,1F
1F-11,2027-02-15,遅,1F
1F-11,2027-02-16,休,1F
1F-11,2027-02-17,早,1F
1F-11,2027-02-18,遅,1F
1F-11,2027-02-19,休,1F
1F-11,2027-02-20,遅,1F
1F-11,2027-02-21,休,1F
1F-11,2027-02-22,日,1F
1F-11,2027-02-23,休,1F
1F-11,2027-02-24,遅,1F
1F-11,2027-02-25,休,1F
1F-11,2027-02-26,早,1F
1F-11,2027-02-27,遅,1F
1F-11,2027-02-28,休,1F
1F-11,2027-03-01,日,1F
1F-12,2027-01-31,休,1F
1F-12,2027-02-01,休,1F
1F-12,2027-02-02,早,1F
1F-12,2027-02-03,遅,1F
1F-12,2027-02-04,休,1F
1F-12,2027-02-05,早,1F
1F-12,2027-02-06,遅,1F
1F-12,2027-02-07,休,1F
1F-12,2027-02-08,休,1F
1F-12,2027-02-09,早,1F
1F-12,2027-02-10,遅,1F
1F-12,2027-02-11,休,1F
1F-12,2027-02-12,早,1F
1F-12,2027-02-13,遅,1F
1F-12,2027-02-14,休,1F
1F-12,2027-02-15,日,1F
1F-12,2027-02-16,休,1F
1F-12,2027-02-17,遅,1F
1F-12,2027-02-18,休,1F
1F-12,2027-02-19,早,1F
1F-12,2027-02-20,遅,1F
1F-12,2027-02-21,休,1F
1F-12,2027-02-22,休,1F
1F-12,2027-02-23,早,1F
1F-12,2027-02-24,遅,1F
1F-12,2027-02-25,休,1F
1F-12,2027-02-26,早,1F
1F-12,2027-02-27,遅,1F
1F-12,2027-02-28,休,1F
1F-12,2027-03-01,休,1F
1F-13,2027-01-31,休,1F
1F-13,2027-02-01,休,1F
1F-13,2027-02-02,早,1F
1F-13,2027-02-03,遅,1F
1F-13,2027-02-04,休,1F
1F-13,2027-02-05,早,1F
1F-13,2027-02-06,遅,1F
1F-13,2027-02-07,休,1F
1F-13,2027-02-08,休,1F
1F-13,2027-02-09,早,1F
1F-13,2027-02-10,遅,1F
1F-13,2027-02-11,有,1F
1F-13,2027-02-12,早,1F
1F-13,2027-02-13,遅,1F
1F-13,2027-02-14,休,1F
1F-13,2027-02-15,休,1F
1F-13,2027-02-16,早,1F
1F-13,2027-02-17,遅,1F
1F-13,2027-02-18,休,1F
1F-13,2027-02-19,早,1F
1F-13,2027-02-20,遅,1F
1F-13,2027-02-21,休,1F
1F-13,2027-02-22,休,1F
1F-13,2027-02-23,早,1F
1F-13,2027-02-24,遅,1F
1F-13,2027-02-25,休,1F
1F-13,2027-02-26,早,1F
1F-13,2027-02-27,遅,1F
1F-13,2027-02-28,休,1F
1F-13,2027-03-01,休,1F
1F-14,2027-01-31,休,1F
1F-14,2027-02-01,休,1F
1F-14,2027-02-02,早,1F
1F-14,2027-02-03,遅,1F
1F-14,2027-02-04,休,1F
1F-14,2027-02-05,早,1F
1F-14,2027-02-06,遅,1F
1F-14,2027-02-07,有,1F
1F-14,2027-02-08,休,1F
1F-14,2027-02-09,早,1F
1F-14,2027-02-10,遅,1F
1F-14,2027-02-11,休,1F
1F-14,2027-02-12,早,1F
1F-14,2027-02-13,遅,1F
1F-14,2027-02-14,休,1F
1F-14,2027-02-15,休,1F
1F-14,2027-02-16,早,1F
1F-14,2027-02-17,遅,1F
1F-14,2027-02-18,休,1F
1F-14,2027-02-19,早,1F
1F-14,2027-02-20,遅,1F
1F-14,2027-02-21,休,1F
1F-14,2027-02-22,休,1F
1F-14,2027-02-23,早,1F
1F-14,2027-02-24,遅,1F
1F-14,2027-02-25,休,1F
1F-14,2027-02-26,早,1F
1F-14,2027-02-27,遅,1F
1F-14,2027-02-28,休,1F
1F-14,2027-03-01,休,1F
1F-15,2027-01-31,休,1F
1F-15,2027-02-01,休,1F
1F-15,2027-02-02,早,1F
1F-15,2027-02-03,有,1F
1F-15,2027-02-04,早,1F
1F-15,2027-02-05,早,1F
1F-15,2027-02-06,遅,1F
1F-15,2027-02-07,休,1F
1F-15,2027-02-08,休,1F
1F-15,2027-02-09,早,1F
1F-15,2027-02-10,遅,1F
1F-15,2027-02-11,休,1F
1F-15,2027-02-12,早,1F
1F-15,2027-02-13,遅,1F
1F-15,2027-02-14,休,1F
1F-15,2027-02-15,休,1F
1F-15,2027-02-16,早,1F
1F-15,2027-02-17,遅,1F
1F-15,2027-02-18,休,1F
1F-15,2027-02-19,早,1F
1F-15,2027-02-20,遅,1F
1F-15,2027-02-21,休,1F
1F-15,2027-02-22,休,1F
1F-15,2027-02-23,早,1F
1F-15,2027-02-24,遅,1F
1F-15,2027-02-25,休,1F
1F-15,2027-02-26,早,1F
1F-15,2027-02-27,遅,1F
1F-15,2027-02-28,休,1F
1F-15,2027-03-01,休,1F
1F-16,2027-01-31,早,1F
1F-16,2027-02-01,休,1F
1F-16,2027-02-02,早,1F
1F-16,2027-02-03,遅,1F
1F-16,2027-02-04,休,1F
1F-16,2027-02-05,遅,1F
1F-16,2027-02-06,休,1F
1F-16,2027-02-07,早,1F
1F-16,2027-02-08,休,1F
1F-16,2027-02-09,早,1F
1F-16,2027-02-10,日,1F
1F-16,2027-02-11,休,1F
1F-16,2027-02-12,遅,1F
1F-16,2027-02-13,遅,1F
1F-16,2027-02-14,休,1F
1F-16,2027-02-15,休,1F
1F-16,2027-02-16,早,1F
1F-16,2027-02-17,遅,1F
1F-16,2027-02-18,休,1F
1F-16,2027-02-19,遅,1F
1F-16,2027-02-20,休,1F
1F-16,2027-02-21,早,1F
1F-16,2027-02-22,休,1F
1F-16,2027-02-23,早,1F
1F-16,2027-02-24,日,1F
1F-16,2027-02-25,休,1F
1F-16,2027-02-26,遅,1F
1F-16,2027-02-27,休,1F
1F-16,2027-02-28,早,1F
1F-16,2027-03-01,休,1F
1F-17,2027-01-31,休,1F
1F-17,2027-02-01,休,1F
1F-17,2027-02-02,休,1F
1F-17,2027-02-03,休,1F
1F-17,2027-02-04,休,1F
1F-17,2027-02-05,休,1F
1F-17,2027-02-06,休,1F
1F-17,2027-02-07,休,1F
1F-17,2027-02-08,休,1F
1F-17,2027-02-09,休,1F
1F-17,2027-02-10,休,1F
1F-17,2027-02-11,休,1F
1F-17,2027-02-12,休,1F
1F-17,2027-02-13,休,1F
1F-17,2027-02-14,休,1F
1F-17,2027-02-15,休,1F
1F-17,2027-02-16,休,1F
1F-17,2027-02-17,休,1F
1F-17,2027-02-18,休,1F
1F-17,2027-02-19,休,1F
1F-17,2027-02-20,休,1F
1F-17,2027-02-21,休,1F
1F-17,2027-02-22,休,1F
1F-17,2027-02-23,休,1F
1F-17,2027-02-24,休,1F
1F-17,2027-02-25,休,1F
1F-17,2027-02-26,休,1F
1F-17,2027-02-27,休,1F
1F-17,2027-02-28,休,1F
1F-17,2027-03-01,休,1F
1F-18,2027-01-31,休,1F
1F-18,2027-02-01,休,1F
1F-18,2027-02-02,休,1F
1F-18,2027-02-03,休,1F
1F-18,2027-02-04,休,1F
1F-18,2027-02-05,休,1F
1F-18,2027-02-06,休,1F
1F-18,2027-02-07,休,1F
1F-18,2027-02-08,休,1F
1F-18,2027-02-09,休,1F
1F-18,2027-02-10,休,1F
1F-18,2027-02-11,休,1F
1F-18,2027-02-12,休,1F
1F-18,2027-02-13,休,1F
1F-18,2027-02-14,休,1F
1F-18,2027-02-15,休,1F
1F-18,2027-02-16,休,1F
1F-18,2027-02-17,休,1F
1F-18,2027-02-18,休,1F
1F-18,2027-02-19,休,1F
1F-18,2027-02-20,休,1F
1F-18,2027-02-21,休,1F
1F-18,2027-02-22,休,1F
1F-18,2027-02-23,休,1F
1F-18,2027-02-24,休,1F
1F-18,2027-02-25,休,1F
1F-18,2027-02-26,休,1F
1F-18,2027-02-27,休,1F
1F-18,2027-02-28,休,1F
1F-18,2027-03-01,休,1F
1F-19,2027-01-31,休,1F
1F-19,2027-02-01,休,1F
1F-19,2027-02-02,休,1F
1F-19,2027-02-03,休,1F
1F-19,2027-02-04,休,1F
1F-19,2027-02-05,有,1F
1F-19,2027-02-06,休,1F
1F-19,2027-02-07,休,1F
1F-19,2027-02-08,休,1F
1F-19,2027-02-09,休,1F
1F-19,2027-02-10,休,1F
1F-19,2027-02-11,休,1F
1F-19,2027-02-12,休,1F
1F-19,2027-02-13,休,1F
1F-19,2027-02-14,休,1F
1F-19,2027-02-15,休,1F
1F-19,2027-02-16,休,1F
1F-19,2027-02-17,休,1F
1F-19,2027-02-18,休,1F
1F-19,2027-02-19,休,1F
1F-19,2027-02-20,休,1F
1F-19,2027-02-21,休,1F
1F-19,2027-02-22,休,1F
1F-19,2027-02-23,休,1F
1F-19,2027-02-24,休,1F
1F-19,2027-02-25,休,1F
1F-19,2027-02-26,休,1F
1F-19,2027-02-27,休,1F
1F-19,2027-02-28,休,1F
1F-19,2027-03-01,休,1F
1F-20,2027-01-31,休,1F
1F-20,2027-02-01,休,1F
1F-20,2027-02-02,休,1F
1F-20,2027-02-03,休,1F
1F-20,2027-02-04,休,1F
1F-20,2027-02-05,休,1F
1F-20,2027-02-06,休,1F
1F-20,2027-02-07,休,1F
1F-20,2027-02-08,休,1F
1F-20,2027-02-09,休,1F
1F-20,2027-02-10,休,1F
1F-20,2027-02-11,休,1F
1F-20,2027-02-12,休,1F
1F-20,2027-02-13,休,1F
1F-20,2027-02-14,休,1F
1F-20,2027-02-15,休,1F
1F-20,2027-02-16,休,1F
1F-20,2027-02-17,休,1F
1F-20,2027-02-18,休,1F
1F-20,2027-02-19,休,1F
1F-20,2027-02-20,休,1F
1F-20,2027-02-21,休,1F
1F-20,2027-02-22,休,1F
1F-20,2027-02-23,休,1F
1F-20,2027-02-24,休,1F
1F-20,2027-02-25,有,1F
1F-20,2027-02-26,休,1F
1F-20,2027-02-27,休,1F
1F-20,2027-02-28,休,1F
1F-20,2027-03-01,休,1F
1F-21,2027-01-31,休,1F
1F-21,2027-02-01,休,1F
1F-21,2027-02-02,休,1F
1F-21,2027-02-03,休,1F
1F-21,2027-02-04,休,1F
1F-21,2027-02-05,休,1F
1F-21,2027-02-06,休,1F
1F-21,2027-02-07,休,1F
1F-21,2027-02-08,休,1F
1F-21,2027-02-09,休,1F
1F-21,2027-02-10,休,1F
1F-21,2027-02-11,休,1F
1F-21,2027-02-12,休,1F
1F-21,2027-02-13,休,1F
1F-21,2027-02-14,休,1F
1F-21,2027-02-15,休,1F
1F-21,2027-02-16,休,1F
1F-21,2027-02-17,休,1F
1F-21,2027-02-18,休,1F
1F-21,2027-02-19,休,1F
1F-21,2027-02-20,休,1F
1F-21,2027-02-21,有,1F
1F-21,2027-02-22,休,1F
1F-21,2027-02-23,休,1F
1F-21,2027-02-24,休,1F
1F-21,2027-02-25,休,1F
1F-21,2027-02-26,休,1F
1F-21,2027-02-27,休,1F
1F-21,2027-02-28,休,1F
1F-21,2027-03-01,休,1F
1F-22,2027-01-31,休,1F
1F-22,2027-02-01,休,1F
1F-22,2027-02-02,休,1F
1F-22,2027-02-03,休,1F
1F-22,2027-02-04,休,1F
1F-22,2027-02-05,休,1F
1F-22,2027-02-06,休,1F
1F-22,2027-02-07,休,1F
1F-22,2027-02-08,休,1F
1F-22,2027-02-09,休,1F
1F-22,2027-02-10,休,1F
1F-22,2027-02-11,休,1F
1F-22,2027-02-12,休,1F
1F-22,2027-02-13,休,1F
1F-22,2027-02-14,休,1F
1F-22,2027-02-15,休,1F
1F-22,2027-02-16,休,1F
1F-22,2027-02-17,休,1F
1F-22,2027-02-18,休,1F
1F-22,2027-02-19,休,1F
1F-22,2027-02-20,休,1F
1F-22,2027-02-21,休,1F
1F-22,2027-02-22,休,1F
1F-22,2027-02-23,休,1F
1F-22,2027-02-24,休,1F
1F-22,2027-02-25,休,1F
1F-22,2027-02-26,休,1F
1F-22,2027-02-27,休,1F
1F-22,2027-02-28,休,1F
1F-22,2027-03-01,休,1F
1F-23,2027-01-31,休,1F
1F-23,2027-02-01,短A,1F
1F-23,2027-02-02,明,1F
1F-23,2027-02-03,短A,1F
1F-23,2027-02-04,明,1F
1F-23,2027-02-05,短A,1F
1F-23,2027-02-06,明,1F
1F-23,2027-02-07,休,1F
1F-23,2027-02-08,短A,1F
1F-23,2027-02-09,明,1F
1F-23,2027-02-10,短A,1F
1F-23,2027-02-11,明,1F
1F-23,2027-02-12,短A,1F
1F-23,2027-02-13,明,1F
1F-23,2027-02-14,休,1F
1F-23,2027-02-15,短A,1F
1F-23,2027-02-16,明,1F
1F-23,2027-02-17,短A,1F
1F-23,2027-02-18,明,1F
1F-23,2027-02-19,短A,1F
1F-23,2027-02-20,明,1F
1F-23,2027-02-21,休,1F
1F-23,2027-02-22,短A,1F
1F-23,2027-02-23,明,1F
1F-23,2027-02-24,短A,1F
1F-23,2027-02-25,明,1F
1F-23,2027-02-26,短A,1F
1F-23,2027-02-27,明,1F
1F-23,2027-02-28,休,1F
1F-23,2027-03-01,短A,1F
1F-24,2027-01-31,休,1F
1F-24,2027-02-01,休,1F
1F-24,2027-02-02,休,1F
1F-24,2027-02-03,休,1F
1F-24,2027-02-04,短B,2F
1F-24,2027-02-05,休,1F
1F-24,2027-02-06,短B,2F
1F-24,2027-02-07,休,1F
1F-24,2027-02-08,休,1F
1F-24,2027-02-09,休,1F
1F-24,2027-02-10,休,1F
1F-24,2027-02-11,短B,2F
1F-24,2027-02-12,休,1F
1F-24,2027-02-13,短B,2F
1F-24,2027-02-14,休,1F
1F-24,2027-02-15,休,1F
1F-24,2027-02-16,休,1F
1F-24,2027-02-17,休,1F
1F-24,2027-02-18,短B,2F
1F-24,2027-02-19,休,1F
1F-24,2027-02-20,短B,2F
1F-24,2027-02-21,休,1F
1F-24,2027-02-22,休,1F
1F-24,2027-02-23,休,1F
1F-24,2027-02-24,休,1F
1F-24,2027-02-25,短B,2F
1F-24,2027-02-26,休,1F
1F-24,2027-02-27,短B,2F
1F-24,2027-02-28,休,1F
1F-24,2027-03-01,休,1F
2F-01,2027-01-31,休,2F
2F-01,2027-02-01,早,2F
2F-01,2027-02-02,遅,2F
2F-01,2027-02-03,休,2F
2F-01,2027-02-04,早,2F
2F-01,2027-02-05,遅,2F
2F-01,2027-02-06,休,2F
2F-01,2027-02-07,休,2F
2F-01,2027-02-08,早,2F
2F-01,2027-02-09,遅,2F
2F-01,2027-02-10,休,2F
2F-01,2027-02-11,早,2F
2F-01,2027-02-12,遅,2F
2F-01,2027-02-13,休,2F
2F-01,2027-02-14,休,2F
2F-01,2027-02-15,早,2F
2F-01,2027-02-16,遅,2F
2F-01,2027-02-17,休,2F
2F-01,2027-02-18,早,2F
2F-01,2027-02-19,遅,2F
2F-01,2027-02-20,休,2F
2F-01,2027-02-21,休,2F
2F-01,2027-02-22,早,2F
2F-01,2027-02-23,有,2F
2F-01,2027-02-24,早,2F
2F-01,2027-02-25,早,2F
2F-01,2027-02-26,遅,2F
2F-01,2027-02-27,休,2F
2F-01,2027-02-28,休,2F
2F-01,2027-03-01,早,2F
2F-02,2027-01-31,休,2F
2F-02,2027-02-01,早,2F
2F-02,2027-02-02,遅,2F
2F-02,2027-02-03,休,2F
2F-02,2027-02-04,早,2F
2F-02,2027-02-05,遅,2F
2F-02,2027-02-06,休,2F
2F-02,2027-02-07,休,2F
2F-02,2027-02-08,早,2F
2F-02,2027-02-09,遅,2F
2F-02,2027-02-10,休,2F
2F-02,2027-02-11,早,2F
2F-02,2027-02-12,遅,2F
2F-02,2027-02-13,休,2F
2F-02,2027-02-14,休,2F
2F-02,2027-02-15,早,2F
2F-02,2027-02-16,遅,2F
2F-02,2027-02-17,休,2F
2F-02,2027-02-18,早,2F
2F-02,2027-02-19,有,2F
2F-02,2027-02-20,早,2F
2F-02,2027-02-21,休,2F
2F-02,2027-02-22,早,2F
2F-02,2027-02-23,遅,2F
2F-02,2027-02-24,休,2F
2F-02,2027-02-25,早,2F
2F-02,2027-02-26,遅,2F
2F-02,2027-02-27,休,2F
2F-02,2027-02-28,休,2F
2F-02,2027-03-01,早,2F
2F-03,2027-01-31,休,2F
2F-03,2027-02-01,早,2F
2F-03,2027-02-02,遅,2F
2F-03,2027-02-03,休,2F
2F-03,2027-02-04,早,2F
2F-03,2027-02-05,休,2F
2F-03,2027-02-06,早,2F
2F-03,2027-02-07,休,2F
2F-03,2027-02-08,早,2F
2F-03,2027-02-09,遅,2F
2F-03,2027-02-10,休,2F
2F-03,2027-02-11,早,2F
2F-03,2027-02-12,休,2F
2F-03,2027-02-13,早,2F
2F-03,2027-02-14,休,2F
2F-03,2027-02-15,有,2F
2F-03,2027-02-16,早,2F
2F-03,2027-02-17,早,2F
2F-03,2027-02-18,早,2F
2F-03,2027-02-19,遅,2F
2F-03,2027-02-20,休,2F
2F-03,2027-02-21,休,2F
2F-03,2027-02-22,早,2F
2F-03,2027-02-23,遅,2F
2F-03,2027-02-24,休,2F
2F-03,2027-02-25,早,2F
2F-03,2027-02-26,休,2F
2F-03,2027-02-27,早,2F
2F-03,2027-02-28,休,2F
2F-03,2027-03-01,早,2F
2F-04,2027-01-31,休,2F
2F-04,2027-02-01,早,2F
2F-04,2027-02-02,遅,2F
2F-04,2027-02-03,休,2F
2F-04,2027-02-04,遅,2F
2F-04,2027-02-05,休,2F
2F-04,2027-02-06,早,2F
2F-04,2027-02-07,休,2F
2F-04,2027-02-08,早,2F
2F-04,2027-02-09,遅,2F
2F-04,2027-02-10,休,2F
2F-04,2027-02-11,遅,2F
2F-04,2027-02-12,休,2F
2F-04,2027-02-13,早,2F
2F-04,2027-02-14,休,2F
2F-04,2027-02-15,早,2F
2F-04,2027-02-16,遅,2F
2F-04,2027-02-17,休,2F
2F-04,2027-02-18,遅,2F
2F-04,2027-02-19,休,2F
2F-04,2027-02-20,早,2F
2F-04,2027-02-21,休,2F
2F-04,2027-02-22,早,2F
2F-04,2027-02-23,遅,2F
2F-04,2027-02-24,休,2F
2F-04,2027-02-25,遅,2F
2F-04,2027-02-26,休,2F
2F-04,2027-02-27,早,2F
2F-04,2027-02-28,休,2F
2F-04,2027-03-01,早,2F
2F-05,2027-01-31,休,2F
2F-05,2027-02-01,早,2F
2F-05,2027-02-02,休,2F
2F-05,2027-02-03,早,2F
2F-05,2027-02-04,遅,2F
2F-05,2027-02-05,休,2F
2F-05,2027-02-06,早,2F
2F-05,2027-02-07,休,2F
2F-05,2027-02-08,早,2F
2F-05,2027-02-09,休,2F
2F-05,2027-02-10,早,2F
2F-05,2027-02-11,遅,2F
2F-05,2027-02-12,休,2F
2F-05,2027-02-13,早,2F
2F-05,2027-02-14,休,2F
2F-05,2027-02-15,早,2F
2F-05,2027-02-16,遅,2F
2F-05,2027-02-17,休,2F
2F-05,2027-02-18,遅,2F
2F-05,2027-02-19,休,2F
2F-05,2027-02-20,早,2F
2F-05,2027-02-21,休,2F
2F-05,2027-02-22,早,2F
2F-05,2027-02-23,遅,2F
2F-05,2027-02-24,休,2F
2F-05,2027-02-25,遅,2F
2F-05,2027-02-26,休,2F
2F-05,2027-02-27,早,2F
2F-05,2027-02-28,休,2F
2F-05,2027-03-01,早,2F
2F-06,2027-01-31,休,2F
2F-06,2027-02-01,遅,2F
2F-06,2027-02-02,休,2F
2F-06,2027-02-03,早,2F
2F-06,2027-02-04,遅,2F
2F-06,2027-02-05,休,2F
2F-06,2027-02-06,早,2F
2F-06,2027-02-07,休,2F
2F-06,2027-02-08,遅,2F
2F-06,2027-02-09,休,2F
2F-06,2027-02-10,早,2F
2F-06,2027-02-11,遅,2F
2F-06,2027-02-12,休,2F
2F-06,2027-02-13,早,2F
2F-06,2027-02-14,休,2F
2F-06,2027-02-15,早,2F
2F-06,2027-02-16,休,2F
2F-06,2027-02-17,早,2F
2F-06,2027-02-18,遅,2F
2F-06,2027-02-19,休,2F
2F-06,2027-02-20,早,2F
2F-06,2027-02-21,休,2F
2F-06,2027-02-22,遅,2F
2F-06,2027-02-23,休,2F
2F-06,2027-02-24,早,2F
2F-06,2027-02-25,遅,2F
2F-06,2027-02-26,休,2F
2F-06,2027-02-27,早,2F
2F-06,2027-02-28,休,2F
2F-06,2027-03-01,遅,2F
2F-07,2027-01-31,休,2F
2F-07,2027-02-01,遅,2F
2F-07,2027-02-02,休,2F
2F-07,2027-02-03,早,2F
2F-07,2027-02-04,遅,2F
2F-07,2027-02-05,休,2F
2F-07,2027-02-06,早,2F
2F-07,2027-02-07,休,2F
2F-07,2027-02-08,遅,2F
2F-07,2027-02-09,休,2F
2F-07,2027-02-10,早,2F
2F-07,2027-02-11,遅,2F
2F-07,2027-02-12,休,2F
2F-07,2027-02-13,早,2F
2F-07,2027-02-14,休,2F
2F-07,2027-02-15,遅,2F
2F-07,2027-02-16,休,2F
2F-07,2027-02-17,有,2F
2F-07,2027-02-18,早,2F
2F-07,2027-02-19,早,2F
2F-07,2027-02-20,早,2F
2F-07,2027-02-21,休,2F
2F-07,2027-02-22,遅,2F
2F-07,2027-02-23,休,2F
2F-07,2027-02-24,早,2F
2F-07,2027-02-25,遅,2F
2F-07,2027-02-26,休,2F
2F-07,2027-02-27,早,2F
2F-07,2027-02-28,休,2F
2F-07,2027-03-01,遅,2F
2F-08,2027-01-31,休,2F
2F-08,2027-02-01,遅,2F
2F-08,2027-02-02,休,2F
2F-08,2027-02-03,早,2F
2F-08,2027-02-04,遅,2F
2F-08,2027-02-05,休,2F
2F-08,2027-02-06,遅,2F
2F-08,2027-02-07,休,2F
2F-08,2027-02-08,遅,2F
2F-08,2027-02-09,休,2F
2F-08,2027-02-10,早,2F
2F-08,2027-02-11,遅,2F
2F-08,2027-02-12,休,2F
2F-08,2027-02-13,有,2F
2F-08,2027-02-14,早,2F
2F-08,2027-02-15,遅,2F
2F-08,2027-02-16,休,2F
2F-08,2027-02-17,早,2F
2F-08,2027-02-18,遅,2F
2F-08,2027-02-19,休,2F
2F-08,2027-02-20,遅,2F
2F-08,2027-02-21,休,2F
2F-08,2027-02-22,遅,2F
2F-08,2027-02-23,休,2F
2F-08,2027-02-24,早,2F
2F-08,2027-02-25,遅,2F
2F-08,2027-02-26,休,2F
2F-08,2027-02-27,遅,2F
2F-08,2027-02-28,休,2F
2F-08,2027-03-01,遅,2F
2F-09,2027-01-31,休,2F
2F-09,2027-02-01,遅,2F
2F-09,2027-02-02,休,2F
2F-09,2027-02-03,早,2F
2F-09,2027-02-04,休,2F
2F-09,2027-02-05,早,2F
2F-09,2027-02-06,遅,2F
2F-09,2027-02-07,休,2F
2F-09,2027-02-08,遅,2F
2F-09,2027-02-09,有,2F
2F-09,2027-02-10,早,2F
2F-09,2027-02-11,休,2F
2F-09,2027-02-12,早,2F
2F-09,2027-02-13,遅,2F
2F-09,2027-02-14,休,2F
2F-09,2027-02-15,遅,2F
2F-09,2027-02-16,休,2F
2F-09,2027-02-17,早,2F
2F-09,2027-02-18,遅,2F
2F-09,2027-02-19,休,2F
2F-09,2027-02-20,遅,2F
2F-09,2027-02-21,休,2F
2F-09,2027-02-22,遅,2F
2F-09,2027-02-23,休,2F
2F-09,2027-02-24,早,2F
2F-09,2027-02-25,休,2F
2F-09,2027-02-26,早,2F
2F-09,2027-02-27,遅,2F
2F-09,2027-02-28,休,2F
2F-09,2027-03-01,遅,2F
2F-10,2027-01-31,早,2F
2F-10,2027-02-01,遅,2F
2F-10,2027-02-02,休,2F
2F-10,2027-02-03,遅,2F
2F-10,2027-02-04,休,2F
2F-10,2027-02-05,早,2F
2F-10,2027-02-06,遅,2F
2F-10,2027-02-07,休,2F
2F-10,2027-02-08,遅,2F
2F-10,2027-02-09,休,2F
2F-10,2027-02-10,遅,2F
2F-10,2027-02-11,休,2F
2F-10,2027-02-12,早,2F
2F-10,2027-02-13,遅,2F
2F-10,2027-02-14,休,2F
2F-10,2027-02-15,遅,2F
2F-10,2027-02-16,休,2F
2F-10,2027-02-17,早,2F
2F-10,2027-02-18,休,2F
2F-10,2027-02-19,早,2F
2F-10,2027-02-20,遅,2F
2F-10,2027-02-21,休,2F
2F-10,2027-02-22,遅,2F
2F-10,2027-02-23,休,2F
2F-10,2027-02-24,遅,2F
2F-10,2027-02-25,休,2F
2F-10,2027-02-26,早,2F
2F-10,2027-02-27,遅,2F
2F-10,2027-02-28,休,2F
2F-10,2027-03-01,遅,2F
2F-11,2027-01-31,休,2F
2F-11,2027-02-01,休,2F
2F-11,2027-02-02,早,2F
2F-11,2027-02-03,遅,2F
2F-11,2027-02-04,休,2F
2F-11,2027-02-05,早,2F
2F-11,2027-02-06,遅,2F
2F-11,2027-02-07,休,2F
2F-11,2027-02-08,休,2F
2F-11,2027-02-09,早,2F
2F-11,2027-02-10,遅,2F
2F-11,2027-02-11,休,2F
2F-11,2027-02-12,早,2F
2F-11,2027-02-13,遅,2F
2F-11,2027-02-14,休,2F
2F-11,2027-02-15,遅,2F
2F-11,2027-02-16,休,2F
2F-11,2027-02-17,遅,2F
2F-11,2027-02-18,休,2F
2F-11,2027-02-19,早,2F
2F-11,2027-02-20,遅,2F
2F-11,2027-02-21,休,2F
2F-11,2027-02-22,休,2F
2F-11,2027-02-23,早,2F
2F-11,2027-02-24,遅,2F
2F-11,2027-02-25,休,2F
2F-11,2027-02-26,早,2F
2F-11,2027-02-27,遅,2F
2F-11,2027-02-28,休,2F
2F-11,2027-03-01,休,2F
2F-12,2027-01-31,休,2F
2F-12,2027-02-01,休,2F
2F-12,2027-02-02,早,2F
2F-12,2027-02-03,遅,2F
2F-12,2027-02-04,休,2F
2F-12,2027-02-05,早,2F
2F-12,2027-02-06,遅,2F
2F-12,2027-02-07,休,2F
2F-12,2027-02-08,休,2F
2F-12,2027-02-09,早,2F
2F-12,2027-02-10,遅,2F
2F-12,2027-02-11,休,2F
2F-12,2027-02-12,早,2F
2F-12,2027-02-13,遅,2F
2F-12,2027-02-14,休,2F
2F-12,2027-02-15,休,2F
2F-12,2027-02-16,早,2F
2F-12,2027-02-17,遅,2F
2F-12,2027-02-18,休,2F
2F-12,2027-02-19,早,2F
2F-12,2027-02-20,遅,2F
2F-12,2027-02-21,休,2F
2F-12,2027-02-22,休,2F
2F-12,2027-02-23,早,2F
2F-12,2027-02-24,遅,2F
2F-12,2027-02-25,休,2F
2F-12,2027-02-26,早,2F
2F-12,2027-02-27,遅,2F
2F-12,2027-02-28,休,2F
2F-12,2027-03-01,休,2F
2F-13,2027-01-31,休,2F
2F-13,2027-02-01,休,2F
2F-13,2027-02-02,早,2F
2F-13,2027-02-03,遅,2F
2F-13,2027-02-04,休,2F
2F-13,2027-02-05,早,2F
2F-13,2027-02-06,休,2F
2F-13,2027-02-07,早,2F
2F-13,2027-02-08,休,2F
2F-13,2027-02-09,早,2F
2F-13,2027-02-10,遅,2F
2F-13,2027-02-11,有,2F
2F-13,2027-02-12,早,2F
2F-13,2027-02-13,遅,2F
2F-13,2027-02-14,休,2F
2F-13,2027-02-15,休,2F
2F-13,2027-02-16,早,2F
2F-13,2027-02-17,遅,2F
2F-13,2027-02-18,休,2F
2F-13,2027-02-19,早,2F
2F-13,2027-02-20,休,2F
2F-13,2027-02-21,早,2F
2F-13,2027-02-22,休,2F
2F-13,2027-02-23,早,2F
2F-13,2027-02-24,遅,2F
2F-13,2027-02-25,休,2F
2F-13,2027-02-26,早,2F
2F-13,2027-02-27,休,2F
2F-13,2027-02-28,早,2F
2F-13,2027-03-01,休,2F
2F-14,2027-01-31,早,2F
2F-14,2027-02-01,休,2F
2F-14,2027-02-02,早,2F
2F-14,2027-02-03,遅,2F
2F-14,2027-02-04,休,2F
2F-14,2027-02-05,遅,2F
2F-14,2027-02-06,休,2F
2F-14,2027-02-07,有,2F
2F-14,2027-02-08,休,2F
2F-14,2027-02-09,早,2F
2F-14,2027-02-10,遅,2F
2F-14,2027-02-11,休,2F
2F-14,2027-02-12,遅,2F
2F-14,2027-02-13,休,2F
2F-14,2027-02-14,早,2F
2F-14,2027-02-15,休,2F
2F-14,2027-02-16,早,2F
2F-14,2027-02-17,遅,2F
2F-14,2027-02-18,休,2F
2F-14,2027-02-19,遅,2F
2F-14,2027-02-20,休,2F
2F-14,2027-02-21,早,2F
2F-14,2027-02-22,休,2F
2F-14,2027-02-23,早,2F
2F-14,2027-02-24,遅,2F
2F-14,2027-02-25,休,2F
2F-14,2027-02-26,遅,2F
2F-14,2027-02-27,休,2F
2F-14,2027-02-28,早,2F
2F-14,2027-03-01,休,2F
2F-15,2027-01-31,早,2F
2F-15,2027-02-01,休,2F
2F-15,2027-02-02,早,2F
2F-15,2027-02-03,有,2F
2F-15,2027-02-04,早,2F
2F-15,2027-02-05,遅,2F
2F-15,2027-02-06,休,2F
2F-15,2027-02-07,早,2F
2F-15,2027-02-08,休,2F
2F-15,2027-02-09,早,2F
2F-15,2027-02-10,休,2F
2F-15,2027-02-11,早,2F
2F-15,2027-02-12,遅,2F
2F-15,2027-02-13,休,2F
2F-15,2027-02-14,早,2F
2F-15,2027-02-15,休,2F
2F-15,2027-02-16,早,2F
2F-15,2027-02-17,遅,2F
2F-15,2027-02-18,休,2F
2F-15,2027-02-19,遅,2F
2F-15,2027-02-20,休,2F
2F-15,2027-02-21,早,2F
2F-15,2027-02-22,休,2F
2F-15,2027-02-23,早,2F
2F-15,2027-02-24,休,2F
2F-15,2027-02-25,早,2F
2F-15,2027-02-26,遅,2F
2F-15,2027-02-27,休,2F
2F-15,2027-02-28,早,2F
2F-15,2027-03-01,休,2F
2F-16,2027-01-31,早,2F
2F-16,2027-02-01,休,2F
2F-16,2027-02-02,遅,2F
2F-16,2027-02-03,休,2F
2F-16,2027-02-04,早,2F
2F-16,2027-02-05,遅,2F
2F-16,2027-02-06,休,2F
2F-16,2027-02-07,早,2F
2F-16,2027-02-08,休,2F
2F-16,2027-02-09,遅,2F
2F-16,2027-02-10,休,2F
2F-16,2027-02-11,早,2F
2F-16,2027-02-12,遅,2F
2F-16,2027-02-13,休,2F
2F-16,2027-02-14,早,2F
2F-16,2027-02-15,休,2F
2F-16,2027-02-16,遅,2F
2F-16,2027-02-17,休,2F
2F-16,2027-02-18,早,2F
2F-16,2027-02-19,遅,2F
2F-16,2027-02-20,休,2F
2F-16,2027-02-21,早,2F
2F-16,2027-02-22,休,2F
2F-16,2027-02-23,遅,2F
2F-16,2027-02-24,休,2F
2F-16,2027-02-25,早,2F
2F-16,2027-02-26,遅,2F
2F-16,2027-02-27,休,2F
2F-16,2027-02-28,早,2F
2F-16,2027-03-01,休,2F
2F-17,2027-01-31,休,2F
2F-17,2027-02-01,休,2F
2F-17,2027-02-02,午,2F
2F-17,2027-02-03,休,2F
2F-17,2027-02-04,休,2F
2F-17,2027-02-05,休,2F
2F-17,2027-02-06,休,2F
2F-17,2027-02-07,休,2F
2F-17,2027-02-08,休,2F
2F-17,2027-02-09,午,2F
2F-17,2027-02-10,休,2F
2F-17,2027-02-11,休,2F
2F-17,2027-02-12,休,2F
2F-17,2027-02-13,休,2F
2F-17,2027-02-14,休,2F
2F-17,2027-02-15,休,2F
2F-17,2027-02-16,午,2F
2F-17,2027-02-17,休,2F
2F-17,2027-02-18,休,2F
2F-17,2027-02-19,休,2F
2F-17,2027-02-20,休,2F
2F-17,2027-02-21,休,2F
2F-17,2027-02-22,休,2F
2F-17,2027-02-23,午,2F
2F-17,2027-02-24,休,2F
2F-17,2027-02-25,休,2F
2F-17,2027-02-26,休,2F
2F-17,2027-02-27,休,2F
2F-17,2027-02-28,休,2F
2F-17,2027-03-01,休,2F
2F-18,2027-01-31,休,2F
2F-18,2027-02-01,休,2F
2F-18,2027-02-02,休,2F
2F-18,2027-02-03,休,2F
2F-18,2027-02-04,休,2F
2F-18,2027-02-05,休,2F
2F-18,2027-02-06,休,2F
2F-18,2027-02-07,休,2F
2F-18,2027-02-08,休,2F
2F-18,2027-02-09,休,2F
2F-18,2027-02-10,休,2F
2F-18,2027-02-11,休,2F
2F-18,2027-02-12,休,2F
2F-18,2027-02-13,休,2F
2F-18,2027-02-14,休,2F
2F-18,2027-02-15,休,2F
2F-18,2027-02-16,休,2F
2F-18,2027-02-17,休,2F
2F-18,2027-02-18,休,2F
2F-18,2027-02-19,休,2F
2F-18,2027-02-20,休,2F
2F-18,2027-02-21,休,2F
2F-18,2027-02-22,休,2F
2F-18,2027-02-23,休,2F
2F-18,2027-02-24,休,2F
2F-18,2027-02-25,休,2F
2F-18,2027-02-26,休,2F
2F-18,2027-02-27,休,2F
2F-18,2027-02-28,休,2F
2F-18,2027-03-01,休,2F
2F-19,2027-01-31,休,2F
2F-19,2027-02-01,休,2F
2F-19,2027-02-02,休,2F
2F-19,2027-02-03,休,2F
2F-19,2027-02-04,午,2F
2F-19,2027-02-05,有,2F
2F-19,2027-02-06,休,2F
2F-19,2027-02-07,休,2F
2F-19,2027-02-08,休,2F
2F-19,2027-02-09,休,2F
2F-19,2027-02-10,休,2F
2F-19,2027-02-11,午,2F
2F-19,2027-02-12,休,2F
2F-19,2027-02-13,休,2F
2F-19,2027-02-14,休,2F
2F-19,2027-02-15,休,2F
2F-19,2027-02-16,休,2F
2F-19,2027-02-17,休,2F
2F-19,2027-02-18,午,2F
2F-19,2027-02-19,休,2F
2F-19,2027-02-20,休,2F
2F-19,2027-02-21,休,2F
2F-19,2027-02-22,休,2F
2F-19,2027-02-23,休,2F
2F-19,2027-02-24,休,2F
2F-19,2027-02-25,午,2F
2F-19,2027-02-26,休,2F
2F-19,2027-02-27,休,2F
2F-19,2027-02-28,休,2F
2F-19,2027-03-01,休,2F
2F-20,2027-01-31,休,2F
2F-20,2027-02-01,休,2F
2F-20,2027-02-02,休,2F
2F-20,2027-02-03,休,2F
2F-20,2027-02-04,休,2F
2F-20,2027-02-05,休,2F
2F-20,2027-02-06,休,2F
2F-20,2027-02-07,休,2F
2F-20,2027-02-08,休,2F
2F-20,2027-02-09,休,2F
2F-20,2027-02-10,休,2F
2F-20,2027-02-11,休,2F
2F-20,2027-02-12,休,2F
2F-20,2027-02-13,休,2F
2F-20,2027-02-14,休,2F
2F-20,2027-02-15,休,2F
2F-20,2027-02-16,休,2F
2F-20,2027-02-17,休,2F
2F-20,2027-02-18,休,2F
2F-20,2027-02-19,休,2F
2F-20,2027-02-20,休,2F
2F-20,2027-02-21,休,2F
2F-20,2027-02-22,休,2F
2F-20,2027-02-23,休,2F
2F-20,2027-02-24,休,2F
2F-20,2027-02-25,有,2F
2F-20,2027-02-26,休,2F
2F-20,2027-02-27,休,2F
2F-20,2027-02-28,休,2F
2F-20,2027-03-01,休,2F
2F-21,2027-01-31,休,2F
2F-21,2027-02-01,休,2F
2F-21,2027-02-02,休,2F
2F-21,2027-02-03,休,2F
2F-21,2027-02-04,休,2F
2F-21,2027-02-05,休,2F
2F-21,2027-02-06,休,2F
2F-21,2027-02-07,休,2F
2F-21,2027-02-08,休,2F
2F-21,2027-02-09,休,2F
2F-21,2027-02-10,休,2F
2F-21,2027-02-11,休,2F
2F-21,2027-02-12,休,2F
2F-21,2027-02-13,休,2F
2F-21,2027-02-14,休,2F
2F-21,2027-02-15,休,2F
2F-21,2027-02-16,休,2F
2F-21,2027-02-17,休,2F
2F-21,2027-02-18,休,2F
2F-21,2027-02-19,休,2F
2F-21,2027-02-20,休,2F
2F-21,2027-02-21,有,2F
2F-21,2027-02-22,休,2F
2F-21,2027-02-23,休,2F
2F-21,2027-02-24,休,2F
2F-21,2027-02-25,休,2F
2F-21,2027-02-26,休,2F
2F-21,2027-02-27,休,2F
2F-21,2027-02-28,休,2F
2F-21,2027-03-01,休,2F
2F-22,2027-01-31,休,2F
2F-22,2027-02-01,休,2F
2F-22,2027-02-02,休,2F
2F-22,2027-02-03,休,2F
2F-22,2027-02-04,休,2F
2F-22,2027-02-05,休,2F
2F-22,2027-02-06,休,2F
2F-22,2027-02-07,休,2F
2F-22,2027-02-08,休,2F
2F-22,2027-02-09,休,2F
2F-22,2027-02-10,休,2F
2F-22,2027-02-11,休,2F
2F-22,2027-02-12,休,2F
2F-22,2027-02-13,休,2F
2F-22,2027-02-14,休,2F
2F-22,2027-02-15,休,2F
2F-22,2027-02-16,休,2F
2F-22,2027-02-17,休,2F
2F-22,2027-02-18,休,2F
2F-22,2027-02-19,休,2F
2F-22,2027-02-20,休,2F
2F-22,2027-02-21,休,2F
2F-22,2027-02-22,休,2F
2F-22,2027-02-23,休,2F
2F-22,2027-02-24,休,2F
2F-22,2027-02-25,休,2F
2F-22,2027-02-26,休,2F
2F-22,2027-02-27,休,2F
2F-22,2027-02-28,休,2F
2F-22,2027-03-01,休,2F
2F-23,2027-01-31,短A,1F
2F-23,2027-02-01,明,2F
2F-23,2027-02-02,休,2F
2F-23,2027-02-03,休,2F
2F-23,2027-02-04,短A,1F
2F-23,2027-02-05,明,2F
2F-23,2027-02-06,休,2F
2F-23,2027-02-07,短A,1F
2F-23,2027-02-08,明,2F
2F-23,2027-02-09,休,2F
2F-23,2027-02-10,休,2F
2F-23,2027-02-11,短A,1F
2F-23,2027-02-12,明,2F
2F-23,2027-02-13,休,2F
2F-23,2027-02-14,短A,1F
2F-23,2027-02-15,明,2F
2F-23,2027-02-16,休,2F
2F-23,2027-02-17,休,2F
2F-23,2027-02-18,短A,1F
2F-23,2027-02-19,明,2F
2F-23,2027-02-20,休,2F
2F-23,2027-02-21,短A,1F
2F-23,2027-02-22,明,2F
2F-23,2027-02-23,休,2F
2F-23,2027-02-24,休,2F
2F-23,2027-02-25,短A,1F
2F-23,2027-02-26,明,2F
2F-23,2027-02-27,休,2F
2F-23,2027-02-28,短A,1F
2F-23,2027-03-01,明,2F
2F-24,2027-01-31,休,2F
2F-24,2027-02-01,短B,2F
2F-24,2027-02-02,短B,2F
2F-24,2027-02-03,短B,2F
2F-24,2027-02-04,休,2F
2F-24,2027-02-05,休,2F
2F-24,2027-02-06,休,2F
2F-24,2027-02-07,休,2F
2F-24,2027-02-08,短B,2F
2F-24,2027-02-09,短B,2F
2F-24,2027-02-10,短B,2F
2F-24,2027-02-11,休,2F
2F-24,2027-02-12,休,2F
2F-24,2027-02-13,休,2F
2F-24,2027-02-14,休,2F
2F-24,2027-02-15,短B,2F
2F-24,2027-02-16,短B,2F
2F-24,2027-02-17,短B,2F
2F-24,2027-02-18,休,2F
2F-24,2027-02-19,休,2F
2F-24,2027-02-20,休,2F
2F-24,2027-02-21,休,2F
2F-24,2027-02-22,短B,2F
2F-24,2027-02-23,短B,2F
2F-24,2027-02-24,短B,2F
2F-24,2027-02-25,休,2F
2F-24,2027-02-26,休,2F
2F-24,2027-02-27,休,2F
2F-24,2027-02-28,休,2F
2F-24,2027-03-01,短B,2F
3F-01,2027-01-31,休,3F
3F-01,2027-02-01,早,3F
3F-01,2027-02-02,遅,3F
3F-01,2027-02-03,休,3F
3F-01,2027-02-04,早,3F
3F-01,2027-02-05,遅,3F
3F-01,2027-02-06,休,3F
3F-01,2027-02-07,休,3F
3F-01,2027-02-08,早,3F
3F-01,2027-02-09,遅,3F
3F-01,2027-02-10,休,3F
3F-01,2027-02-11,早,3F
3F-01,2027-02-12,遅,3F
3F-01,2027-02-13,休,3F
3F-01,2027-02-14,休,3F
3F-01,2027-02-15,早,3F
3F-01,2027-02-16,遅,3F
3F-01,2027-02-17,休,3F
3F-01,2027-02-18,早,3F
3F-01,2027-02-19,遅,3F
3F-01,2027-02-20,休,3F
3F-01,2027-02-21,休,3F
3F-01,2027-02-22,早,3F
3F-01,2027-02-23,有,3F
3F-01,2027-02-24,早,3F
3F-01,2027-02-25,早,3F
3F-01,2027-02-26,遅,3F
3F-01,2027-02-27,休,3F
3F-01,2027-02-28,休,3F
3F-01,2027-03-01,早,3F
3F-02,2027-01-31,休,3F
3F-02,2027-02-01,早,3F
3F-02,2027-02-02,遅,3F
3F-02,2027-02-03,休,3F
3F-02,2027-02-04,早,3F
3F-02,2027-02-05,遅,3F
3F-02,2027-02-06,休,3F
3F-02,2027-02-07,休,3F
3F-02,2027-02-08,早,3F
3F-02,2027-02-09,遅,3F
3F-02,2027-02-10,休,3F
3F-02,2027-02-11,早,3F
3F-02,2027-02-12,遅,3F
3F-02,2027-02-13,休,3F
3F-02,2027-02-14,休,3F
3F-02,2027-02-15,早,3F
3F-02,2027-02-16,遅,3F
3F-02,2027-02-17,休,3F
3F-02,2027-02-18,早,3F
3F-02,2027-02-19,有,3F
3F-02,2027-02-20,早,3F
3F-02,2027-02-21,休,3F
3F-02,2027-02-22,早,3F
3F-02,2027-02-23,遅,3F
3F-02,2027-02-24,休,3F
3F-02,2027-02-25,早,3F
3F-02,2027-02-26,遅,3F
3F-02,2027-02-27,休,3F
3F-02,2027-02-28,休,3F
3F-02,2027-03-01,早,3F
3F-03,2027-01-31,休,3F
3F-03,2027-02-01,早,3F
3F-03,2027-02-02,遅,3F
3F-03,2027-02-03,休,3F
3F-03,2027-02-04,早,3F
3F-03,2027-02-05,休,3F
3F-03,2027-02-06,早,3F
3F-03,2027-02-07,休,3F
3F-03,2027-02-08,早,3F
3F-03,2027-02-09,遅,3F
3F-03,2027-02-10,休,3F
3F-03,2027-02-11,早,3F
3F-03,2027-02-12,休,3F
3F-03,2027-02-13,早,3F
3F-03,2027-02-14,休,3F
3F-03,2027-02-15,有,3F
3F-03,2027-02-16,早,3F
3F-03,2027-02-17,早,3F
3F-03,2027-02-18,早,3F
3F-03,2027-02-19,遅,3F
3F-03,2027-02-20,休,3F
3F-03,2027-02-21,休,3F
3F-03,2027-02-22,早,3F
3F-03,2027-02-23,遅,3F
3F-03,2027-02-24,休,3F
3F-03,2027-02-25,早,3F
3F-03,2027-02-26,休,3F
3F-03,2027-02-27,早,3F
3F-03,2027-02-28,休,3F
3F-03,2027-03-01,早,3F
3F-04,2027-01-31,休,3F
3F-04,2027-02-01,早,3F
3F-04,2027-02-02,遅,3F
3F-04,2027-02-03,休,3F
3F-04,2027-02-04,遅,3F
3F-04,2027-02-05,休,3F
3F-04,2027-02-06,早,3F
3F-04,2027-02-07,休,3F
3F-04,2027-02-08,早,3F
3F-04,2027-02-09,遅,3F
3F-04,2027-02-10,休,3F
3F-04,2027-02-11,遅,3F
3F-04,2027-02-12,休,3F
3F-04,2027-02-13,早,3F
3F-04,2027-02-14,休,3F
3F-04,2027-02-15,早,3F
3F-04,2027-02-16,遅,3F
3F-04,2027-02-17,休,3F
3F-04,2027-02-18,遅,3F
3F-04,2027-02-19,休,3F
3F-04,2027-02-20,早,3F
3F-04,2027-02-21,休,3F
3F-04,2027-02-22,早,3F
3F-04,2027-02-23,遅,3F
3F-04,2027-02-24,休,3F
3F-04,2027-02-25,遅,3F
3F-04,2027-02-26,休,3F
3F-04,2027-02-27,早,3F
3F-04,2027-02-28,休,3F
3F-04,2027-03-01,早,3F
3F-05,2027-01-31,休,3F
3F-05,2027-02-01,早,3F
3F-05,2027-02-02,休,3F
3F-05,2027-02-03,早,3F
3F-05,2027-02-04,遅,3F
3F-05,2027-02-05,休,3F
3F-05,2027-02-06,早,3F
3F-05,2027-02-07,休,3F
3F-05,2027-02-08,早,3F
3F-05,2027-02-09,休,3F
3F-05,2027-02-10,早,3F
3F-05,2027-02-11,遅,3F
3F-05,2027-02-12,休,3F
3F-05,2027-02-13,早,3F
3F-05,2027-02-14,休,3F
3F-05,2027-02-15,早,3F
3F-05,2027-02-16,遅,3F
3F-05,2027-02-17,休,3F
3F-05,2027-02-18,遅,3F
3F-05,2027-02-19,休,3F
3F-05,2027-02-20,早,3F
3F-05,2027-02-21,休,3F
3F-05,2027-02-22,早,3F
3F-05,2027-02-23,遅,3F
3F-05,2027-02-24,休,3F
3F-05,2027-02-25,遅,3F
3F-05,2027-02-26,休,3F
3F-05,2027-02-27,早,3F
3F-05,2027-02-28,休,3F
3F-05,2027-03-01,早,3F
3F-06,2027-01-31,休,3F
3F-06,2027-02-01,遅,3F
3F-06,2027-02-02,休,3F
3F-06,2027-02-03,早,3F
3F-06,2027-02-04,遅,3F
3F-06,2027-02-05,休,3F
3F-06,2027-02-06,早,3F
3F-06,2027-02-07,休,3F
3F-06,2027-02-08,遅,3F
3F-06,2027-02-09,休,3F
3F-06,2027-02-10,早,3F
3F-06,2027-02-11,遅,3F
3F-06,2027-02-12,休,3F
3F-06,2027-02-13,早,3F
3F-06,2027-02-14,休,3F
3F-06,2027-02-15,早,3F
3F-06,2027-02-16,休,3F
3F-06,2027-02-17,早,3F
3F-06,2027-02-18,遅,3F
3F-06,2027-02-19,休,3F
3F-06,2027-02-20,早,3F
3F-06,2027-02-21,休,3F
3F-06,2027-02-22,遅,3F
3F-06,2027-02-23,休,3F
3F-06,2027-02-24,早,3F
3F-06,2027-02-25,遅,3F
3F-06,2027-02-26,休,3F
3F-06,2027-02-27,早,3F
3F-06,2027-02-28,休,3F
3F-06,2027-03-01,遅,3F
3F-07,2027-01-31,休,3F
3F-07,2027-02-01,遅,3F
3F-07,2027-02-02,休,3F
3F-07,2027-02-03,早,3F
3F-07,2027-02-04,遅,3F
3F-07,2027-02-05,休,3F
3F-07,2027-02-06,早,3F
3F-07,2027-02-07,休,3F
3F-07,2027-02-08,遅,3F
3F-07,2027-02-09,休,3F
3F-07,2027-02-10,早,3F
3F-07,2027-02-11,遅,3F
3F-07,2027-02-12,休,3F
3F-07,2027-02-13,早,3F
3F-07,2027-02-14,休,3F
3F-07,2027-02-15,遅,3F
3F-07,2027-02-16,休,3F
3F-07,2027-02-17,有,3F
3F-07,2027-02-18,早,3F
3F-07,2027-02-19,早,3F
3F-07,2027-02-20,早,3F
3F-07,2027-02-21,休,3F
3F-07,2027-02-22,遅,3F
3F-07,2027-02-23,休,3F
3F-07,2027-02-24,早,3F
3F-07,2027-02-25,遅,3F
3F-07,2027-02-26,休,3F
3F-07,2027-02-27,早,3F
3F-07,2027-02-28,休,3F
3F-07,2027-03-01,遅,3F
3F-08,2027-01-31,休,3F
3F-08,2027-02-01,遅,3F
3F-08,2027-02-02,休,3F
3F-08,2027-02-03,早,3F
3F-08,2027-02-04,遅,3F
3F-08,2027-02-05,休,3F
3F-08,2027-02-06,遅,3F
3F-08,2027-02-07,休,3F
3F-08,2027-02-08,遅,3F
3F-08,2027-02-09,休,3F
3F-08,2027-02-10,早,3F
3F-08,2027-02-11,遅,3F
3F-08,2027-02-12,休,3F
3F-08,2027-02-13,有,3F
3F-08,2027-02-14,早,3F
3F-08,2027-02-15,遅,3F
3F-08,2027-02-16,休,3F
3F-08,2027-02-17,早,3F
3F-08,2027-02-18,遅,3F
3F-08,2027-02-19,休,3F
3F-08,2027-02-20,遅,3F
3F-08,2027-02-21,休,3F
3F-08,2027-02-22,遅,3F
3F-08,2027-02-23,休,3F
3F-08,2027-02-24,早,3F
3F-08,2027-02-25,遅,3F
3F-08,2027-02-26,休,3F
3F-08,2027-02-27,遅,3F
3F-08,2027-02-28,休,3F
3F-08,2027-03-01,遅,3F
3F-09,2027-01-31,休,3F
3F-09,2027-02-01,遅,3F
3F-09,2027-02-02,休,3F
3F-09,2027-02-03,早,3F
3F-09,2027-02-04,休,3F
3F-09,2027-02-05,早,3F
3F-09,2027-02-06,遅,3F
3F-09,2027-02-07,休,3F
3F-09,2027-02-08,遅,3F
3F-09,2027-02-09,有,3F
3F-09,2027-02-10,早,3F
3F-09,2027-02-11,休,3F
3F-09,2027-02-12,早,3F
3F-09,2027-02-13,遅,3F
3F-09,2027-02-14,休,3F
3F-09,2027-02-15,遅,3F
3F-09,2027-02-16,休,3F
3F-09,2027-02-17,早,3F
3F-09,2027-02-18,遅,3F
3F-09,2027-02-19,休,3F
3F-09,2027-02-20,遅,3F
3F-09,2027-02-21,休,3F
3F-09,2027-02-22,遅,3F
3F-09,2027-02-23,休,3F
3F-09,2027-02-24,早,3F
3F-09,2027-02-25,休,3F
3F-09,2027-02-26,早,3F
3F-09,2027-02-27,遅,3F
3F-09,2027-02-28,休,3F
3F-09,2027-03-01,遅,3F
3F-10,2027-01-31,休,3F
3F-10,2027-02-01,遅,3F
3F-10,2027-02-02,休,3F
3F-10,2027-02-03,遅,3F
3F-10,2027-02-04,休,3F
3F-10,2027-02-05,早,3F
3F-10,2027-02-06,遅,3F
3F-10,2027-02-07,休,3F
3F-10,2027-02-08,遅,3F
3F-10,2027-02-09,休,3F
3F-10,2027-02-10,遅,3F
3F-10,2027-02-11,休,3F
3F-10,2027-02-12,早,3F
3F-10,2027-02-13,遅,3F
3F-10,2027-02-14,休,3F
3F-10,2027-02-15,遅,3F
3F-10,2027-02-16,休,3F
3F-10,2027-02-17,早,3F
3F-10,2027-02-18,休,3F
3F-10,2027-02-19,早,3F
3F-10,2027-02-20,遅,3F
3F-10,2027-02-21,休,3F
3F-10,2027-02-22,遅,3F
3F-10,2027-02-23,休,3F
3F-10,2027-02-24,遅,3F
3F-10,2027-02-25,休,3F
3F-10,2027-02-26,早,3F
3F-10,2027-02-27,遅,3F
3F-10,2027-02-28,休,3F
3F-10,2027-03-01,遅,3F
3F-11,2027-01-31,休,3F
3F-11,2027-02-01,休,3F
3F-11,2027-02-02,早,3F
3F-11,2027-02-03,遅,3F
3F-11,2027-02-04,休,3F
3F-11,2027-02-05,早,3F
3F-11,2027-02-06,遅,3F
3F-11,2027-02-07,休,3F
3F-11,2027-02-08,休,3F
3F-11,2027-02-09,早,3F
3F-11,2027-02-10,遅,3F
3F-11,2027-02-11,休,3F
3F-11,2027-02-12,早,3F
3F-11,2027-02-13,遅,3F
3F-11,2027-02-14,休,3F
3F-11,2027-02-15,遅,3F
3F-11,2027-02-16,休,3F
3F-11,2027-02-17,遅,3F
3F-11,2027-02-18,休,3F
3F-11,2027-02-19,早,3F
3F-11,2027-02-20,遅,3F
3F-11,2027-02-21,休,3F
3F-11,2027-02-22,休,3F
3F-11,2027-02-23,早,3F
3F-11,2027-02-24,遅,3F
3F-11,2027-02-25,休,3F
3F-11,2027-02-26,早,3F
3F-11,2027-02-27,遅,3F
3F-11,2027-02-28,休,3F
3F-11,2027-03-01,休,3F
3F-12,2027-01-31,休,3F
3F-12,2027-02-01,休,3F
3F-12,2027-02-02,早,3F
3F-12,2027-02-03,遅,3F
3F-12,2027-02-04,休,3F
3F-12,2027-02-05,早,3F
3F-12,2027-02-06,遅,3F
3F-12,2027-02-07,休,3F
3F-12,2027-02-08,休,3F
3F-12,2027-02-09,早,3F
3F-12,2027-02-10,遅,3F
3F-12,2027-02-11,休,3F
3F-12,2027-02-12,早,3F
3F-12,2027-02-13,遅,3F
3F-12,2027-02-14,休,3F
3F-12,2027-02-15,休,3F
3F-12,2027-02-16,早,3F
3F-12,2027-02-17,遅,3F
3F-12,2027-02-18,休,3F
3F-12,2027-02-19,早,3F
3F-12,2027-02-20,遅,3F
3F-12,2027-02-21,休,3F
3F-12,2027-02-22,休,3F
3F-12,2027-02-23,早,3F
3F-12,2027-02-24,遅,3F
3F-12,2027-02-25,休,3F
3F-12,2027-02-26,早,3F
3F-12,2027-02-27,遅,3F
3F-12,2027-02-28,休,3F
3F-12,2027-03-01,休,3F
3F-13,2027-01-31,早,3F
3F-13,2027-02-01,休,3F
3F-13,2027-02-02,早,3F
3F-13,2027-02-03,遅,3F
3F-13,2027-02-04,休,3F
3F-13,2027-02-05,早,3F
3F-13,2027-02-06,休,3F
3F-13,2027-02-07,早,3F
3F-13,2027-02-08,休,3F
3F-13,2027-02-09,早,3F
3F-13,2027-02-10,遅,3F
3F-13,2027-02-11,有,3F
3F-13,2027-02-12,早,3F
3F-13,2027-02-13,遅,3F
3F-13,2027-02-14,休,3F
3F-13,2027-02-15,休,3F
3F-13,2027-02-16,早,3F
3F-13,2027-02-17,遅,3F
3F-13,2027-02-18,休,3F
3F-13,2027-02-19,早,3F
3F-13,2027-02-20,休,3F
3F-13,2027-02-21,早,3F
3F-13,2027-02-22,休,3F
3F-13,2027-02-23,早,3F
3F-13,2027-02-24,遅,3F
3F-13,2027-02-25,休,3F
3F-13,2027-02-26,早,3F
3F-13,2027-02-27,休,3F
3F-13,2027-02-28,早,3F
3F-13,2027-03-01,休,3F
3F-14,2027-01-31,早,3F
3F-14,2027-02-01,休,3F
3F-14,2027-02-02,早,3F
3F-14,2027-02-03,遅,3F
3F-14,2027-02-04,休,3F
3F-14,2027-02-05,遅,3F
3F-14,2027-02-06,休,3F
3F-14,2027-02-07,有,3F
3F-14,2027-02-08,休,3F
3F-14,2027-02-09,早,3F
3F-14,2027-02-10,遅,3F
3F-14,2027-02-11,休,3F
3F-14,2027-02-12,遅,3F
3F-14,2027-02-13,休,3F
3F-14,2027-02-14,早,3F
3F-14,2027-02-15,休,3F
3F-14,2027-02-16,早,3F
3F-14,2027-02-17,遅,3F
3F-14,2027-02-18,休,3F
3F-14,2027-02-19,遅,3F
3F-14,2027-02-20,休,3F
3F-14,2027-02-21,早,3F
3F-14,2027-02-22,休,3F
3F-14,2027-02-23,早,3F
3F-14,2027-02-24,遅,3F
3F-14,2027-02-25,休,3F
3F-14,2027-02-26,遅,3F
3F-14,2027-02-27,休,3F
3F-14,2027-02-28,早,3F
3F-14,2027-03-01,休,3F
3F-15,2027-01-31,早,3F
3F-15,2027-02-01,休,3F
3F-15,2027-02-02,早,3F
3F-15,2027-02-03,有,3F
3F-15,2027-02-04,早,3F
3F-15,2027-02-05,遅,3F
3F-15,2027-02-06,休,3F
3F-15,2027-02-07,早,3F
3F-15,2027-02-08,休,3F
3F-15,2027-02-09,早,3F
3F-15,2027-02-10,休,3F
3F-15,2027-02-11,早,3F
3F-15,2027-02-12,遅,3F
3F-15,2027-02-13,休,3F
3F-15,2027-02-14,早,3F
3F-15,2027-02-15,休,3F
3F-15,2027-02-16,早,3F
3F-15,2027-02-17,遅,3F
3F-15,2027-02-18,休,3F
3F-15,2027-02-19,遅,3F
3F-15,2027-02-20,休,3F
3F-15,2027-02-21,早,3F
3F-15,2027-02-22,休,3F
3F-15,2027-02-23,早,3F
3F-15,2027-02-24,休,3F
3F-15,2027-02-25,早,3F
3F-15,2027-02-26,遅,3F
3F-15,2027-02-27,休,3F
3F-15,2027-02-28,早,3F
3F-15,2027-03-01,休,3F
3F-16,2027-01-31,早,3F
3F-16,2027-02-01,休,3F
3F-16,2027-02-02,遅,3F
3F-16,2027-02-03,休,3F
3F-16,2027-02-04,早,3F
3F-16,2027-02-05,遅,3F
3F-16,2027-02-06,休,3F
3F-16,2027-02-07,早,3F
3F-16,2027-02-08,休,3F
3F-16,2027-02-09,遅,3F
3F-16,2027-02-10,休,3F
3F-16,2027-02-11,早,3F
3F-16,2027-02-12,遅,3F
3F-16,2027-02-13,休,3F
3F-16,2027-02-14,早,3F
3F-16,2027-02-15,休,3F
3F-16,2027-02-16,遅,3F
3F-16,2027-02-17,休,3F
3F-16,2027-02-18,早,3F
3F-16,2027-02-19,遅,3F
3F-16,2027-02-20,休,3F
3F-16,2027-02-21,早,3F
3F-16,2027-02-22,休,3F
3F-16,2027-02-23,遅,3F
3F-16,2027-02-24,休,3F
3F-16,2027-02-25,早,3F
3F-16,2027-02-26,遅,3F
3F-16,2027-02-27,休,3F
3F-16,2027-02-28,早,3F
3F-16,2027-03-01,休,3F
3F-17,2027-01-31,休,3F
3F-17,2027-02-01,休,3F
3F-17,2027-02-02,休,3F
3F-17,2027-02-03,休,3F
3F-17,2027-02-04,休,3F
3F-17,2027-02-05,休,3F
3F-17,2027-02-06,休,3F
3F-17,2027-02-07,休,3F
3F-17,2027-02-08,休,3F
3F-17,2027-02-09,休,3F
3F-17,2027-02-10,休,3F
3F-17,2027-02-11,休,3F
3F-17,2027-02-12,休,3F
3F-17,2027-02-13,休,3F
3F-17,2027-02-14,休,3F
3F-17,2027-02-15,休,3F
3F-17,2027-02-16,休,3F
3F-17,2027-02-17,休,3F
3F-17,2027-02-18,休,3F
3F-17,2027-02-19,休,3F
3F-17,2027-02-20,休,3F
3F-17,2027-02-21,休,3F
3F-17,2027-02-22,休,3F
3F-17,2027-02-23,休,3F
3F-17,2027-02-24,休,3F
3F-17,2027-02-25,休,3F
3F-17,2027-02-26,休,3F
3F-17,2027-02-27,休,3F
3F-17,2027-02-28,休,3F
3F-17,2027-03-01,休,3F
3F-18,2027-01-31,休,3F
3F-18,2027-02-01,休,3F
3F-18,2027-02-02,休,3F
3F-18,2027-02-03,休,3F
3F-18,2027-02-04,休,3F
3F-18,2027-02-05,休,3F
3F-18,2027-02-06,後,3F
3F-18,2027-02-07,休,3F
3F-18,2027-02-08,休,3F
3F-18,2027-02-09,休,3F
3F-18,2027-02-10,休,3F
3F-18,2027-02-11,休,3F
3F-18,2027-02-12,休,3F
3F-18,2027-02-13,後,3F
3F-18,2027-02-14,休,3F
3F-18,2027-02-15,休,3F
3F-18,2027-02-16,休,3F
3F-18,2027-02-17,休,3F
3F-18,2027-02-18,休,3F
3F-18,2027-02-19,休,3F
3F-18,2027-02-20,後,3F
3F-18,2027-02-21,休,3F
3F-18,2027-02-22,休,3F
3F-18,2027-02-23,休,3F
3F-18,2027-02-24,休,3F
3F-18,2027-02-25,休,3F
3F-18,2027-02-26,休,3F
3F-18,2027-02-27,後,3F
3F-18,2027-02-28,休,3F
3F-18,2027-03-01,休,3F
3F-19,2027-01-31,休,3F
3F-19,2027-02-01,休,3F
3F-19,2027-02-02,休,3F
3F-19,2027-02-03,休,3F
3F-19,2027-02-04,休,3F
3F-19,2027-02-05,有,3F
3F-19,2027-02-06,休,3F
3F-19,2027-02-07,休,3F
3F-19,2027-02-08,休,3F
3F-19,2027-02-09,休,3F
3F-19,2027-02-10,休,3F
3F-19,2027-02-11,休,3F
3F-19,2027-02-12,休,3F
3F-19,2027-02-13,休,3F
3F-19,2027-02-14,休,3F
3F-19,2027-02-15,休,3F
3F-19,2027-02-16,休,3F
3F-19,2027-02-17,休,3F
3F-19,2027-02-18,休,3F
3F-19,2027-02-19,休,3F
3F-19,2027-02-20,休,3F
3F-19,2027-02-21,休,3F
3F-19,2027-02-22,休,3F
3F-19,2027-02-23,休,3F
3F-19,2027-02-24,休,3F
3F-19,2027-02-25,休,3F
3F-19,2027-02-26,休,3F
3F-19,2027-02-27,休,3F
3F-19,2027-02-28,休,3F
3F-19,2027-03-01,休,3F
3F-20,2027-01-31,後,3F
3F-20,2027-02-01,休,3F
3F-20,2027-02-02,休,3F
3F-20,2027-02-03,休,3F
3F-20,2027-02-04,休,3F
3F-20,2027-02-05,休,3F
3F-20,2027-02-06,休,3F
3F-20,2027-02-07,後,3F
3F-20,2027-02-08,休,3F
3F-20,2027-02-09,休,3F
3F-20,2027-02-10,休,3F
3F-20,2027-02-11,休,3F
3F-20,2027-02-12,休,3F
3F-20,2027-02-13,休,3F
3F-20,2027-02-14,後,3F
3F-20,2027-02-15,休,3F
3F-20,2027-02-16,休,3F
3F-20,2027-02-17,休,3F
3F-20,2027-02-18,休,3F
3F-20,2027-02-19,休,3F
3F-20,2027-02-20,休,3F
3F-20,2027-02-21,後,3F
3F-20,2027-02-22,休,3F
3F-20,2027-02-23,休,3F
3F-20,2027-02-24,休,3F
3F-20,2027-02-25,有,3F
3F-20,2027-02-26,休,3F
3F-20,2027-02-27,休,3F
3F-20,2027-02-28,後,3F
3F-20,2027-03-01,休,3F
3F-21,2027-01-31,休,3F
3F-21,2027-02-01,休,3F
3F-21,2027-02-02,休,3F
3F-21,2027-02-03,休,3F
3F-21,2027-02-04,休,3F
3F-21,2027-02-05,休,3F
3F-21,2027-02-06,休,3F
3F-21,2027-02-07,休,3F
3F-21,2027-02-08,休,3F
3F-21,2027-02-09,休,3F
3F-21,2027-02-10,休,3F
3F-21,2027-02-11,休,3F
3F-21,2027-02-12,休,3F
3F-21,2027-02-13,休,3F
3F-21,2027-02-14,休,3F
3F-21,2027-02-15,休,3F
3F-21,2027-02-16,休,3F
3F-21,2027-02-17,休,3F
3F-21,2027-02-18,休,3F
3F-21,2027-02-19,休,3F
3F-21,2027-02-20,休,3F
3F-21,2027-02-21,有,3F
3F-21,2027-02-22,休,3F
3F-21,2027-02-23,休,3F
3F-21,2027-02-24,休,3F
3F-21,2027-02-25,休,3F
3F-21,2027-02-26,休,3F
3F-21,2027-02-27,休,3F
3F-21,2027-02-28,休,3F
3F-21,2027-03-01,休,3F
3F-22,2027-01-31,休,3F
3F-22,2027-02-01,休,3F
3F-22,2027-02-02,休,3F
3F-22,2027-02-03,休,3F
3F-22,2027-02-04,休,3F
3F-22,2027-02-05,休,3F
3F-22,2027-02-06,休,3F
3F-22,2027-02-07,休,3F
3F-22,2027-02-08,休,3F
3F-22,2027-02-09,休,3F
3F-22,2027-02-10,休,3F
3F-22,2027-02-11,休,3F
3F-22,2027-02-12,休,3F
3F-22,2027-02-13,休,3F
3F-22,2027-02-14,休,3F
3F-22,2027-02-15,休,3F
3F-22,2027-02-16,休,3F
3F-22,2027-02-17,休,3F
3F-22,2027-02-18,休,3F
3F-22,2027-02-19,休,3F
3F-22,2027-02-20,休,3F
3F-22,2027-02-21,休,3F
3F-22,2027-02-22,休,3F
3F-22,2027-02-23,休,3F
3F-22,2027-02-24,休,3F
3F-22,2027-02-25,休,3F
3F-22,2027-02-26,休,3F
3F-22,2027-02-27,休,3F
3F-22,2027-02-28,休,3F
3F-22,2027-03-01,休,3F
3F-23,2027-01-31,明,3F
3F-23,2027-02-01,休,3F
3F-23,2027-02-02,短A,1F
3F-23,2027-02-03,明,3F
3F-23,2027-02-04,休,3F
3F-23,2027-02-05,休,3F
3F-23,2027-02-06,短A,1F
3F-23,2027-02-07,明,3F
3F-23,2027-02-08,休,3F
3F-23,2027-02-09,短A,1F
3F-23,2027-02-10,明,3F
3F-23,2027-02-11,休,3F
3F-23,2027-02-12,休,3F
3F-23,2027-02-13,短A,1F
3F-23,2027-02-14,明,3F
3F-23,2027-02-15,休,3F
3F-23,2027-02-16,短A,1F
3F-23,2027-02-17,明,3F
3F-23,2027-02-18,休,3F
3F-23,2027-02-19,休,3F
3F-23,2027-02-20,短A,1F
3F-23,2027-02-21,明,3F
3F-23,2027-02-22,休,3F
3F-23,2027-02-23,短A,1F
3F-23,2027-02-24,明,3F
3F-23,2027-02-25,休,3F
3F-23,2027-02-26,休,3F
3F-23,2027-02-27,短A,1F
3F-23,2027-02-28,明,3F
3F-23,2027-03-01,休,3F
3F-24,2027-01-31,短B,2F
3F-24,2027-02-01,休,3F
3F-24,2027-02-02,休,3F
3F-24,2027-02-03,休,3F
3F-24,2027-02-04,休,3F
3F-24,2027-02-05,短B,2F
3F-24,2027-02-06,休,3F
3F-24,2027-02-07,短B,2F
3F-24,2027-02-08,休,3F
3F-24,2027-02-09,休,3F
3F-24,2027-02-10,休,3F
3F-24,2027-02-11,休,3F
3F-24,2027-02-12,短B,2F
3F-24,2027-02-13,休,3F
3F-24,2027-02-14,短B,2F
3F-24,2027-02-15,休,3F
3F-24,2027-02-16,休,3F
3F-24,2027-02-17,休,3F
3F-24,2027-02-18,休,3F
3F-24,2027-02-19,短B,2F
3F-24,2027-02-20,休,3F
3F-24,2027-02-21,短B,2F
3F-24,2027-02-22,休,3F
3F-24,2027-02-23,休,3F
3F-24,2027-02-24,休,3F
3F-24,2027-02-25,休,3F
3F-24,2027-02-26,短B,2F
3F-24,2027-02-27,休,3F
3F-24,2027-02-28,短B,2F
3F-24,2027-03-01,休,3F
