staff_id,name,floor,night_allowed,supervisor,allowed_codes,weekly_hours,night_month_limit,overtime,weekdays,available_start,available_end,transfer_allowed
1F-01,職員1F-01,1F,可,可,早・日・遅・夜・統,40,5,要相談,0・1・2・3・4・5・6,,,可
1F-02,職員1F-02,1F,可,可,早・日・遅・夜・統,40,5,要相談,0・1・2・3・4・5・6,,,可
1F-03,職員1F-03,1F,可,可,早・日・遅・夜・統,40,5,要相談,0・1・2・3・4・5・6,,,可
1F-04,職員1F-04,1F,可,可,早・日・遅・夜・統,40,5,要相談,0・1・2・3・4・5・6,,,可
1F-05,職員1F-05,1F,可,可,早・日・遅・夜・統,40,5,要相談,0・1・2・3・4・5・6,,,原則不可
1F-06,職員1F-06,1F,可,可,早・日・遅・夜・統,40,5,要相談,0・1・2・3・4・5・6,,,原則不可
1F-07,職員1F-07,1F,可,不可,早・日・遅・夜,40,5,要相談,0・1・2・3・4・5・6,,,原則不可
1F-08,職員1F-08,1F,可,不可,早・日・遅・夜,40,5,要相談,0・1・2・3・4・5・6,,,原則不可
1F-09,職員1F-09,1F,可,不可,早・日・遅・夜,40,5,要相談,0・1・2・3・4・5・6,,,原則不可
1F-10,職員1F-10,1F,可,不可,早・日・遅・夜,40,5,要相談,0・1・2・3・4・5・6,,,原則不可
1F-11,職員1F-11,1F,可,不可,早・日・遅・夜,40,5,要相談,0・1・2・3・4・5・6,,,原則不可
1F-12,職員1F-12,1F,可,不可,早・日・遅・夜,40,5,要相談,0・1・2・3・4・5・6,,,原則不可
1F-13,職員1F-13,1F,可,不可,早・日・遅・夜,40,5,要相談,0・1・2・3・4・5・6,,,原則不可
1F-14,職員1F-14,1F,可,不可,早・日・遅・夜,40,5,要相談,0・1・2・3・4・5・6,,,原則不可
1F-15,職員1F-15,1F,不可,不可,早・日・遅,40,0,要相談,0・1・2・3・4・5・6,,,原則不可
1F-16,職員1F-16,1F,不可,不可,早・日・遅,40,0,要相談,0・1・2・3・4・5・6,,,原則不可
1F-17,職員1F-17,1F,不可,不可,午,12,0,要相談,0・1・2・3・4・5・6,,,原則不可
1F-18,職員1F-18,1F,不可,不可,後,12,0,要相談,0・1・2・3・4・5・6,,,原則不可
1F-19,職員1F-19,1F,不可,不可,午,12,0,要相談,0・1・2・3・4・5・6,,,原則不可
1F-20,職員1F-20,1F,不可,不可,後,12,0,要相談,0・1・2・3・4・5・6,,,原則不可
1F-21,職員1F-21,1F,不可,不可,午,12,0,要相談,0・1・2・3・4・5・6,,,原則不可
1F-22,職員1F-22,1F,不可,不可,後,12,0,要相談,0・1・2・3・4・5・6,,,原則不可
1F-23,職員1F-23,1F,不可,不可,短A,9,0,要相談,0・1・2・3・4・5・6,,,可
1F-24,職員1F-24,1F,不可,不可,短B,9,0,要相談,0・1・2・3・4・5・6,,,可
2F-01,職員2F-01,2F,可,可,早・日・遅・夜・統,40,5,要相談,0・1・2・3・4・5・6,,,可
2F-02,職員2F-02,2F,可,可,早・日・遅・夜・統,40,5,要相談,0・1・2・3・4・5・6,,,可
2F-03,職員2F-03,2F,可,可,早・日・遅・夜・統,40,5,要相談,0・1・2・3・4・5・6,,,可
2F-04,職員2F-04,2F,可,可,早・日・遅・夜・統,40,5,要相談,0・1・2・3・4・5・6,,,可
2F-05,職員2F-05,2F,可,可,早・日・遅・夜・統,40,5,要相談,0・1・2・3・4・5・6,,,原則不可
2F-06,職員2F-06,2F,可,可,早・日・遅・夜・統,40,5,要相談,0・1・2・3・4・5・6,,,原則不可
2F-07,職員2F-07,2F,可,不可,早・日・遅・夜,40,5,要相談,0・1・2・3・4・5・6,,,原則不可
2F-08,職員2F-08,2F,可,不可,早・日・遅・夜,40,5,要相談,0・1・2・3・4・5・6,,,原則不可
2F-09,職員2F-09,2F,可,不可,早・日・遅・夜,40,5,要相談,0・1・2・3・4・5・6,,,原則不可
2F-10,職員2F-10,2F,可,不可,早・日・遅・夜,40,5,要相談,0・1・2・3・4・5・6,,,原則不可
2F-11,職員2F-11,2F,可,不可,早・日・遅・夜,40,5,要相談,0・1・2・3・4・5・6,,,原則不可
2F-12,職員2F-12,2F,可,不可,早・日・遅・夜,40,5,要相談,0・1・2・3・4・5・6,,,原則不可
2F-13,職員2F-13,2F,可,不可,早・日・遅・夜,40,5,要相談,0・1・2・3・4・5・6,,,原則不可
2F-14,職員2F-14,2F,可,不可,早・日・遅・夜,40,5,要相談,0・1・2・3・4・5・6,,,原則不可
2F-15,職員2F-15,2F,不可,不可,早・日・遅,40,0,要相談,0・1・2・3・4・5・6,,,原則不可
2F-16,職員2F-16,2F,不可,不可,早・日・遅,40,0,要相談,0・1・2・3・4・5・6,,,原則不可
2F-17,職員2F-17,2F,不可,不可,午,12,0,要相談,0・1・2・3・4・5・6,,,原則不可
2F-18,職員2F-18,2F,不可,不可,後,12,0,要相談,0・1・2・3・4・5・6,,,原則不可
2F-19,職員2F-19,2F,不可,不可,午,12,0,要相談,0・1・2・3・4・5・6,,,原則不可
2F-20,職員2F-20,2F,不可,不可,後,12,0,要相談,0・1・2・3・4・5・6,,,原則不可
2F-21,職員2F-21,2F,不可,不可,午,12,0,要相談,0・1・2・3・4・5・6,,,原則不可
2F-22,職員2F-22,2F,不可,不可,後,12,0,要相談,0・1・2・3・4・5・6,,,原則不可
2F-23,職員2F-23,2F,不可,不可,短A,9,0,要相談,0・1・2・3・4・5・6,,,可
2F-24,職員2F-24,2F,不可,不可,短B,9,0,要相談,0・1・2・3・4・5・6,,,可
3F-01,職員3F-01,3F,可,可,早・日・遅・夜・統,40,5,要相談,0・1・2・3・4・5・6,,,可
3F-02,職員3F-02,3F,可,可,早・日・遅・夜・統,40,5,要相談,0・1・2・3・4・5・6,,,可
3F-03,職員3F-03,3F,可,可,早・日・遅・夜・統,40,5,要相談,0・1・2・3・4・5・6,,,可
3F-04,職員3F-04,3F,可,可,早・日・遅・夜・統,40,5,要相談,0・1・2・3・4・5・6,,,可
3F-05,職員3F-05,3F,可,可,早・日・遅・夜・統,40,5,要相談,0・1・2・3・4・5・6,,,原則不可
3F-06,職員3F-06,3F,可,可,早・日・遅・夜・統,40,5,要相談,0・1・2・3・4・5・6,,,原則不可
3F-07,職員3F-07,3F,可,不可,早・日・遅・夜,40,5,要相談,0・1・2・3・4・5・6,,,原則不可
3F-08,職員3F-08,3F,可,不可,早・日・遅・夜,40,5,要相談,0・1・2・3・4・5・6,,,原則不可
3F-09,職員3F-09,3F,可,不可,早・日・遅・夜,40,5,要相談,0・1・2・3・4・5・6,,,原則不可
3F-10,職員3F-10,3F,可,不可,早・日・遅・夜,40,5,要相談,0・1・2・3・4・5・6,,,原則不可
3F-11,職員3F-11,3F,可,不可,早・日・遅・夜,40,5,要相談,0・1・2・3・4・5・6,,,原則不可
3F-12,職員3F-12,3F,可,不可,早・日・遅・夜,40,5,要相談,0・1・2・3・4・5・6,,,原則不可
3F-13,職員3F-13,3F,可,不可,早・日・遅・夜,40,5,要相談,0・1・2・3・4・5・6,,,原則不可
3F-14,職員3F-14,3F,可,不可,早・日・遅・夜,40,5,要相談,0・1・2・3・4・5・6,,,原則不可
3F-15,職員3F-15,3F,不可,不可,早・日・遅,40,0,要相談,0・1・2・3・4・5・6,,,原則不可
3F-16,職員3F-16,3F,不可,不可,早・日・遅,40,0,要相談,0・1・2・3・4・5・6,,,原則不可
3F-17,職員3F-17,3F,不可,不可,午,12,0,要相談,0・1・2・3・4・5・6,,,原則不可
3F-18,職員3F-18,3F,不可,不可,後,12,0,要相談,0・1・2・3・4・5・6,,,原則不可
3F-19,職員3F-19,3F,不可,不可,午,12,0,要相談,0・1・2・3・4・5・6,,,原則不可
3F-20,職員3F-20,3F,不可,不可,後,12,0,要相談,0・1・2・3・4・5・6,,,原則不可
3F-21,職員3F-21,3F,不可,不可,午,12,0,要相談,0・1・2・3・4・5・6,,,原則不可
3F-22,職員3F-22,3F,不可,不可,後,12,0,要相談,0・1・2・3・4・5・6,,,原則不可
3F-23,職員3F-23,3F,不可,不可,短A,9,0,要相談,0・1・2・3・4・5・6,,,可
3F-24,職員3F-24,3F,不可,不可,短B,9,0,要相談,0・1・2・3・4・5・6,,,可
