staff_id,shift_date,start,end,kind,target
1F-16,2027-02-28,2027-02-28T11:00,2027-02-28T12:00,BREAK,
1F-16,2027-02-28,2027-02-28T10:00,2027-02-28T11:00,BATH,
2F-13,2027-02-28,2027-02-28T11:00,2027-02-28T12:00,BREAK,
2F-13,2027-02-28,2027-02-28T10:00,2027-02-28T11:00,BATH,
2F-14,2027-02-28,2027-02-28T11:00,2027-02-28T12:00,BREAK,
2F-15,2027-02-28,2027-02-28T11:00,2027-02-28T12:00,BREAK,
2F-16,2027-02-28,2027-02-28T11:00,2027-02-28T12:00,BREAK,
3F-13,2027-02-28,2027-02-28T11:00,2027-02-28T12:00,BREAK,
3F-13,2027-02-28,2027-02-28T10:00,2027-02-28T11:00,BATH,
3F-14,2027-02-28,2027-02-28T11:00,2027-02-28T12:00,BREAK,
3F-15,2027-02-28,2027-02-28T11:00,2027-02-28T12:00,BREAK,
3F-16,2027-02-28,2027-02-28T11:00,2027-02-28T12:00,BREAK,
1F-01,2027-03-01,2027-03-01T11:00,2027-03-01T12:00,BREAK,
1F-01,2027-03-01,2027-03-01T10:00,2027-03-01T11:00,BATH,
1F-02,2027-03-01,2027-03-01T11:00,2027-03-01T12:00,BREAK,
1F-03,2027-03-01,2027-03-01T11:00,2027-03-01T12:00,BREAK,
1F-04,2027-03-01,2027-03-01T11:00,2027-03-01T12:00,BREAK,
1F-05,2027-03-01,2027-03-01T11:00,2027-03-01T12:00,BREAK,
1F-06,2027-03-01,2027-03-01T13:00,2027-03-01T14:00,BREAK,
1F-06,2027-03-01,2027-03-01T15:00,2027-03-01T16:00,BATH,
1F-07,2027-03-01,2027-03-01T13:00,2027-03-01T14:00,BREAK,
1F-08,2027-03-01,2027-03-01T13:00,2027-03-01T14:00,BREAK,
1F-09,2027-03-01,2027-03-01T13:00,2027-03-01T14:00,BREAK,
1F-10,2027-03-01,2027-03-01T13:00,2027-03-01T14:00,BREAK,
2F-01,2027-03-01,2027-03-01T11:00,2027-03-01T12:00,BREAK,
2F-01,2027-03-01,2027-03-01T10:00,2027-03-01T11:00,BATH,
2F-02,2027-03-01,2027-03-01T11:00,2027-03-01T12:00,BREAK,
2F-03,2027-03-01,2027-03-01T11:00,2027-03-01T12:00,BREAK,
2F-04,2027-03-01,2027-03-01T11:00,2027-03-01T12:00,BREAK,
2F-05,2027-03-01,2027-03-01T11:00,2027-03-01T12:00,BREAK,
2F-06,2027-03-01,2027-03-01T13:00,2027-03-01T14:00,BREAK,
2F-06,2027-03-01,2027-03-01T15:00,2027-03-01T16:00,BATH,
2F-07,2027-03-01,2027-03-01T13:00,2027-03-01T14:00,BREAK,
2F-08,2027-03-01,2027-03-01T13:00,2027-03-01T14:00,BREAK,
2F-09,2027-03-01,2027-03-01T13:00,2027-03-01T14:00,BREAK,
2F-10,2027-03-01,2027-03-01T13:00,2027-03-01T14:00,BREAK,
3F-01,2027-03-01,2027-03-01T11:00,2027-03-01T12:00,BREAK,
3F-01,2027-03-01,2027-03-01T10:00,2027-03-01T11:00,BATH,
3F-02,2027-03-01,2027-03-01T11:00,2027-03-01T12:00,BREAK,
3F-03,2027-03-01,2027-03-01T11:00,2027-03-01T12:00,BREAK,
3F-04,2027-03-01,2027-03-01T11:00,2027-03-01T12:00,BREAK,
3F-05,2027-03-01,2027-03-01T11:00,2027-03-01T12:00,BREAK,
3F-06,2027-03-01,2027-03-01T13:00,2027-03-01T14:00,BREAK,
3F-06,2027-03-01,2027-03-01T15:00,2027-03-01T16:00,BATH,
3F-07,2027-03-01,2027-03-01T13:00,2027-03-01T14:00,BREAK,
3F-08,2027-03-01,2027-03-01T13:00,2027-03-01T14:00,BREAK,
3F-09,2027-03-01,2027-03-01T13:00,2027-03-01T14:00,BREAK,
3F-10,2027-03-01,2027-03-01T13:00,2027-03-01T14:00,BREAK,
1F-11,2027-03-01,2027-03-01T12:00,2027-03-01T13:00,BREAK,
1F-12,2027-03-02,2027-03-02T11:00,2027-03-02T12:00,BREAK,
1F-12,2027-03-02,2027-03-02T10:00,2027-03-02T11:00,BATH,
1F-13,2027-03-02,2027-03-02T11:00,2027-03-02T12:00,BREAK,
1F-14,2027-03-02,2027-03-02T11:00,2027-03-02T12:00,BREAK,
1F-15,2027-03-02,2027-03-02T11:00,2027-03-02T12:00,BREAK,
1F-16,2027-03-02,2027-03-02T11:00,2027-03-02T12:00,BREAK,
1F-01,2027-03-02,2027-03-02T13:00,2027-03-02T14:00,BREAK,
1F-01,2027-03-02,2027-03-02T15:00,2027-03-02T16:00,BATH,
1F-02,2027-03-02,2027-03-02T13:00,2027-03-02T14:00,BREAK,
1F-03,2027-03-02,2027-03-02T13:00,2027-03-02T14:00,BREAK,
1F-04,2027-03-02,2027-03-02T13:00,2027-03-02T14:00,BREAK,
1F-05,2027-03-02,2027-03-02T13:00,2027-03-02T14:00,BREAK,
2F-11,2027-03-02,2027-03-02T11:00,2027-03-02T12:00,BREAK,
2F-11,2027-03-02,2027-03-02T10:00,2027-03-02T11:00,BATH,
2F-12,2027-03-02,2027-03-02T11:00,2027-03-02T12:00,BREAK,
2F-13,2027-03-02,2027-03-02T11:00,2027-03-02T12:00,BREAK,
2F-14,2027-03-02,2027-03-02T11:00,2027-03-02T12:00,BREAK,
2F-15,2027-03-02,2027-03-02T11:00,2027-03-02T12:00,BREAK,
2F-16,2027-03-02,2027-03-02T13:00,2027-03-02T14:00,BREAK,
2F-16,2027-03-02,2027-03-02T15:00,2027-03-02T16:00,BATH,
2F-01,2027-03-02,2027-03-02T13:00,2027-03-02T14:00,BREAK,
2F-02,2027-03-02,2027-03-02T13:00,2027-03-02T14:00,BREAK,
2F-03,2027-03-02,2027-03-02T13:00,2027-03-02T14:00,BREAK,
2F-04,2027-03-02,2027-03-02T13:00,2027-03-02T14:00,BREAK,
3F-11,2027-03-02,2027-03-02T11:00,2027-03-02T12:00,BREAK,
3F-11,2027-03-02,2027-03-02T10:00,2027-03-02T11:00,BATH,
3F-12,2027-03-02,2027-03-02T11:00,2027-03-02T12:00,BREAK,
3F-13,2027-03-02,2027-03-02T11:00,2027-03-02T12:00,BREAK,
3F-14,2027-03-02,2027-03-02T11:00,2027-03-02T12:00,BREAK,
3F-15,2027-03-02,2027-03-02T11:00,2027-03-02T12:00,BREAK,
3F-16,2027-03-02,2027-03-02T13:00,2027-03-02T14:00,BREAK,
3F-16,2027-03-02,2027-03-02T15:00,2027-03-02T16:00,BATH,
3F-01,2027-03-02,2027-03-02T13:00,2027-03-02T14:00,BREAK,
3F-02,2027-03-02,2027-03-02T13:00,2027-03-02T14:00,BREAK,
3F-03,2027-03-02,2027-03-02T13:00,2027-03-02T14:00,BREAK,
3F-04,2027-03-02,2027-03-02T13:00,2027-03-02T14:00,BREAK,
1F-06,2027-03-03,2027-03-03T11:00,2027-03-03T12:00,BREAK,
1F-06,2027-03-03,2027-03-03T10:00,2027-03-03T11:00,BATH,
1F-07,2027-03-03,2027-03-03T11:00,2027-03-03T12:00,BREAK,
1F-08,2027-03-03,2027-03-03T11:00,2027-03-03T12:00,BREAK,
1F-09,2027-03-03,2027-03-03T11:00,2027-03-03T12:00,BREAK,
1F-10,2027-03-03,2027-03-03T11:00,2027-03-03T12:00,BREAK,
1F-11,2027-03-03,2027-03-03T13:00,2027-03-03T14:00,BREAK,
1F-11,2027-03-03,2027-03-03T15:00,2027-03-03T16:00,BATH,
1F-12,2027-03-03,2027-03-03T13:00,2027-03-03T14:00,BREAK,
1F-13,2027-03-03,2027-03-03T13:00,2027-03-03T14:00,BREAK,
1F-14,2027-03-03,2027-03-03T13:00,2027-03-03T14:00,BREAK,
1F-15,2027-03-03,2027-03-03T13:00,2027-03-03T14:00,BREAK,
2F-05,2027-03-03,2027-03-03T11:00,2027-03-03T12:00,BREAK,
2F-05,2027-03-03,2027-03-03T10:00,2027-03-03T11:00,BATH,
2F-06,2027-03-03,2027-03-03T11:00,2027-03-03T12:00,BREAK,
2F-07,2027-03-03,2027-03-03T11:00,2027-03-03T12:00,BREAK,
2F-08,2027-03-03,2027-03-03T11:00,2027-03-03T12:00,BREAK,
2F-09,2027-03-03,2027-03-03T11:00,2027-03-03T12:00,BREAK,
2F-10,2027-03-03,2027-03-03T13:00,2027-03-03T14:00,BREAK,
2F-10,2027-03-03,2027-03-03T15:00,2027-03-03T16:00,BATH,
2F-11,2027-03-03,2027-03-03T13:00,2027-03-03T14:00,BREAK,
2F-12,2027-03-03,2027-03-03T13:00,2027-03-03T14:00,BREAK,
2F-13,2027-03-03,2027-03-03T13:00,2027-03-03T14:00,BREAK,
2F-14,2027-03-03,2027-03-03T13:00,2027-03-03T14:00,BREAK,
3F-05,2027-03-03,2027-03-03T11:00,2027-03-03T12:00,BREAK,
3F-05,2027-03-03,2027-03-03T10:00,2027-03-03T11:00,BATH,
3F-06,2027-03-03,2027-03-03T11:00,2027-03-03T12:00,BREAK,
3F-07,2027-03-03,2027-03-03T11:00,2027-03-03T12:00,BREAK,
3F-08,2027-03-03,2027-03-03T11:00,2027-03-03T12:00,BREAK,
3F-09,2027-03-03,2027-03-03T11:00,2027-03-03T12:00,BREAK,
3F-10,2027-03-03,2027-03-03T13:00,2027-03-03T14:00,BREAK,
3F-10,2027-03-03,2027-03-03T15:00,2027-03-03T16:00,BATH,
3F-11,2027-03-03,2027-03-03T13:00,2027-03-03T14:00,BREAK,
3F-12,2027-03-03,2027-03-03T13:00,2027-03-03T14:00,BREAK,
3F-13,2027-03-03,2027-03-03T13:00,2027-03-03T14:00,BREAK,
3F-14,2027-03-03,2027-03-03T13:00,2027-03-03T14:00,BREAK,
1F-16,2027-03-03,2027-03-03T12:00,2027-03-03T13:00,BREAK,
1F-01,2027-03-04,2027-03-04T11:00,2027-03-04T12:00,BREAK,
1F-01,2027-03-04,2027-03-04T10:00,2027-03-04T11:00,BATH,
1F-02,2027-03-04,2027-03-04T11:00,2027-03-04T12:00,BREAK,
1F-03,2027-03-04,2027-03-04T11:00,2027-03-04T12:00,BREAK,
1F-04,2027-03-04,2027-03-04T11:00,2027-03-04T12:00,BREAK,
1F-05,2027-03-04,2027-03-04T11:00,2027-03-04T12:00,BREAK,
1F-06,2027-03-04,2027-03-04T13:00,2027-03-04T14:00,BREAK,
1F-06,2027-03-04,2027-03-04T15:00,2027-03-04T16:00,BATH,
1F-07,2027-03-04,2027-03-04T13:00,2027-03-04T14:00,BREAK,
1F-08,2027-03-04,2027-03-04T13:00,2027-03-04T14:00,BREAK,
1F-09,2027-03-04,2027-03-04T13:00,2027-03-04T14:00,BREAK,
1F-10,2027-03-04,2027-03-04T13:00,2027-03-04T14:00,BREAK,
2F-15,2027-03-04,2027-03-04T11:00,2027-03-04T12:00,BREAK,
2F-15,2027-03-04,2027-03-04T10:00,2027-03-04T11:00,BATH,
2F-16,2027-03-04,2027-03-04T11:00,2027-03-04T12:00,BREAK,
2F-01,2027-03-04,2027-03-04T11:00,2027-03-04T12:00,BREAK,
2F-02,2027-03-04,2027-03-04T11:00,2027-03-04T12:00,BREAK,
2F-03,2027-03-04,2027-03-04T11:00,2027-03-04T12:00,BREAK,
2F-04,2027-03-04,2027-03-04T13:00,2027-03-04T14:00,BREAK,
2F-04,2027-03-04,2027-03-04T15:00,2027-03-04T16:00,BATH,
2F-05,2027-03-04,2027-03-04T13:00,2027-03-04T14:00,BREAK,
2F-06,2027-03-04,2027-03-04T13:00,2027-03-04T14:00,BREAK,
2F-07,2027-03-04,2027-03-04T13:00,2027-03-04T14:00,BREAK,
2F-08,2027-03-04,2027-03-04T13:00,2027-03-04T14:00,BREAK,
3F-15,2027-03-04,2027-03-04T11:00,2027-03-04T12:00,BREAK,
3F-15,2027-03-04,2027-03-04T10:00,2027-03-04T11:00,BATH,
3F-16,2027-03-04,2027-03-04T11:00,2027-03-04T12:00,BREAK,
3F-01,2027-03-04,2027-03-04T11:00,2027-03-04T12:00,BREAK,
3F-02,2027-03-04,2027-03-04T11:00,2027-03-04T12:00,BREAK,
3F-03,2027-03-04,2027-03-04T11:00,2027-03-04T12:00,BREAK,
3F-04,2027-03-04,2027-03-04T13:00,2027-03-04T14:00,BREAK,
3F-04,2027-03-04,2027-03-04T15:00,2027-03-04T16:00,BATH,
3F-05,2027-03-04,2027-03-04T13:00,2027-03-04T14:00,BREAK,
3F-06,2027-03-04,2027-03-04T13:00,2027-03-04T14:00,BREAK,
3F-07,2027-03-04,2027-03-04T13:00,2027-03-04T14:00,BREAK,
3F-08,2027-03-04,2027-03-04T13:00,2027-03-04T14:00,BREAK,
1F-11,2027-03-05,2027-03-05T11:00,2027-03-05T12:00,BREAK,
1F-11,2027-03-05,2027-03-05T10:00,2027-03-05T11:00,BATH,
1F-12,2027-03-05,2027-03-05T11:00,2027-03-05T12:00,BREAK,
1F-13,2027-03-05,2027-03-05T11:00,2027-03-05T12:00,BREAK,
1F-14,2027-03-05,2027-03-05T11:00,2027-03-05T12:00,BREAK,
1F-15,2027-03-05,2027-03-05T11:00,2027-03-05T12:00,BREAK,
1F-16,2027-03-05,2027-03-05T13:00,2027-03-05T14:00,BREAK,
1F-16,2027-03-05,2027-03-05T15:00,2027-03-05T16:00,BATH,
1F-01,2027-03-05,2027-03-05T13:00,2027-03-05T14:00,BREAK,
1F-02,2027-03-05,2027-03-05T13:00,2027-03-05T14:00,BREAK,
1F-03,2027-03-05,2027-03-05T13:00,2027-03-05T14:00,BREAK,
1F-04,2027-03-05,2027-03-05T13:00,2027-03-05T14:00,BREAK,
2F-09,2027-03-05,2027-03-05T11:00,2027-03-05T12:00,BREAK,
2F-09,2027-03-05,2027-03-05T10:00,2027-03-05T11:00,BATH,
2F-10,2027-03-05,2027-03-05T11:00,2027-03-05T12:00,BREAK,
2F-11,2027-03-05,2027-03-05T11:00,2027-03-05T12:00,BREAK,
2F-12,2027-03-05,2027-03-05T11:00,2027-03-05T12:00,BREAK,
2F-13,2027-03-05,2027-03-05T11:00,2027-03-05T12:00,BREAK,
2F-14,2027-03-05,2027-03-05T13:00,2027-03-05T14:00,BREAK,
2F-14,2027-03-05,2027-03-05T15:00,2027-03-05T16:00,BATH,
2F-15,2027-03-05,2027-03-05T13:00,2027-03-05T14:00,BREAK,
2F-16,2027-03-05,2027-03-05T13:00,2027-03-05T14:00,BREAK,
2F-01,2027-03-05,2027-03-05T13:00,2027-03-05T14:00,BREAK,
2F-02,2027-03-05,2027-03-05T13:00,2027-03-05T14:00,BREAK,
3F-09,2027-03-05,2027-03-05T11:00,2027-03-05T12:00,BREAK,
3F-09,2027-03-05,2027-03-05T10:00,2027-03-05T11:00,BATH,
3F-10,2027-03-05,2027-03-05T11:00,2027-03-05T12:00,BREAK,
3F-11,2027-03-05,2027-03-05T11:00,2027-03-05T12:00,BREAK,
3F-12,2027-03-05,2027-03-05T11:00,2027-03-05T12:00,BREAK,
3F-13,2027-03-05,2027-03-05T11:00,2027-03-05T12:00,BREAK,
3F-14,2027-03-05,2027-03-05T13:00,2027-03-05T14:00,BREAK,
3F-14,2027-03-05,2027-03-05T15:00,2027-03-05T16:00,BATH,
3F-15,2027-03-05,2027-03-05T13:00,2027-03-05T14:00,BREAK,
3F-16,2027-03-05,2027-03-05T13:00,2027-03-05T14:00,BREAK,
3F-01,2027-03-05,2027-03-05T13:00,2027-03-05T14:00,BREAK,
3F-02,2027-03-05,2027-03-05T13:00,2027-03-05T14:00,BREAK,
1F-05,2027-03-05,2027-03-05T12:00,2027-03-05T13:00,BREAK,
1F-06,2027-03-06,2027-03-06T11:00,2027-03-06T12:00,BREAK,
1F-06,2027-03-06,2027-03-06T10:00,2027-03-06T11:00,BATH,
1F-07,2027-03-06,2027-03-06T11:00,2027-03-06T12:00,BREAK,
1F-08,2027-03-06,2027-03-06T11:00,2027-03-06T12:00,BREAK,
1F-09,2027-03-06,2027-03-06T11:00,2027-03-06T12:00,BREAK,
1F-10,2027-03-06,2027-03-06T11:00,2027-03-06T12:00,BREAK,
1F-11,2027-03-06,2027-03-06T13:00,2027-03-06T14:00,BREAK,
1F-11,2027-03-06,2027-03-06T15:00,2027-03-06T16:00,BATH,
1F-12,2027-03-06,2027-03-06T13:00,2027-03-06T14:00,BREAK,
1F-13,2027-03-06,2027-03-06T13:00,2027-03-06T14:00,BREAK,
1F-14,2027-03-06,2027-03-06T13:00,2027-03-06T14:00,BREAK,
1F-15,2027-03-06,2027-03-06T13:00,2027-03-06T14:00,BREAK,
2F-03,2027-03-06,2027-03-06T11:00,2027-03-06T12:00,BREAK,
2F-03,2027-03-06,2027-03-06T10:00,2027-03-06T11:00,BATH,
2F-04,2027-03-06,2027-03-06T11:00,2027-03-06T12:00,BREAK,
2F-05,2027-03-06,2027-03-06T11:00,2027-03-06T12:00,BREAK,
2F-06,2027-03-06,2027-03-06T11:00,2027-03-06T12:00,BREAK,
2F-07,2027-03-06,2027-03-06T11:00,2027-03-06T12:00,BREAK,
2F-08,2027-03-06,2027-03-06T13:00,2027-03-06T14:00,BREAK,
2F-08,2027-03-06,2027-03-06T15:00,2027-03-06T16:00,BATH,
2F-09,2027-03-06,2027-03-06T13:00,2027-03-06T14:00,BREAK,
2F-10,2027-03-06,2027-03-06T13:00,2027-03-06T14:00,BREAK,
2F-11,2027-03-06,2027-03-06T13:00,2027-03-06T14:00,BREAK,
2F-12,2027-03-06,2027-03-06T13:00,2027-03-06T14:00,BREAK,
3F-03,2027-03-06,2027-03-06T11:00,2027-03-06T12:00,BREAK,
3F-03,2027-03-06,2027-03-06T10:00,2027-03-06T11:00,BATH,
3F-04,2027-03-06,2027-03-06T11:00,2027-03-06T12:00,BREAK,
3F-05,2027-03-06,2027-03-06T11:00,2027-03-06T12:00,BREAK,
3F-06,2027-03-06,2027-03-06T11:00,2027-03-06T12:00,BREAK,
3F-07,2027-03-06,2027-03-06T11:00,2027-03-06T12:00,BREAK,
3F-08,2027-03-06,2027-03-06T13:00,2027-03-06T14:00,BREAK,
3F-08,2027-03-06,2027-03-06T15:00,2027-03-06T16:00,BATH,
3F-09,2027-03-06,2027-03-06T13:00,2027-03-06T14:00,BREAK,
3F-10,2027-03-06,2027-03-06T13:00,2027-03-06T14:00,BREAK,
3F-11,2027-03-06,2027-03-06T13:00,2027-03-06T14:00,BREAK,
3F-12,2027-03-06,2027-03-06T13:00,2027-03-06T14:00,BREAK,
1F-16,2027-03-07,2027-03-07T11:00,2027-03-07T12:00,BREAK,
1F-16,2027-03-07,2027-03-07T10:00,2027-03-07T11:00,BATH,
2F-13,2027-03-07,2027-03-07T11:00,2027-03-07T12:00,BREAK,
2F-13,2027-03-07,2027-03-07T10:00,2027-03-07T11:00,BATH,
2F-14,2027-03-07,2027-03-07T11:00,2027-03-07T12:00,BREAK,
2F-15,2027-03-07,2027-03-07T11:00,2027-03-07T12:00,BREAK,
2F-16,2027-03-07,2027-03-07T11:00,2027-03-07T12:00,BREAK,
3F-13,2027-03-07,2027-03-07T11:00,2027-03-07T12:00,BREAK,
3F-13,2027-03-07,2027-03-07T10:00,2027-03-07T11:00,BATH,
3F-14,2027-03-07,2027-03-07T11:00,2027-03-07T12:00,BREAK,
3F-15,2027-03-07,2027-03-07T11:00,2027-03-07T12:00,BREAK,
3F-16,2027-03-07,2027-03-07T11:00,2027-03-07T12:00,BREAK,
1F-01,2027-03-08,2027-03-08T11:00,2027-03-08T12:00,BREAK,
1F-01,2027-03-08,2027-03-08T10:00,2027-03-08T11:00,BATH,
1F-02,2027-03-08,2027-03-08T11:00,2027-03-08T12:00,BREAK,
1F-03,2027-03-08,2027-03-08T11:00,2027-03-08T12:00,BREAK,
1F-04,2027-03-08,2027-03-08T11:00,2027-03-08T12:00,BREAK,
1F-05,2027-03-08,2027-03-08T11:00,2027-03-08T12:00,BREAK,
1F-06,2027-03-08,2027-03-08T13:00,2027-03-08T14:00,BREAK,
1F-06,2027-03-08,2027-03-08T15:00,2027-03-08T16:00,BATH,
1F-07,2027-03-08,2027-03-08T13:00,2027-03-08T14:00,BREAK,
1F-08,2027-03-08,2027-03-08T13:00,2027-03-08T14:00,BREAK,
1F-09,2027-03-08,2027-03-08T13:00,2027-03-08T14:00,BREAK,
1F-10,2027-03-08,2027-03-08T13:00,2027-03-08T14:00,BREAK,
2F-01,2027-03-08,2027-03-08T11:00,2027-03-08T12:00,BREAK,
2F-01,2027-03-08,2027-03-08T10:00,2027-03-08T11:00,BATH,
2F-02,2027-03-08,2027-03-08T11:00,2027-03-08T12:00,BREAK,
2F-03,2027-03-08,2027-03-08T11:00,2027-03-08T12:00,BREAK,
2F-04,2027-03-08,2027-03-08T11:00,2027-03-08T12:00,BREAK,
2F-05,2027-03-08,2027-03-08T11:00,2027-03-08T12:00,BREAK,
2F-06,2027-03-08,2027-03-08T13:00,2027-03-08T14:00,BREAK,
2F-06,2027-03-08,2027-03-08T15:00,2027-03-08T16:00,BATH,
2F-07,2027-03-08,2027-03-08T13:00,2027-03-08T14:00,BREAK,
2F-08,2027-03-08,2027-03-08T13:00,2027-03-08T14:00,BREAK,
2F-09,2027-03-08,2027-03-08T13:00,2027-03-08T14:00,BREAK,
2F-10,2027-03-08,2027-03-08T13:00,2027-03-08T14:00,BREAK,
3F-01,2027-03-08,2027-03-08T11:00,2027-03-08T12:00,BREAK,
3F-01,2027-03-08,2027-03-08T10:00,2027-03-08T11:00,BATH,
3F-02,2027-03-08,2027-03-08T11:00,2027-03-08T12:00,BREAK,
3F-03,2027-03-08,2027-03-08T11:00,2027-03-08T12:00,BREAK,
3F-04,2027-03-08,2027-03-08T11:00,2027-03-08T12:00,BREAK,
3F-05,2027-03-08,2027-03-08T11:00,2027-03-08T12:00,BREAK,
3F-06,2027-03-08,2027-03-08T13:00,2027-03-08T14:00,BREAK,
3F-06,2027-03-08,2027-03-08T15:00,2027-03-08T16:00,BATH,
3F-07,2027-03-08,2027-03-08T13:00,2027-03-08T14:00,BREAK,
3F-08,2027-03-08,2027-03-08T13:00,2027-03-08T14:00,BREAK,
3F-09,2027-03-08,2027-03-08T13:00,2027-03-08T14:00,BREAK,
3F-10,2027-03-08,2027-03-08T13:00,2027-03-08T14:00,BREAK,
1F-11,2027-03-08,2027-03-08T12:00,2027-03-08T13:00,BREAK,
1F-12,2027-03-09,2027-03-09T11:00,2027-03-09T12:00,BREAK,
1F-12,2027-03-09,2027-03-09T10:00,2027-03-09T11:00,BATH,
1F-13,2027-03-09,2027-03-09T11:00,2027-03-09T12:00,BREAK,
1F-14,2027-03-09,2027-03-09T11:00,2027-03-09T12:00,BREAK,
1F-15,2027-03-09,2027-03-09T11:00,2027-03-09T12:00,BREAK,
1F-16,2027-03-09,2027-03-09T11:00,2027-03-09T12:00,BREAK,
1F-01,2027-03-09,2027-03-09T13:00,2027-03-09T14:00,BREAK,
1F-01,2027-03-09,2027-03-09T15:00,2027-03-09T16:00,BATH,
1F-02,2027-03-09,2027-03-09T13:00,2027-03-09T14:00,BREAK,
1F-03,2027-03-09,2027-03-09T13:00,2027-03-09T14:00,BREAK,
1F-04,2027-03-09,2027-03-09T13:00,2027-03-09T14:00,BREAK,
1F-05,2027-03-09,2027-03-09T13:00,2027-03-09T14:00,BREAK,
2F-11,2027-03-09,2027-03-09T11:00,2027-03-09T12:00,BREAK,
2F-11,2027-03-09,2027-03-09T10:00,2027-03-09T11:00,BATH,
2F-12,2027-03-09,2027-03-09T11:00,2027-03-09T12:00,BREAK,
2F-13,2027-03-09,2027-03-09T11:00,2027-03-09T12:00,BREAK,
2F-14,2027-03-09,2027-03-09T11:00,2027-03-09T12:00,BREAK,
2F-15,2027-03-09,2027-03-09T11:00,2027-03-09T12:00,BREAK,
2F-16,2027-03-09,2027-03-09T13:00,2027-03-09T14:00,BREAK,
2F-16,2027-03-09,2027-03-09T15:00,2027-03-09T16:00,BATH,
2F-01,2027-03-09,2027-03-09T13:00,2027-03-09T14:00,BREAK,
2F-02,2027-03-09,2027-03-09T13:00,2027-03-09T14:00,BREAK,
2F-03,2027-03-09,2027-03-09T13:00,2027-03-09T14:00,BREAK,
2F-04,2027-03-09,2027-03-09T13:00,2027-03-09T14:00,BREAK,
3F-11,2027-03-09,2027-03-09T11:00,2027-03-09T12:00,BREAK,
3F-11,2027-03-09,2027-03-09T10:00,2027-03-09T11:00,BATH,
3F-12,2027-03-09,2027-03-09T11:00,2027-03-09T12:00,BREAK,
3F-13,2027-03-09,2027-03-09T11:00,2027-03-09T12:00,BREAK,
3F-14,2027-03-09,2027-03-09T11:00,2027-03-09T12:00,BREAK,
3F-15,2027-03-09,2027-03-09T11:00,2027-03-09T12:00,BREAK,
3F-16,2027-03-09,2027-03-09T13:00,2027-03-09T14:00,BREAK,
3F-16,2027-03-09,2027-03-09T15:00,2027-03-09T16:00,BATH,
3F-01,2027-03-09,2027-03-09T13:00,2027-03-09T14:00,BREAK,
3F-02,2027-03-09,2027-03-09T13:00,2027-03-09T14:00,BREAK,
3F-03,2027-03-09,2027-03-09T13:00,2027-03-09T14:00,BREAK,
3F-04,2027-03-09,2027-03-09T13:00,2027-03-09T14:00,BREAK,
1F-06,2027-03-10,2027-03-10T11:00,2027-03-10T12:00,BREAK,
1F-06,2027-03-10,2027-03-10T10:00,2027-03-10T11:00,BATH,
1F-07,2027-03-10,2027-03-10T11:00,2027-03-10T12:00,BREAK,
1F-08,2027-03-10,2027-03-10T11:00,2027-03-10T12:00,BREAK,
1F-09,2027-03-10,2027-03-10T11:00,2027-03-10T12:00,BREAK,
1F-10,2027-03-10,2027-03-10T11:00,2027-03-10T12:00,BREAK,
1F-11,2027-03-10,2027-03-10T13:00,2027-03-10T14:00,BREAK,
1F-11,2027-03-10,2027-03-10T15:00,2027-03-10T16:00,BATH,
1F-12,2027-03-10,2027-03-10T13:00,2027-03-10T14:00,BREAK,
1F-13,2027-03-10,2027-03-10T13:00,2027-03-10T14:00,BREAK,
1F-14,2027-03-10,2027-03-10T13:00,2027-03-10T14:00,BREAK,
1F-15,2027-03-10,2027-03-10T13:00,2027-03-10T14:00,BREAK,
2F-05,2027-03-10,2027-03-10T11:00,2027-03-10T12:00,BREAK,
2F-05,2027-03-10,2027-03-10T10:00,2027-03-10T11:00,BATH,
2F-06,2027-03-10,2027-03-10T11:00,2027-03-10T12:00,BREAK,
2F-07,2027-03-10,2027-03-10T11:00,2027-03-10T12:00,BREAK,
2F-08,2027-03-10,2027-03-10T11:00,2027-03-10T12:00,BREAK,
2F-09,2027-03-10,2027-03-10T11:00,2027-03-10T12:00,BREAK,
2F-10,2027-03-10,2027-03-10T13:00,2027-03-10T14:00,BREAK,
2F-10,2027-03-10,2027-03-10T15:00,2027-03-10T16:00,BATH,
2F-11,2027-03-10,2027-03-10T13:00,2027-03-10T14:00,BREAK,
2F-12,2027-03-10,2027-03-10T13:00,2027-03-10T14:00,BREAK,
2F-13,2027-03-10,2027-03-10T13:00,2027-03-10T14:00,BREAK,
2F-14,2027-03-10,2027-03-10T13:00,2027-03-10T14:00,BREAK,
3F-05,2027-03-10,2027-03-10T11:00,2027-03-10T12:00,BREAK,
3F-05,2027-03-10,2027-03-10T10:00,2027-03-10T11:00,BATH,
3F-06,2027-03-10,2027-03-10T11:00,2027-03-10T12:00,BREAK,
3F-07,2027-03-10,2027-03-10T11:00,2027-03-10T12:00,BREAK,
3F-08,2027-03-10,2027-03-10T11:00,2027-03-10T12:00,BREAK,
3F-09,2027-03-10,2027-03-10T11:00,2027-03-10T12:00,BREAK,
3F-10,2027-03-10,2027-03-10T13:00,2027-03-10T14:00,BREAK,
3F-10,2027-03-10,2027-03-10T15:00,2027-03-10T16:00,BATH,
3F-11,2027-03-10,2027-03-10T13:00,2027-03-10T14:00,BREAK,
3F-12,2027-03-10,2027-03-10T13:00,2027-03-10T14:00,BREAK,
3F-13,2027-03-10,2027-03-10T13:00,2027-03-10T14:00,BREAK,
3F-14,2027-03-10,2027-03-10T13:00,2027-03-10T14:00,BREAK,
1F-16,2027-03-10,2027-03-10T12:00,2027-03-10T13:00,BREAK,
1F-01,2027-03-11,2027-03-11T11:00,2027-03-11T12:00,BREAK,
1F-01,2027-03-11,2027-03-11T10:00,2027-03-11T11:00,BATH,
1F-02,2027-03-11,2027-03-11T11:00,2027-03-11T12:00,BREAK,
1F-03,2027-03-11,2027-03-11T11:00,2027-03-11T12:00,BREAK,
1F-04,2027-03-11,2027-03-11T11:00,2027-03-11T12:00,BREAK,
1F-05,2027-03-11,2027-03-11T11:00,2027-03-11T12:00,BREAK,
1F-06,2027-03-11,2027-03-11T13:00,2027-03-11T14:00,BREAK,
1F-06,2027-03-11,2027-03-11T15:00,2027-03-11T16:00,BATH,
1F-07,2027-03-11,2027-03-11T13:00,2027-03-11T14:00,BREAK,
1F-08,2027-03-11,2027-03-11T13:00,2027-03-11T14:00,BREAK,
1F-09,2027-03-11,2027-03-11T13:00,2027-03-11T14:00,BREAK,
1F-10,2027-03-11,2027-03-11T13:00,2027-03-11T14:00,BREAK,
2F-15,2027-03-11,2027-03-11T11:00,2027-03-11T12:00,BREAK,
2F-15,2027-03-11,2027-03-11T10:00,2027-03-11T11:00,BATH,
2F-16,2027-03-11,2027-03-11T11:00,2027-03-11T12:00,BREAK,
2F-01,2027-03-11,2027-03-11T11:00,2027-03-11T12:00,BREAK,
2F-02,2027-03-11,2027-03-11T11:00,2027-03-11T12:00,BREAK,
2F-03,2027-03-11,2027-03-11T11:00,2027-03-11T12:00,BREAK,
2F-04,2027-03-11,2027-03-11T13:00,2027-03-11T14:00,BREAK,
2F-04,2027-03-11,2027-03-11T15:00,2027-03-11T16:00,BATH,
2F-05,2027-03-11,2027-03-11T13:00,2027-03-11T14:00,BREAK,
2F-06,2027-03-11,2027-03-11T13:00,2027-03-11T14:00,BREAK,
2F-07,2027-03-11,2027-03-11T13:00,2027-03-11T14:00,BREAK,
2F-08,2027-03-11,2027-03-11T13:00,2027-03-11T14:00,BREAK,
3F-15,2027-03-11,2027-03-11T11:00,2027-03-11T12:00,BREAK,
3F-15,2027-03-11,2027-03-11T10:00,2027-03-11T11:00,BATH,
3F-16,2027-03-11,2027-03-11T11:00,2027-03-11T12:00,BREAK,
3F-01,2027-03-11,2027-03-11T11:00,2027-03-11T12:00,BREAK,
3F-02,2027-03-11,2027-03-11T11:00,2027-03-11T12:00,BREAK,
3F-03,2027-03-11,2027-03-11T11:00,2027-03-11T12:00,BREAK,
3F-04,2027-03-11,2027-03-11T13:00,2027-03-11T14:00,BREAK,
3F-04,2027-03-11,2027-03-11T15:00,2027-03-11T16:00,BATH,
3F-05,2027-03-11,2027-03-11T13:00,2027-03-11T14:00,BREAK,
3F-06,2027-03-11,2027-03-11T13:00,2027-03-11T14:00,BREAK,
3F-07,2027-03-11,2027-03-11T13:00,2027-03-11T14:00,BREAK,
3F-08,2027-03-11,2027-03-11T13:00,2027-03-11T14:00,BREAK,
1F-11,2027-03-12,2027-03-12T11:00,2027-03-12T12:00,BREAK,
1F-11,2027-03-12,2027-03-12T10:00,2027-03-12T11:00,BATH,
1F-12,2027-03-12,2027-03-12T11:00,2027-03-12T12:00,BREAK,
1F-13,2027-03-12,2027-03-12T11:00,2027-03-12T12:00,BREAK,
1F-14,2027-03-12,2027-03-12T11:00,2027-03-12T12:00,BREAK,
1F-15,2027-03-12,2027-03-12T11:00,2027-03-12T12:00,BREAK,
1F-16,2027-03-12,2027-03-12T13:00,2027-03-12T14:00,BREAK,
1F-16,2027-03-12,2027-03-12T15:00,2027-03-12T16:00,BATH,
1F-01,2027-03-12,2027-03-12T13:00,2027-03-12T14:00,BREAK,
1F-02,2027-03-12,2027-03-12T13:00,2027-03-12T14:00,BREAK,
1F-03,2027-03-12,2027-03-12T13:00,2027-03-12T14:00,BREAK,
1F-04,2027-03-12,2027-03-12T13:00,2027-03-12T14:00,BREAK,
2F-09,2027-03-12,2027-03-12T11:00,2027-03-12T12:00,BREAK,
2F-09,2027-03-12,2027-03-12T10:00,2027-03-12T11:00,BATH,
2F-10,2027-03-12,2027-03-12T11:00,2027-03-12T12:00,BREAK,
2F-11,2027-03-12,2027-03-12T11:00,2027-03-12T12:00,BREAK,
2F-12,2027-03-12,2027-03-12T11:00,2027-03-12T12:00,BREAK,
2F-13,2027-03-12,2027-03-12T11:00,2027-03-12T12:00,BREAK,
2F-14,2027-03-12,2027-03-12T13:00,2027-03-12T14:00,BREAK,
2F-14,2027-03-12,2027-03-12T15:00,2027-03-12T16:00,BATH,
2F-15,2027-03-12,2027-03-12T13:00,2027-03-12T14:00,BREAK,
2F-16,2027-03-12,2027-03-12T13:00,2027-03-12T14:00,BREAK,
2F-01,2027-03-12,2027-03-12T13:00,2027-03-12T14:00,BREAK,
2F-02,2027-03-12,2027-03-12T13:00,2027-03-12T14:00,BREAK,
3F-09,2027-03-12,2027-03-12T11:00,2027-03-12T12:00,BREAK,
3F-09,2027-03-12,2027-03-12T10:00,2027-03-12T11:00,BATH,
3F-10,2027-03-12,2027-03-12T11:00,2027-03-12T12:00,BREAK,
3F-11,2027-03-12,2027-03-12T11:00,2027-03-12T12:00,BREAK,
3F-12,2027-03-12,2027-03-12T11:00,2027-03-12T12:00,BREAK,
3F-13,2027-03-12,2027-03-12T11:00,2027-03-12T12:00,BREAK,
3F-14,2027-03-12,2027-03-12T13:00,2027-03-12T14:00,BREAK,
3F-14,2027-03-12,2027-03-12T15:00,2027-03-12T16:00,BATH,
3F-15,2027-03-12,2027-03-12T13:00,2027-03-12T14:00,BREAK,
3F-16,2027-03-12,2027-03-12T13:00,2027-03-12T14:00,BREAK,
3F-01,2027-03-12,2027-03-12T13:00,2027-03-12T14:00,BREAK,
3F-02,2027-03-12,2027-03-12T13:00,2027-03-12T14:00,BREAK,
1F-05,2027-03-12,2027-03-12T12:00,2027-03-12T13:00,BREAK,
1F-06,2027-03-13,2027-03-13T11:00,2027-03-13T12:00,BREAK,
1F-06,2027-03-13,2027-03-13T10:00,2027-03-13T11:00,BATH,
1F-07,2027-03-13,2027-03-13T11:00,2027-03-13T12:00,BREAK,
1F-08,2027-03-13,2027-03-13T11:00,2027-03-13T12:00,BREAK,
1F-09,2027-03-13,2027-03-13T11:00,2027-03-13T12:00,BREAK,
1F-10,2027-03-13,2027-03-13T11:00,2027-03-13T12:00,BREAK,
1F-11,2027-03-13,2027-03-13T13:00,2027-03-13T14:00,BREAK,
1F-11,2027-03-13,2027-03-13T15:00,2027-03-13T16:00,BATH,
1F-12,2027-03-13,2027-03-13T13:00,2027-03-13T14:00,BREAK,
1F-13,2027-03-13,2027-03-13T13:00,2027-03-13T14:00,BREAK,
1F-14,2027-03-13,2027-03-13T13:00,2027-03-13T14:00,BREAK,
1F-15,2027-03-13,2027-03-13T13:00,2027-03-13T14:00,BREAK,
2F-03,2027-03-13,2027-03-13T11:00,2027-03-13T12:00,BREAK,
2F-03,2027-03-13,2027-03-13T10:00,2027-03-13T11:00,BATH,
2F-04,2027-03-13,2027-03-13T11:00,2027-03-13T12:00,BREAK,
2F-05,2027-03-13,2027-03-13T11:00,2027-03-13T12:00,BREAK,
2F-06,2027-03-13,2027-03-13T11:00,2027-03-13T12:00,BREAK,
2F-07,2027-03-13,2027-03-13T11:00,2027-03-13T12:00,BREAK,
2F-08,2027-03-13,2027-03-13T13:00,2027-03-13T14:00,BREAK,
2F-08,2027-03-13,2027-03-13T15:00,2027-03-13T16:00,BATH,
2F-09,2027-03-13,2027-03-13T13:00,2027-03-13T14:00,BREAK,
2F-10,2027-03-13,2027-03-13T13:00,2027-03-13T14:00,BREAK,
2F-11,2027-03-13,2027-03-13T13:00,2027-03-13T14:00,BREAK,
2F-12,2027-03-13,2027-03-13T13:00,2027-03-13T14:00,BREAK,
3F-03,2027-03-13,2027-03-13T11:00,2027-03-13T12:00,BREAK,
3F-03,2027-03-13,2027-03-13T10:00,2027-03-13T11:00,BATH,
3F-04,2027-03-13,2027-03-13T11:00,2027-03-13T12:00,BREAK,
3F-05,2027-03-13,2027-03-13T11:00,2027-03-13T12:00,BREAK,
3F-06,2027-03-13,2027-03-13T11:00,2027-03-13T12:00,BREAK,
3F-07,2027-03-13,2027-03-13T11:00,2027-03-13T12:00,BREAK,
3F-08,2027-03-13,2027-03-13T13:00,2027-03-13T14:00,BREAK,
3F-08,2027-03-13,2027-03-13T15:00,2027-03-13T16:00,BATH,
3F-09,2027-03-13,2027-03-13T13:00,2027-03-13T14:00,BREAK,
3F-10,2027-03-13,2027-03-13T13:00,2027-03-13T14:00,BREAK,
3F-11,2027-03-13,2027-03-13T13:00,2027-03-13T14:00,BREAK,
3F-12,2027-03-13,2027-03-13T13:00,2027-03-13T14:00,BREAK,
1F-16,2027-03-14,2027-03-14T11:00,2027-03-14T12:00,BREAK,
1F-16,2027-03-14,2027-03-14T10:00,2027-03-14T11:00,BATH,
2F-13,2027-03-14,2027-03-14T11:00,2027-03-14T12:00,BREAK,
2F-13,2027-03-14,2027-03-14T10:00,2027-03-14T11:00,BATH,
2F-14,2027-03-14,2027-03-14T11:00,2027-03-14T12:00,BREAK,
2F-15,2027-03-14,2027-03-14T11:00,2027-03-14T12:00,BREAK,
2F-16,2027-03-14,2027-03-14T11:00,2027-03-14T12:00,BREAK,
3F-13,2027-03-14,2027-03-14T11:00,2027-03-14T12:00,BREAK,
3F-13,2027-03-14,2027-03-14T10:00,2027-03-14T11:00,BATH,
3F-14,2027-03-14,2027-03-14T11:00,2027-03-14T12:00,BREAK,
3F-15,2027-03-14,2027-03-14T11:00,2027-03-14T12:00,BREAK,
3F-16,2027-03-14,2027-03-14T11:00,2027-03-14T12:00,BREAK,
1F-01,2027-03-15,2027-03-15T11:00,2027-03-15T12:00,BREAK,
1F-01,2027-03-15,2027-03-15T10:00,2027-03-15T11:00,BATH,
1F-02,2027-03-15,2027-03-15T11:00,2027-03-15T12:00,BREAK,
1F-03,2027-03-15,2027-03-15T11:00,2027-03-15T12:00,BREAK,
1F-04,2027-03-15,2027-03-15T11:00,2027-03-15T12:00,BREAK,
1F-05,2027-03-15,2027-03-15T11:00,2027-03-15T12:00,BREAK,
1F-06,2027-03-15,2027-03-15T13:00,2027-03-15T14:00,BREAK,
1F-06,2027-03-15,2027-03-15T15:00,2027-03-15T16:00,BATH,
1F-07,2027-03-15,2027-03-15T13:00,2027-03-15T14:00,BREAK,
1F-08,2027-03-15,2027-03-15T13:00,2027-03-15T14:00,BREAK,
1F-09,2027-03-15,2027-03-15T13:00,2027-03-15T14:00,BREAK,
1F-10,2027-03-15,2027-03-15T13:00,2027-03-15T14:00,BREAK,
2F-01,2027-03-15,2027-03-15T11:00,2027-03-15T12:00,BREAK,
2F-01,2027-03-15,2027-03-15T10:00,2027-03-15T11:00,BATH,
2F-02,2027-03-15,2027-03-15T11:00,2027-03-15T12:00,BREAK,
2F-03,2027-03-15,2027-03-15T11:00,2027-03-15T12:00,BREAK,
2F-04,2027-03-15,2027-03-15T11:00,2027-03-15T12:00,BREAK,
2F-05,2027-03-15,2027-03-15T11:00,2027-03-15T12:00,BREAK,
2F-06,2027-03-15,2027-03-15T13:00,2027-03-15T14:00,BREAK,
2F-06,2027-03-15,2027-03-15T15:00,2027-03-15T16:00,BATH,
2F-07,2027-03-15,2027-03-15T13:00,2027-03-15T14:00,BREAK,
2F-08,2027-03-15,2027-03-15T13:00,2027-03-15T14:00,BREAK,
2F-09,2027-03-15,2027-03-15T13:00,2027-03-15T14:00,BREAK,
2F-10,2027-03-15,2027-03-15T13:00,2027-03-15T14:00,BREAK,
3F-01,2027-03-15,2027-03-15T11:00,2027-03-15T12:00,BREAK,
3F-01,2027-03-15,2027-03-15T10:00,2027-03-15T11:00,BATH,
3F-02,2027-03-15,2027-03-15T11:00,2027-03-15T12:00,BREAK,
3F-03,2027-03-15,2027-03-15T11:00,2027-03-15T12:00,BREAK,
3F-04,2027-03-15,2027-03-15T11:00,2027-03-15T12:00,BREAK,
3F-05,2027-03-15,2027-03-15T11:00,2027-03-15T12:00,BREAK,
3F-06,2027-03-15,2027-03-15T13:00,2027-03-15T14:00,BREAK,
3F-06,2027-03-15,2027-03-15T15:00,2027-03-15T16:00,BATH,
3F-07,2027-03-15,2027-03-15T13:00,2027-03-15T14:00,BREAK,
3F-08,2027-03-15,2027-03-15T13:00,2027-03-15T14:00,BREAK,
3F-09,2027-03-15,2027-03-15T13:00,2027-03-15T14:00,BREAK,
3F-10,2027-03-15,2027-03-15T13:00,2027-03-15T14:00,BREAK,
1F-11,2027-03-15,2027-03-15T12:00,2027-03-15T13:00,BREAK,
1F-12,2027-03-16,2027-03-16T11:00,2027-03-16T12:00,BREAK,
1F-12,2027-03-16,2027-03-16T10:00,2027-03-16T11:00,BATH,
1F-13,2027-03-16,2027-03-16T11:00,2027-03-16T12:00,BREAK,
1F-14,2027-03-16,2027-03-16T11:00,2027-03-16T12:00,BREAK,
1F-15,2027-03-16,2027-03-16T11:00,2027-03-16T12:00,BREAK,
1F-16,2027-03-16,2027-03-16T11:00,2027-03-16T12:00,BREAK,
1F-01,2027-03-16,2027-03-16T13:00,2027-03-16T14:00,BREAK,
1F-01,2027-03-16,2027-03-16T15:00,2027-03-16T16:00,BATH,
1F-02,2027-03-16,2027-03-16T13:00,2027-03-16T14:00,BREAK,
1F-03,2027-03-16,2027-03-16T13:00,2027-03-16T14:00,BREAK,
1F-04,2027-03-16,2027-03-16T13:00,2027-03-16T14:00,BREAK,
1F-05,2027-03-16,2027-03-16T13:00,2027-03-16T14:00,BREAK,
2F-11,2027-03-16,2027-03-16T11:00,2027-03-16T12:00,BREAK,
2F-11,2027-03-16,2027-03-16T10:00,2027-03-16T11:00,BATH,
2F-12,2027-03-16,2027-03-16T11:00,2027-03-16T12:00,BREAK,
2F-13,2027-03-16,2027-03-16T11:00,2027-03-16T12:00,BREAK,
2F-14,2027-03-16,2027-03-16T11:00,2027-03-16T12:00,BREAK,
2F-15,2027-03-16,2027-03-16T11:00,2027-03-16T12:00,BREAK,
2F-16,2027-03-16,2027-03-16T13:00,2027-03-16T14:00,BREAK,
2F-16,2027-03-16,2027-03-16T15:00,2027-03-16T16:00,BATH,
2F-01,2027-03-16,2027-03-16T13:00,2027-03-16T14:00,BREAK,
2F-02,2027-03-16,2027-03-16T13:00,2027-03-16T14:00,BREAK,
2F-03,2027-03-16,2027-03-16T13:00,2027-03-16T14:00,BREAK,
2F-04,2027-03-16,2027-03-16T13:00,2027-03-16T14:00,BREAK,
3F-11,2027-03-16,2027-03-16T11:00,2027-03-16T12:00,BREAK,
3F-11,2027-03-16,2027-03-16T10:00,2027-03-16T11:00,BATH,
3F-12,2027-03-16,2027-03-16T11:00,2027-03-16T12:00,BREAK,
3F-13,2027-03-16,2027-03-16T11:00,2027-03-16T12:00,BREAK,
3F-14,2027-03-16,2027-03-16T11:00,2027-03-16T12:00,BREAK,
3F-15,2027-03-16,2027-03-16T11:00,2027-03-16T12:00,BREAK,
3F-16,2027-03-16,2027-03-16T13:00,2027-03-16T14:00,BREAK,
3F-16,2027-03-16,2027-03-16T15:00,2027-03-16T16:00,BATH,
3F-01,2027-03-16,2027-03-16T13:00,2027-03-16T14:00,BREAK,
3F-02,2027-03-16,2027-03-16T13:00,2027-03-16T14:00,BREAK,
3F-03,2027-03-16,2027-03-16T13:00,2027-03-16T14:00,BREAK,
3F-04,2027-03-16,2027-03-16T13:00,2027-03-16T14:00,BREAK,
1F-06,2027-03-17,2027-03-17T11:00,2027-03-17T12:00,BREAK,
1F-06,2027-03-17,2027-03-17T10:00,2027-03-17T11:00,BATH,
1F-07,2027-03-17,2027-03-17T11:00,2027-03-17T12:00,BREAK,
1F-08,2027-03-17,2027-03-17T11:00,2027-03-17T12:00,BREAK,
1F-09,2027-03-17,2027-03-17T11:00,2027-03-17T12:00,BREAK,
1F-10,2027-03-17,2027-03-17T11:00,2027-03-17T12:00,BREAK,
1F-11,2027-03-17,2027-03-17T13:00,2027-03-17T14:00,BREAK,
1F-11,2027-03-17,2027-03-17T15:00,2027-03-17T16:00,BATH,
1F-12,2027-03-17,2027-03-17T13:00,2027-03-17T14:00,BREAK,
1F-13,2027-03-17,2027-03-17T13:00,2027-03-17T14:00,BREAK,
1F-14,2027-03-17,2027-03-17T13:00,2027-03-17T14:00,BREAK,
1F-15,2027-03-17,2027-03-17T13:00,2027-03-17T14:00,BREAK,
2F-05,2027-03-17,2027-03-17T11:00,2027-03-17T12:00,BREAK,
2F-05,2027-03-17,2027-03-17T10:00,2027-03-17T11:00,BATH,
2F-06,2027-03-17,2027-03-17T11:00,2027-03-17T12:00,BREAK,
2F-07,2027-03-17,2027-03-17T11:00,2027-03-17T12:00,BREAK,
2F-08,2027-03-17,2027-03-17T11:00,2027-03-17T12:00,BREAK,
2F-09,2027-03-17,2027-03-17T11:00,2027-03-17T12:00,BREAK,
2F-10,2027-03-17,2027-03-17T13:00,2027-03-17T14:00,BREAK,
2F-10,2027-03-17,2027-03-17T15:00,2027-03-17T16:00,BATH,
2F-11,2027-03-17,2027-03-17T13:00,2027-03-17T14:00,BREAK,
2F-12,2027-03-17,2027-03-17T13:00,2027-03-17T14:00,BREAK,
2F-13,2027-03-17,2027-03-17T13:00,2027-03-17T14:00,BREAK,
2F-14,2027-03-17,2027-03-17T13:00,2027-03-17T14:00,BREAK,
3F-05,2027-03-17,2027-03-17T11:00,2027-03-17T12:00,BREAK,
3F-05,2027-03-17,2027-03-17T10:00,2027-03-17T11:00,BATH,
3F-06,2027-03-17,2027-03-17T11:00,2027-03-17T12:00,BREAK,
3F-07,2027-03-17,2027-03-17T11:00,2027-03-17T12:00,BREAK,
3F-08,2027-03-17,2027-03-17T11:00,2027-03-17T12:00,BREAK,
3F-09,2027-03-17,2027-03-17T11:00,2027-03-17T12:00,BREAK,
3F-10,2027-03-17,2027-03-17T13:00,2027-03-17T14:00,BREAK,
3F-10,2027-03-17,2027-03-17T15:00,2027-03-17T16:00,BATH,
3F-11,2027-03-17,2027-03-17T13:00,2027-03-17T14:00,BREAK,
3F-12,2027-03-17,2027-03-17T13:00,2027-03-17T14:00,BREAK,
3F-13,2027-03-17,2027-03-17T13:00,2027-03-17T14:00,BREAK,
3F-14,2027-03-17,2027-03-17T13:00,2027-03-17T14:00,BREAK,
1F-16,2027-03-17,2027-03-17T12:00,2027-03-17T13:00,BREAK,
1F-01,2027-03-18,2027-03-18T11:00,2027-03-18T12:00,BREAK,
1F-01,2027-03-18,2027-03-18T10:00,2027-03-18T11:00,BATH,
1F-02,2027-03-18,2027-03-18T11:00,2027-03-18T12:00,BREAK,
1F-03,2027-03-18,2027-03-18T11:00,2027-03-18T12:00,BREAK,
1F-04,2027-03-18,2027-03-18T11:00,2027-03-18T12:00,BREAK,
1F-05,2027-03-18,2027-03-18T11:00,2027-03-18T12:00,BREAK,
1F-06,2027-03-18,2027-03-18T13:00,2027-03-18T14:00,BREAK,
1F-06,2027-03-18,2027-03-18T15:00,2027-03-18T16:00,BATH,
1F-07,2027-03-18,2027-03-18T13:00,2027-03-18T14:00,BREAK,
1F-08,2027-03-18,2027-03-18T13:00,2027-03-18T14:00,BREAK,
1F-09,2027-03-18,2027-03-18T13:00,2027-03-18T14:00,BREAK,
1F-10,2027-03-18,2027-03-18T13:00,2027-03-18T14:00,BREAK,
2F-15,2027-03-18,2027-03-18T11:00,2027-03-18T12:00,BREAK,
2F-15,2027-03-18,2027-03-18T10:00,2027-03-18T11:00,BATH,
2F-16,2027-03-18,2027-03-18T11:00,2027-03-18T12:00,BREAK,
2F-01,2027-03-18,2027-03-18T11:00,2027-03-18T12:00,BREAK,
2F-02,2027-03-18,2027-03-18T11:00,2027-03-18T12:00,BREAK,
2F-03,2027-03-18,2027-03-18T11:00,2027-03-18T12:00,BREAK,
2F-04,2027-03-18,2027-03-18T13:00,2027-03-18T14:00,BREAK,
2F-04,2027-03-18,2027-03-18T15:00,2027-03-18T16:00,BATH,
2F-05,2027-03-18,2027-03-18T13:00,2027-03-18T14:00,BREAK,
2F-06,2027-03-18,2027-03-18T13:00,2027-03-18T14:00,BREAK,
2F-07,2027-03-18,2027-03-18T13:00,2027-03-18T14:00,BREAK,
2F-08,2027-03-18,2027-03-18T13:00,2027-03-18T14:00,BREAK,
3F-15,2027-03-18,2027-03-18T11:00,2027-03-18T12:00,BREAK,
3F-15,2027-03-18,2027-03-18T10:00,2027-03-18T11:00,BATH,
3F-16,2027-03-18,2027-03-18T11:00,2027-03-18T12:00,BREAK,
3F-01,2027-03-18,2027-03-18T11:00,2027-03-18T12:00,BREAK,
3F-02,2027-03-18,2027-03-18T11:00,2027-03-18T12:00,BREAK,
3F-03,2027-03-18,2027-03-18T11:00,2027-03-18T12:00,BREAK,
3F-04,2027-03-18,2027-03-18T13:00,2027-03-18T14:00,BREAK,
3F-04,2027-03-18,2027-03-18T15:00,2027-03-18T16:00,BATH,
3F-05,2027-03-18,2027-03-18T13:00,2027-03-18T14:00,BREAK,
3F-06,2027-03-18,2027-03-18T13:00,2027-03-18T14:00,BREAK,
3F-07,2027-03-18,2027-03-18T13:00,2027-03-18T14:00,BREAK,
3F-08,2027-03-18,2027-03-18T13:00,2027-03-18T14:00,BREAK,
1F-11,2027-03-19,2027-03-19T11:00,2027-03-19T12:00,BREAK,
1F-11,2027-03-19,2027-03-19T10:00,2027-03-19T11:00,BATH,
1F-12,2027-03-19,2027-03-19T11:00,2027-03-19T12:00,BREAK,
1F-13,2027-03-19,2027-03-19T11:00,2027-03-19T12:00,BREAK,
1F-14,2027-03-19,2027-03-19T11:00,2027-03-19T12:00,BREAK,
1F-15,2027-03-19,2027-03-19T11:00,2027-03-19T12:00,BREAK,
1F-16,2027-03-19,2027-03-19T13:00,2027-03-19T14:00,BREAK,
1F-16,2027-03-19,2027-03-19T15:00,2027-03-19T16:00,BATH,
1F-01,2027-03-19,2027-03-19T13:00,2027-03-19T14:00,BREAK,
1F-02,2027-03-19,2027-03-19T13:00,2027-03-19T14:00,BREAK,
1F-03,2027-03-19,2027-03-19T13:00,2027-03-19T14:00,BREAK,
1F-04,2027-03-19,2027-03-19T13:00,2027-03-19T14:00,BREAK,
2F-09,2027-03-19,2027-03-19T11:00,2027-03-19T12:00,BREAK,
2F-09,2027-03-19,2027-03-19T10:00,2027-03-19T11:00,BATH,
2F-10,2027-03-19,2027-03-19T11:00,2027-03-19T12:00,BREAK,
2F-11,2027-03-19,2027-03-19T11:00,2027-03-19T12:00,BREAK,
2F-12,2027-03-19,2027-03-19T11:00,2027-03-19T12:00,BREAK,
2F-13,2027-03-19,2027-03-19T11:00,2027-03-19T12:00,BREAK,
2F-14,2027-03-19,2027-03-19T13:00,2027-03-19T14:00,BREAK,
2F-14,2027-03-19,2027-03-19T15:00,2027-03-19T16:00,BATH,
2F-15,2027-03-19,2027-03-19T13:00,2027-03-19T14:00,BREAK,
2F-16,2027-03-19,2027-03-19T13:00,2027-03-19T14:00,BREAK,
2F-01,2027-03-19,2027-03-19T13:00,2027-03-19T14:00,BREAK,
2F-02,2027-03-19,2027-03-19T13:00,2027-03-19T14:00,BREAK,
3F-09,2027-03-19,2027-03-19T11:00,2027-03-19T12:00,BREAK,
3F-09,2027-03-19,2027-03-19T10:00,2027-03-19T11:00,BATH,
3F-10,2027-03-19,2027-03-19T11:00,2027-03-19T12:00,BREAK,
3F-11,2027-03-19,2027-03-19T11:00,2027-03-19T12:00,BREAK,
3F-12,2027-03-19,2027-03-19T11:00,2027-03-19T12:00,BREAK,
3F-13,2027-03-19,2027-03-19T11:00,2027-03-19T12:00,BREAK,
3F-14,2027-03-19,2027-03-19T13:00,2027-03-19T14:00,BREAK,
3F-14,2027-03-19,2027-03-19T15:00,2027-03-19T16:00,BATH,
3F-15,2027-03-19,2027-03-19T13:00,2027-03-19T14:00,BREAK,
3F-16,2027-03-19,2027-03-19T13:00,2027-03-19T14:00,BREAK,
3F-01,2027-03-19,2027-03-19T13:00,2027-03-19T14:00,BREAK,
3F-02,2027-03-19,2027-03-19T13:00,2027-03-19T14:00,BREAK,
1F-05,2027-03-19,2027-03-19T12:00,2027-03-19T13:00,BREAK,
1F-06,2027-03-20,2027-03-20T11:00,2027-03-20T12:00,BREAK,
1F-06,2027-03-20,2027-03-20T10:00,2027-03-20T11:00,BATH,
1F-07,2027-03-20,2027-03-20T11:00,2027-03-20T12:00,BREAK,
1F-08,2027-03-20,2027-03-20T11:00,2027-03-20T12:00,BREAK,
1F-09,2027-03-20,2027-03-20T11:00,2027-03-20T12:00,BREAK,
1F-10,2027-03-20,2027-03-20T11:00,2027-03-20T12:00,BREAK,
1F-11,2027-03-20,2027-03-20T13:00,2027-03-20T14:00,BREAK,
1F-11,2027-03-20,2027-03-20T15:00,2027-03-20T16:00,BATH,
1F-12,2027-03-20,2027-03-20T13:00,2027-03-20T14:00,BREAK,
1F-13,2027-03-20,2027-03-20T13:00,2027-03-20T14:00,BREAK,
1F-14,2027-03-20,2027-03-20T13:00,2027-03-20T14:00,BREAK,
1F-15,2027-03-20,2027-03-20T13:00,2027-03-20T14:00,BREAK,
2F-03,2027-03-20,2027-03-20T11:00,2027-03-20T12:00,BREAK,
2F-03,2027-03-20,2027-03-20T10:00,2027-03-20T11:00,BATH,
2F-04,2027-03-20,2027-03-20T11:00,2027-03-20T12:00,BREAK,
2F-05,2027-03-20,2027-03-20T11:00,2027-03-20T12:00,BREAK,
2F-06,2027-03-20,2027-03-20T11:00,2027-03-20T12:00,BREAK,
2F-07,2027-03-20,2027-03-20T11:00,2027-03-20T12:00,BREAK,
2F-08,2027-03-20,2027-03-20T13:00,2027-03-20T14:00,BREAK,
2F-08,2027-03-20,2027-03-20T15:00,2027-03-20T16:00,BATH,
2F-09,2027-03-20,2027-03-20T13:00,2027-03-20T14:00,BREAK,
2F-10,2027-03-20,2027-03-20T13:00,2027-03-20T14:00,BREAK,
2F-11,2027-03-20,2027-03-20T13:00,2027-03-20T14:00,BREAK,
2F-12,2027-03-20,2027-03-20T13:00,2027-03-20T14:00,BREAK,
3F-03,2027-03-20,2027-03-20T11:00,2027-03-20T12:00,BREAK,
3F-03,2027-03-20,2027-03-20T10:00,2027-03-20T11:00,BATH,
3F-04,2027-03-20,2027-03-20T11:00,2027-03-20T12:00,BREAK,
3F-05,2027-03-20,2027-03-20T11:00,2027-03-20T12:00,BREAK,
3F-06,2027-03-20,2027-03-20T11:00,2027-03-20T12:00,BREAK,
3F-07,2027-03-20,2027-03-20T11:00,2027-03-20T12:00,BREAK,
3F-08,2027-03-20,2027-03-20T13:00,2027-03-20T14:00,BREAK,
3F-08,2027-03-20,2027-03-20T15:00,2027-03-20T16:00,BATH,
3F-09,2027-03-20,2027-03-20T13:00,2027-03-20T14:00,BREAK,
3F-10,2027-03-20,2027-03-20T13:00,2027-03-20T14:00,BREAK,
3F-11,2027-03-20,2027-03-20T13:00,2027-03-20T14:00,BREAK,
3F-12,2027-03-20,2027-03-20T13:00,2027-03-20T14:00,BREAK,
1F-16,2027-03-21,2027-03-21T11:00,2027-03-21T12:00,BREAK,
1F-16,2027-03-21,2027-03-21T10:00,2027-03-21T11:00,BATH,
2F-13,2027-03-21,2027-03-21T11:00,2027-03-21T12:00,BREAK,
2F-13,2027-03-21,2027-03-21T10:00,2027-03-21T11:00,BATH,
2F-14,2027-03-21,2027-03-21T11:00,2027-03-21T12:00,BREAK,
2F-15,2027-03-21,2027-03-21T11:00,2027-03-21T12:00,BREAK,
2F-16,2027-03-21,2027-03-21T11:00,2027-03-21T12:00,BREAK,
3F-13,2027-03-21,2027-03-21T11:00,2027-03-21T12:00,BREAK,
3F-13,2027-03-21,2027-03-21T10:00,2027-03-21T11:00,BATH,
3F-14,2027-03-21,2027-03-21T11:00,2027-03-21T12:00,BREAK,
3F-15,2027-03-21,2027-03-21T11:00,2027-03-21T12:00,BREAK,
3F-16,2027-03-21,2027-03-21T11:00,2027-03-21T12:00,BREAK,
1F-01,2027-03-22,2027-03-22T11:00,2027-03-22T12:00,BREAK,
1F-01,2027-03-22,2027-03-22T10:00,2027-03-22T11:00,BATH,
1F-02,2027-03-22,2027-03-22T11:00,2027-03-22T12:00,BREAK,
1F-03,2027-03-22,2027-03-22T11:00,2027-03-22T12:00,BREAK,
1F-04,2027-03-22,2027-03-22T11:00,2027-03-22T12:00,BREAK,
1F-05,2027-03-22,2027-03-22T11:00,2027-03-22T12:00,BREAK,
1F-06,2027-03-22,2027-03-22T13:00,2027-03-22T14:00,BREAK,
1F-06,2027-03-22,2027-03-22T15:00,2027-03-22T16:00,BATH,
1F-07,2027-03-22,2027-03-22T13:00,2027-03-22T14:00,BREAK,
1F-08,2027-03-22,2027-03-22T13:00,2027-03-22T14:00,BREAK,
1F-09,2027-03-22,2027-03-22T13:00,2027-03-22T14:00,BREAK,
1F-10,2027-03-22,2027-03-22T13:00,2027-03-22T14:00,BREAK,
2F-01,2027-03-22,2027-03-22T11:00,2027-03-22T12:00,BREAK,
2F-01,2027-03-22,2027-03-22T10:00,2027-03-22T11:00,BATH,
2F-02,2027-03-22,2027-03-22T11:00,2027-03-22T12:00,BREAK,
2F-03,2027-03-22,2027-03-22T11:00,2027-03-22T12:00,BREAK,
2F-04,2027-03-22,2027-03-22T11:00,2027-03-22T12:00,BREAK,
2F-05,2027-03-22,2027-03-22T11:00,2027-03-22T12:00,BREAK,
2F-06,2027-03-22,2027-03-22T13:00,2027-03-22T14:00,BREAK,
2F-06,2027-03-22,2027-03-22T15:00,2027-03-22T16:00,BATH,
2F-07,2027-03-22,2027-03-22T13:00,2027-03-22T14:00,BREAK,
2F-08,2027-03-22,2027-03-22T13:00,2027-03-22T14:00,BREAK,
2F-09,2027-03-22,2027-03-22T13:00,2027-03-22T14:00,BREAK,
2F-10,2027-03-22,2027-03-22T13:00,2027-03-22T14:00,BREAK,
3F-01,2027-03-22,2027-03-22T11:00,2027-03-22T12:00,BREAK,
3F-01,2027-03-22,2027-03-22T10:00,2027-03-22T11:00,BATH,
3F-02,2027-03-22,2027-03-22T11:00,2027-03-22T12:00,BREAK,
3F-03,2027-03-22,2027-03-22T11:00,2027-03-22T12:00,BREAK,
3F-04,2027-03-22,2027-03-22T11:00,2027-03-22T12:00,BREAK,
3F-05,2027-03-22,2027-03-22T11:00,2027-03-22T12:00,BREAK,
3F-06,2027-03-22,2027-03-22T13:00,2027-03-22T14:00,BREAK,
3F-06,2027-03-22,2027-03-22T15:00,2027-03-22T16:00,BATH,
3F-07,2027-03-22,2027-03-22T13:00,2027-03-22T14:00,BREAK,
3F-08,2027-03-22,2027-03-22T13:00,2027-03-22T14:00,BREAK,
3F-09,2027-03-22,2027-03-22T13:00,2027-03-22T14:00,BREAK,
3F-10,2027-03-22,2027-03-22T13:00,2027-03-22T14:00,BREAK,
1F-11,2027-03-22,2027-03-22T12:00,2027-03-22T13:00,BREAK,
1F-12,2027-03-23,2027-03-23T11:00,2027-03-23T12:00,BREAK,
1F-12,2027-03-23,2027-03-23T10:00,2027-03-23T11:00,BATH,
1F-13,2027-03-23,2027-03-23T11:00,2027-03-23T12:00,BREAK,
1F-14,2027-03-23,2027-03-23T11:00,2027-03-23T12:00,BREAK,
1F-15,2027-03-23,2027-03-23T11:00,2027-03-23T12:00,BREAK,
1F-16,2027-03-23,2027-03-23T11:00,2027-03-23T12:00,BREAK,
1F-01,2027-03-23,2027-03-23T13:00,2027-03-23T14:00,BREAK,
1F-01,2027-03-23,2027-03-23T15:00,2027-03-23T16:00,BATH,
1F-02,2027-03-23,2027-03-23T13:00,2027-03-23T14:00,BREAK,
1F-03,2027-03-23,2027-03-23T13:00,2027-03-23T14:00,BREAK,
1F-04,2027-03-23,2027-03-23T13:00,2027-03-23T14:00,BREAK,
1F-05,2027-03-23,2027-03-23T13:00,2027-03-23T14:00,BREAK,
2F-11,2027-03-23,2027-03-23T11:00,2027-03-23T12:00,BREAK,
2F-11,2027-03-23,2027-03-23T10:00,2027-03-23T11:00,BATH,
2F-12,2027-03-23,2027-03-23T11:00,2027-03-23T12:00,BREAK,
2F-13,2027-03-23,2027-03-23T11:00,2027-03-23T12:00,BREAK,
2F-14,2027-03-23,2027-03-23T11:00,2027-03-23T12:00,BREAK,
2F-15,2027-03-23,2027-03-23T11:00,2027-03-23T12:00,BREAK,
2F-16,2027-03-23,2027-03-23T13:00,2027-03-23T14:00,BREAK,
2F-16,2027-03-23,2027-03-23T15:00,2027-03-23T16:00,BATH,
2F-01,2027-03-23,2027-03-23T13:00,2027-03-23T14:00,BREAK,
2F-02,2027-03-23,2027-03-23T13:00,2027-03-23T14:00,BREAK,
2F-03,2027-03-23,2027-03-23T13:00,2027-03-23T14:00,BREAK,
2F-04,2027-03-23,2027-03-23T13:00,2027-03-23T14:00,BREAK,
3F-11,2027-03-23,2027-03-23T11:00,2027-03-23T12:00,BREAK,
3F-11,2027-03-23,2027-03-23T10:00,2027-03-23T11:00,BATH,
3F-12,2027-03-23,2027-03-23T11:00,2027-03-23T12:00,BREAK,
3F-13,2027-03-23,2027-03-23T11:00,2027-03-23T12:00,BREAK,
3F-14,2027-03-23,2027-03-23T11:00,2027-03-23T12:00,BREAK,
3F-15,2027-03-23,2027-03-23T11:00,2027-03-23T12:00,BREAK,
3F-16,2027-03-23,2027-03-23T13:00,2027-03-23T14:00,BREAK,
3F-16,2027-03-23,2027-03-23T15:00,2027-03-23T16:00,BATH,
3F-01,2027-03-23,2027-03-23T13:00,2027-03-23T14:00,BREAK,
3F-02,2027-03-23,2027-03-23T13:00,2027-03-23T14:00,BREAK,
3F-03,2027-03-23,2027-03-23T13:00,2027-03-23T14:00,BREAK,
3F-04,2027-03-23,2027-03-23T13:00,2027-03-23T14:00,BREAK,
1F-06,2027-03-24,2027-03-24T11:00,2027-03-24T12:00,BREAK,
1F-06,2027-03-24,2027-03-24T10:00,2027-03-24T11:00,BATH,
1F-07,2027-03-24,2027-03-24T11:00,2027-03-24T12:00,BREAK,
1F-08,2027-03-24,2027-03-24T11:00,2027-03-24T12:00,BREAK,
1F-09,2027-03-24,2027-03-24T11:00,2027-03-24T12:00,BREAK,
1F-10,2027-03-24,2027-03-24T11:00,2027-03-24T12:00,BREAK,
1F-11,2027-03-24,2027-03-24T13:00,2027-03-24T14:00,BREAK,
1F-11,2027-03-24,2027-03-24T15:00,2027-03-24T16:00,BATH,
1F-12,2027-03-24,2027-03-24T13:00,2027-03-24T14:00,BREAK,
1F-13,2027-03-24,2027-03-24T13:00,2027-03-24T14:00,BREAK,
1F-14,2027-03-24,2027-03-24T13:00,2027-03-24T14:00,BREAK,
1F-15,2027-03-24,2027-03-24T13:00,2027-03-24T14:00,BREAK,
2F-05,2027-03-24,2027-03-24T11:00,2027-03-24T12:00,BREAK,
2F-05,2027-03-24,2027-03-24T10:00,2027-03-24T11:00,BATH,
2F-06,2027-03-24,2027-03-24T11:00,2027-03-24T12:00,BREAK,
2F-07,2027-03-24,2027-03-24T11:00,2027-03-24T12:00,BREAK,
2F-08,2027-03-24,2027-03-24T11:00,2027-03-24T12:00,BREAK,
2F-09,2027-03-24,2027-03-24T11:00,2027-03-24T12:00,BREAK,
2F-10,2027-03-24,2027-03-24T13:00,2027-03-24T14:00,BREAK,
2F-10,2027-03-24,2027-03-24T15:00,2027-03-24T16:00,BATH,
2F-11,2027-03-24,2027-03-24T13:00,2027-03-24T14:00,BREAK,
2F-12,2027-03-24,2027-03-24T13:00,2027-03-24T14:00,BREAK,
2F-13,2027-03-24,2027-03-24T13:00,2027-03-24T14:00,BREAK,
2F-14,2027-03-24,2027-03-24T13:00,2027-03-24T14:00,BREAK,
3F-05,2027-03-24,2027-03-24T11:00,2027-03-24T12:00,BREAK,
3F-05,2027-03-24,2027-03-24T10:00,2027-03-24T11:00,BATH,
3F-06,2027-03-24,2027-03-24T11:00,2027-03-24T12:00,BREAK,
3F-07,2027-03-24,2027-03-24T11:00,2027-03-24T12:00,BREAK,
3F-08,2027-03-24,2027-03-24T11:00,2027-03-24T12:00,BREAK,
3F-09,2027-03-24,2027-03-24T11:00,2027-03-24T12:00,BREAK,
3F-10,2027-03-24,2027-03-24T13:00,2027-03-24T14:00,BREAK,
3F-10,2027-03-24,2027-03-24T15:00,2027-03-24T16:00,BATH,
3F-11,2027-03-24,2027-03-24T13:00,2027-03-24T14:00,BREAK,
3F-12,2027-03-24,2027-03-24T13:00,2027-03-24T14:00,BREAK,
3F-13,2027-03-24,2027-03-24T13:00,2027-03-24T14:00,BREAK,
3F-14,2027-03-24,2027-03-24T13:00,2027-03-24T14:00,BREAK,
1F-16,2027-03-24,2027-03-24T12:00,2027-03-24T13:00,BREAK,
1F-01,2027-03-25,2027-03-25T11:00,2027-03-25T12:00,BREAK,
1F-01,2027-03-25,2027-03-25T10:00,2027-03-25T11:00,BATH,
1F-02,2027-03-25,2027-03-25T11:00,2027-03-25T12:00,BREAK,
1F-03,2027-03-25,2027-03-25T11:00,2027-03-25T12:00,BREAK,
1F-04,2027-03-25,2027-03-25T11:00,2027-03-25T12:00,BREAK,
1F-05,2027-03-25,2027-03-25T11:00,2027-03-25T12:00,BREAK,
1F-06,2027-03-25,2027-03-25T13:00,2027-03-25T14:00,BREAK,
1F-06,2027-03-25,2027-03-25T15:00,2027-03-25T16:00,BATH,
1F-07,2027-03-25,2027-03-25T13:00,2027-03-25T14:00,BREAK,
1F-08,2027-03-25,2027-03-25T13:00,2027-03-25T14:00,BREAK,
1F-09,2027-03-25,2027-03-25T13:00,2027-03-25T14:00,BREAK,
1F-10,2027-03-25,2027-03-25T13:00,2027-03-25T14:00,BREAK,
2F-15,2027-03-25,2027-03-25T11:00,2027-03-25T12:00,BREAK,
2F-15,2027-03-25,2027-03-25T10:00,2027-03-25T11:00,BATH,
2F-16,2027-03-25,2027-03-25T11:00,2027-03-25T12:00,BREAK,
2F-01,2027-03-25,2027-03-25T11:00,2027-03-25T12:00,BREAK,
2F-02,2027-03-25,2027-03-25T11:00,2027-03-25T12:00,BREAK,
2F-03,2027-03-25,2027-03-25T11:00,2027-03-25T12:00,BREAK,
2F-04,2027-03-25,2027-03-25T13:00,2027-03-25T14:00,BREAK,
2F-04,2027-03-25,2027-03-25T15:00,2027-03-25T16:00,BATH,
2F-05,2027-03-25,2027-03-25T13:00,2027-03-25T14:00,BREAK,
2F-06,2027-03-25,2027-03-25T13:00,2027-03-25T14:00,BREAK,
2F-07,2027-03-25,2027-03-25T13:00,2027-03-25T14:00,BREAK,
2F-08,2027-03-25,2027-03-25T13:00,2027-03-25T14:00,BREAK,
3F-15,2027-03-25,2027-03-25T11:00,2027-03-25T12:00,BREAK,
3F-15,2027-03-25,2027-03-25T10:00,2027-03-25T11:00,BATH,
3F-16,2027-03-25,2027-03-25T11:00,2027-03-25T12:00,BREAK,
3F-01,2027-03-25,2027-03-25T11:00,2027-03-25T12:00,BREAK,
3F-02,2027-03-25,2027-03-25T11:00,2027-03-25T12:00,BREAK,
3F-03,2027-03-25,2027-03-25T11:00,2027-03-25T12:00,BREAK,
3F-04,2027-03-25,2027-03-25T13:00,2027-03-25T14:00,BREAK,
3F-04,2027-03-25,2027-03-25T15:00,2027-03-25T16:00,BATH,
3F-05,2027-03-25,2027-03-25T13:00,2027-03-25T14:00,BREAK,
3F-06,2027-03-25,2027-03-25T13:00,2027-03-25T14:00,BREAK,
3F-07,2027-03-25,2027-03-25T13:00,2027-03-25T14:00,BREAK,
3F-08,2027-03-25,2027-03-25T13:00,2027-03-25T14:00,BREAK,
1F-11,2027-03-26,2027-03-26T11:00,2027-03-26T12:00,BREAK,
1F-11,2027-03-26,2027-03-26T10:00,2027-03-26T11:00,BATH,
1F-12,2027-03-26,2027-03-26T11:00,2027-03-26T12:00,BREAK,
1F-13,2027-03-26,2027-03-26T11:00,2027-03-26T12:00,BREAK,
1F-14,2027-03-26,2027-03-26T11:00,2027-03-26T12:00,BREAK,
1F-15,2027-03-26,2027-03-26T11:00,2027-03-26T12:00,BREAK,
1F-16,2027-03-26,2027-03-26T13:00,2027-03-26T14:00,BREAK,
1F-16,2027-03-26,2027-03-26T15:00,2027-03-26T16:00,BATH,
1F-01,2027-03-26,2027-03-26T13:00,2027-03-26T14:00,BREAK,
1F-02,2027-03-26,2027-03-26T13:00,2027-03-26T14:00,BREAK,
1F-03,2027-03-26,2027-03-26T13:00,2027-03-26T14:00,BREAK,
1F-04,2027-03-26,2027-03-26T13:00,2027-03-26T14:00,BREAK,
2F-09,2027-03-26,2027-03-26T11:00,2027-03-26T12:00,BREAK,
2F-09,2027-03-26,2027-03-26T10:00,2027-03-26T11:00,BATH,
2F-10,2027-03-26,2027-03-26T11:00,2027-03-26T12:00,BREAK,
2F-11,2027-03-26,2027-03-26T11:00,2027-03-26T12:00,BREAK,
2F-12,2027-03-26,2027-03-26T11:00,2027-03-26T12:00,BREAK,
2F-13,2027-03-26,2027-03-26T11:00,2027-03-26T12:00,BREAK,
2F-14,2027-03-26,2027-03-26T13:00,2027-03-26T14:00,BREAK,
2F-14,2027-03-26,2027-03-26T15:00,2027-03-26T16:00,BATH,
2F-15,2027-03-26,2027-03-26T13:00,2027-03-26T14:00,BREAK,
2F-16,2027-03-26,2027-03-26T13:00,2027-03-26T14:00,BREAK,
2F-01,2027-03-26,2027-03-26T13:00,2027-03-26T14:00,BREAK,
2F-02,2027-03-26,2027-03-26T13:00,2027-03-26T14:00,BREAK,
3F-09,2027-03-26,2027-03-26T11:00,2027-03-26T12:00,BREAK,
3F-09,2027-03-26,2027-03-26T10:00,2027-03-26T11:00,BATH,
3F-10,2027-03-26,2027-03-26T11:00,2027-03-26T12:00,BREAK,
3F-11,2027-03-26,2027-03-26T11:00,2027-03-26T12:00,BREAK,
3F-12,2027-03-26,2027-03-26T11:00,2027-03-26T12:00,BREAK,
3F-13,2027-03-26,2027-03-26T11:00,2027-03-26T12:00,BREAK,
3F-14,2027-03-26,2027-03-26T13:00,2027-03-26T14:00,BREAK,
3F-14,2027-03-26,2027-03-26T15:00,2027-03-26T16:00,BATH,
3F-15,2027-03-26,2027-03-26T13:00,2027-03-26T14:00,BREAK,
3F-16,2027-03-26,2027-03-26T13:00,2027-03-26T14:00,BREAK,
3F-01,2027-03-26,2027-03-26T13:00,2027-03-26T14:00,BREAK,
3F-02,2027-03-26,2027-03-26T13:00,2027-03-26T14:00,BREAK,
1F-05,2027-03-26,2027-03-26T12:00,2027-03-26T13:00,BREAK,
1F-06,2027-03-27,2027-03-27T11:00,2027-03-27T12:00,BREAK,
1F-06,2027-03-27,2027-03-27T10:00,2027-03-27T11:00,BATH,
1F-07,2027-03-27,2027-03-27T11:00,2027-03-27T12:00,BREAK,
1F-08,2027-03-27,2027-03-27T11:00,2027-03-27T12:00,BREAK,
1F-09,2027-03-27,2027-03-27T11:00,2027-03-27T12:00,BREAK,
1F-10,2027-03-27,2027-03-27T11:00,2027-03-27T12:00,BREAK,
1F-11,2027-03-27,2027-03-27T13:00,2027-03-27T14:00,BREAK,
1F-11,2027-03-27,2027-03-27T15:00,2027-03-27T16:00,BATH,
1F-12,2027-03-27,2027-03-27T13:00,2027-03-27T14:00,BREAK,
1F-13,2027-03-27,2027-03-27T13:00,2027-03-27T14:00,BREAK,
1F-14,2027-03-27,2027-03-27T13:00,2027-03-27T14:00,BREAK,
1F-15,2027-03-27,2027-03-27T13:00,2027-03-27T14:00,BREAK,
2F-03,2027-03-27,2027-03-27T11:00,2027-03-27T12:00,BREAK,
2F-03,2027-03-27,2027-03-27T10:00,2027-03-27T11:00,BATH,
2F-04,2027-03-27,2027-03-27T11:00,2027-03-27T12:00,BREAK,
2F-05,2027-03-27,2027-03-27T11:00,2027-03-27T12:00,BREAK,
2F-06,2027-03-27,2027-03-27T11:00,2027-03-27T12:00,BREAK,
2F-07,2027-03-27,2027-03-27T11:00,2027-03-27T12:00,BREAK,
2F-08,2027-03-27,2027-03-27T13:00,2027-03-27T14:00,BREAK,
2F-08,2027-03-27,2027-03-27T15:00,2027-03-27T16:00,BATH,
2F-09,2027-03-27,2027-03-27T13:00,2027-03-27T14:00,BREAK,
2F-10,2027-03-27,2027-03-27T13:00,2027-03-27T14:00,BREAK,
2F-11,2027-03-27,2027-03-27T13:00,2027-03-27T14:00,BREAK,
2F-12,2027-03-27,2027-03-27T13:00,2027-03-27T14:00,BREAK,
3F-03,2027-03-27,2027-03-27T11:00,2027-03-27T12:00,BREAK,
3F-03,2027-03-27,2027-03-27T10:00,2027-03-27T11:00,BATH,
3F-04,2027-03-27,2027-03-27T11:00,2027-03-27T12:00,BREAK,
3F-05,2027-03-27,2027-03-27T11:00,2027-03-27T12:00,BREAK,
3F-06,2027-03-27,2027-03-27T11:00,2027-03-27T12:00,BREAK,
3F-07,2027-03-27,2027-03-27T11:00,2027-03-27T12:00,BREAK,
3F-08,2027-03-27,2027-03-27T13:00,2027-03-27T14:00,BREAK,
3F-08,2027-03-27,2027-03-27T15:00,2027-03-27T16:00,BATH,
3F-09,2027-03-27,2027-03-27T13:00,2027-03-27T14:00,BREAK,
3F-10,2027-03-27,2027-03-27T13:00,2027-03-27T14:00,BREAK,
3F-11,2027-03-27,2027-03-27T13:00,2027-03-27T14:00,BREAK,
3F-12,2027-03-27,2027-03-27T13:00,2027-03-27T14:00,BREAK,
1F-16,2027-03-28,2027-03-28T11:00,2027-03-28T12:00,BREAK,
1F-16,2027-03-28,2027-03-28T10:00,2027-03-28T11:00,BATH,
2F-13,2027-03-28,2027-03-28T11:00,2027-03-28T12:00,BREAK,
2F-13,2027-03-28,2027-03-28T10:00,2027-03-28T11:00,BATH,
2F-14,2027-03-28,2027-03-28T11:00,2027-03-28T12:00,BREAK,
2F-15,2027-03-28,2027-03-28T11:00,2027-03-28T12:00,BREAK,
2F-16,2027-03-28,2027-03-28T11:00,2027-03-28T12:00,BREAK,
3F-13,2027-03-28,2027-03-28T11:00,2027-03-28T12:00,BREAK,
3F-13,2027-03-28,2027-03-28T10:00,2027-03-28T11:00,BATH,
3F-14,2027-03-28,2027-03-28T11:00,2027-03-28T12:00,BREAK,
3F-15,2027-03-28,2027-03-28T11:00,2027-03-28T12:00,BREAK,
3F-16,2027-03-28,2027-03-28T11:00,2027-03-28T12:00,BREAK,
1F-01,2027-03-29,2027-03-29T11:00,2027-03-29T12:00,BREAK,
1F-01,2027-03-29,2027-03-29T10:00,2027-03-29T11:00,BATH,
1F-02,2027-03-29,2027-03-29T11:00,2027-03-29T12:00,BREAK,
1F-03,2027-03-29,2027-03-29T11:00,2027-03-29T12:00,BREAK,
1F-04,2027-03-29,2027-03-29T11:00,2027-03-29T12:00,BREAK,
1F-05,2027-03-29,2027-03-29T11:00,2027-03-29T12:00,BREAK,
1F-06,2027-03-29,2027-03-29T13:00,2027-03-29T14:00,BREAK,
1F-06,2027-03-29,2027-03-29T15:00,2027-03-29T16:00,BATH,
1F-07,2027-03-29,2027-03-29T13:00,2027-03-29T14:00,BREAK,
1F-08,2027-03-29,2027-03-29T13:00,2027-03-29T14:00,BREAK,
1F-09,2027-03-29,2027-03-29T13:00,2027-03-29T14:00,BREAK,
1F-10,2027-03-29,2027-03-29T13:00,2027-03-29T14:00,BREAK,
2F-01,2027-03-29,2027-03-29T11:00,2027-03-29T12:00,BREAK,
2F-01,2027-03-29,2027-03-29T10:00,2027-03-29T11:00,BATH,
2F-02,2027-03-29,2027-03-29T11:00,2027-03-29T12:00,BREAK,
2F-03,2027-03-29,2027-03-29T11:00,2027-03-29T12:00,BREAK,
2F-04,2027-03-29,2027-03-29T11:00,2027-03-29T12:00,BREAK,
2F-05,2027-03-29,2027-03-29T11:00,2027-03-29T12:00,BREAK,
2F-06,2027-03-29,2027-03-29T13:00,2027-03-29T14:00,BREAK,
2F-06,2027-03-29,2027-03-29T15:00,2027-03-29T16:00,BATH,
2F-07,2027-03-29,2027-03-29T13:00,2027-03-29T14:00,BREAK,
2F-08,2027-03-29,2027-03-29T13:00,2027-03-29T14:00,BREAK,
2F-09,2027-03-29,2027-03-29T13:00,2027-03-29T14:00,BREAK,
2F-10,2027-03-29,2027-03-29T13:00,2027-03-29T14:00,BREAK,
3F-01,2027-03-29,2027-03-29T11:00,2027-03-29T12:00,BREAK,
3F-01,2027-03-29,2027-03-29T10:00,2027-03-29T11:00,BATH,
3F-02,2027-03-29,2027-03-29T11:00,2027-03-29T12:00,BREAK,
3F-03,2027-03-29,2027-03-29T11:00,2027-03-29T12:00,BREAK,
3F-04,2027-03-29,2027-03-29T11:00,2027-03-29T12:00,BREAK,
3F-05,2027-03-29,2027-03-29T11:00,2027-03-29T12:00,BREAK,
3F-06,2027-03-29,2027-03-29T13:00,2027-03-29T14:00,BREAK,
3F-06,2027-03-29,2027-03-29T15:00,2027-03-29T16:00,BATH,
3F-07,2027-03-29,2027-03-29T13:00,2027-03-29T14:00,BREAK,
3F-08,2027-03-29,2027-03-29T13:00,2027-03-29T14:00,BREAK,
3F-09,2027-03-29,2027-03-29T13:00,2027-03-29T14:00,BREAK,
3F-10,2027-03-29,2027-03-29T13:00,2027-03-29T14:00,BREAK,
1F-11,2027-03-29,2027-03-29T12:00,2027-03-29T13:00,BREAK,
1F-12,2027-03-30,2027-03-30T11:00,2027-03-30T12:00,BREAK,
1F-12,2027-03-30,2027-03-30T10:00,2027-03-30T11:00,BATH,
1F-13,2027-03-30,2027-03-30T11:00,2027-03-30T12:00,BREAK,
1F-14,2027-03-30,2027-03-30T11:00,2027-03-30T12:00,BREAK,
1F-15,2027-03-30,2027-03-30T11:00,2027-03-30T12:00,BREAK,
1F-16,2027-03-30,2027-03-30T11:00,2027-03-30T12:00,BREAK,
1F-01,2027-03-30,2027-03-30T13:00,2027-03-30T14:00,BREAK,
1F-01,2027-03-30,2027-03-30T15:00,2027-03-30T16:00,BATH,
1F-02,2027-03-30,2027-03-30T13:00,2027-03-30T14:00,BREAK,
1F-03,2027-03-30,2027-03-30T13:00,2027-03-30T14:00,BREAK,
1F-04,2027-03-30,2027-03-30T13:00,2027-03-30T14:00,BREAK,
1F-05,2027-03-30,2027-03-30T13:00,2027-03-30T14:00,BREAK,
2F-11,2027-03-30,2027-03-30T11:00,2027-03-30T12:00,BREAK,
2F-11,2027-03-30,2027-03-30T10:00,2027-03-30T11:00,BATH,
2F-12,2027-03-30,2027-03-30T11:00,2027-03-30T12:00,BREAK,
2F-13,2027-03-30,2027-03-30T11:00,2027-03-30T12:00,BREAK,
2F-14,2027-03-30,2027-03-30T11:00,2027-03-30T12:00,BREAK,
2F-15,2027-03-30,2027-03-30T11:00,2027-03-30T12:00,BREAK,
2F-16,2027-03-30,2027-03-30T13:00,2027-03-30T14:00,BREAK,
2F-16,2027-03-30,2027-03-30T15:00,2027-03-30T16:00,BATH,
2F-01,2027-03-30,2027-03-30T13:00,2027-03-30T14:00,BREAK,
2F-02,2027-03-30,2027-03-30T13:00,2027-03-30T14:00,BREAK,
2F-03,2027-03-30,2027-03-30T13:00,2027-03-30T14:00,BREAK,
2F-04,2027-03-30,2027-03-30T13:00,2027-03-30T14:00,BREAK,
3F-11,2027-03-30,2027-03-30T11:00,2027-03-30T12:00,BREAK,
3F-11,2027-03-30,2027-03-30T10:00,2027-03-30T11:00,BATH,
3F-12,2027-03-30,2027-03-30T11:00,2027-03-30T12:00,BREAK,
3F-13,2027-03-30,2027-03-30T11:00,2027-03-30T12:00,BREAK,
3F-14,2027-03-30,2027-03-30T11:00,2027-03-30T12:00,BREAK,
3F-15,2027-03-30,2027-03-30T11:00,2027-03-30T12:00,BREAK,
3F-16,2027-03-30,2027-03-30T13:00,2027-03-30T14:00,BREAK,
3F-16,2027-03-30,2027-03-30T15:00,2027-03-30T16:00,BATH,
3F-01,2027-03-30,2027-03-30T13:00,2027-03-30T14:00,BREAK,
3F-02,2027-03-30,2027-03-30T13:00,2027-03-30T14:00,BREAK,
3F-03,2027-03-30,2027-03-30T13:00,2027-03-30T14:00,BREAK,
3F-04,2027-03-30,2027-03-30T13:00,2027-03-30T14:00,BREAK,
1F-06,2027-03-31,2027-03-31T11:00,2027-03-31T12:00,BREAK,
1F-06,2027-03-31,2027-03-31T10:00,2027-03-31T11:00,BATH,
1F-07,2027-03-31,2027-03-31T11:00,2027-03-31T12:00,BREAK,
1F-08,2027-03-31,2027-03-31T11:00,2027-03-31T12:00,BREAK,
1F-09,2027-03-31,2027-03-31T11:00,2027-03-31T12:00,BREAK,
1F-10,2027-03-31,2027-03-31T11:00,2027-03-31T12:00,BREAK,
1F-11,2027-03-31,2027-03-31T13:00,2027-03-31T14:00,BREAK,
1F-11,2027-03-31,2027-03-31T15:00,2027-03-31T16:00,BATH,
1F-12,2027-03-31,2027-03-31T13:00,2027-03-31T14:00,BREAK,
1F-13,2027-03-31,2027-03-31T13:00,2027-03-31T14:00,BREAK,
1F-14,2027-03-31,2027-03-31T13:00,2027-03-31T14:00,BREAK,
1F-15,2027-03-31,2027-03-31T13:00,2027-03-31T14:00,BREAK,
2F-05,2027-03-31,2027-03-31T11:00,2027-03-31T12:00,BREAK,
2F-05,2027-03-31,2027-03-31T10:00,2027-03-31T11:00,BATH,
2F-06,2027-03-31,2027-03-31T11:00,2027-03-31T12:00,BREAK,
2F-07,2027-03-31,2027-03-31T11:00,2027-03-31T12:00,BREAK,
2F-08,2027-03-31,2027-03-31T11:00,2027-03-31T12:00,BREAK,
2F-09,2027-03-31,2027-03-31T11:00,2027-03-31T12:00,BREAK,
2F-10,2027-03-31,2027-03-31T13:00,2027-03-31T14:00,BREAK,
2F-10,2027-03-31,2027-03-31T15:00,2027-03-31T16:00,BATH,
2F-11,2027-03-31,2027-03-31T13:00,2027-03-31T14:00,BREAK,
2F-12,2027-03-31,2027-03-31T13:00,2027-03-31T14:00,BREAK,
2F-13,2027-03-31,2027-03-31T13:00,2027-03-31T14:00,BREAK,
2F-14,2027-03-31,2027-03-31T13:00,2027-03-31T14:00,BREAK,
3F-05,2027-03-31,2027-03-31T11:00,2027-03-31T12:00,BREAK,
3F-05,2027-03-31,2027-03-31T10:00,2027-03-31T11:00,BATH,
3F-06,2027-03-31,2027-03-31T11:00,2027-03-31T12:00,BREAK,
3F-07,2027-03-31,2027-03-31T11:00,2027-03-31T12:00,BREAK,
3F-08,2027-03-31,2027-03-31T11:00,2027-03-31T12:00,BREAK,
3F-09,2027-03-31,2027-03-31T11:00,2027-03-31T12:00,BREAK,
3F-10,2027-03-31,2027-03-31T13:00,2027-03-31T14:00,BREAK,
3F-10,2027-03-31,2027-03-31T15:00,2027-03-31T16:00,BATH,
3F-11,2027-03-31,2027-03-31T13:00,2027-03-31T14:00,BREAK,
3F-12,2027-03-31,2027-03-31T13:00,2027-03-31T14:00,BREAK,
3F-13,2027-03-31,2027-03-31T13:00,2027-03-31T14:00,BREAK,
3F-14,2027-03-31,2027-03-31T13:00,2027-03-31T14:00,BREAK,
1F-16,2027-03-31,2027-03-31T12:00,2027-03-31T13:00,BREAK,
1F-01,2027-04-01,2027-04-01T11:00,2027-04-01T12:00,BREAK,
1F-01,2027-04-01,2027-04-01T10:00,2027-04-01T11:00,BATH,
1F-02,2027-04-01,2027-04-01T11:00,2027-04-01T12:00,BREAK,
1F-03,2027-04-01,2027-04-01T11:00,2027-04-01T12:00,BREAK,
1F-04,2027-04-01,2027-04-01T11:00,2027-04-01T12:00,BREAK,
1F-05,2027-04-01,2027-04-01T11:00,2027-04-01T12:00,BREAK,
1F-06,2027-04-01,2027-04-01T13:00,2027-04-01T14:00,BREAK,
1F-06,2027-04-01,2027-04-01T15:00,2027-04-01T16:00,BATH,
1F-07,2027-04-01,2027-04-01T13:00,2027-04-01T14:00,BREAK,
1F-08,2027-04-01,2027-04-01T13:00,2027-04-01T14:00,BREAK,
1F-09,2027-04-01,2027-04-01T13:00,2027-04-01T14:00,BREAK,
1F-10,2027-04-01,2027-04-01T13:00,2027-04-01T14:00,BREAK,
2F-15,2027-04-01,2027-04-01T11:00,2027-04-01T12:00,BREAK,
2F-15,2027-04-01,2027-04-01T10:00,2027-04-01T11:00,BATH,
2F-16,2027-04-01,2027-04-01T11:00,2027-04-01T12:00,BREAK,
2F-01,2027-04-01,2027-04-01T11:00,2027-04-01T12:00,BREAK,
2F-02,2027-04-01,2027-04-01T11:00,2027-04-01T12:00,BREAK,
2F-03,2027-04-01,2027-04-01T11:00,2027-04-01T12:00,BREAK,
2F-04,2027-04-01,2027-04-01T13:00,2027-04-01T14:00,BREAK,
2F-04,2027-04-01,2027-04-01T15:00,2027-04-01T16:00,BATH,
2F-05,2027-04-01,2027-04-01T13:00,2027-04-01T14:00,BREAK,
2F-06,2027-04-01,2027-04-01T13:00,2027-04-01T14:00,BREAK,
2F-07,2027-04-01,2027-04-01T13:00,2027-04-01T14:00,BREAK,
2F-08,2027-04-01,2027-04-01T13:00,2027-04-01T14:00,BREAK,
3F-15,2027-04-01,2027-04-01T11:00,2027-04-01T12:00,BREAK,
3F-15,2027-04-01,2027-04-01T10:00,2027-04-01T11:00,BATH,
3F-16,2027-04-01,2027-04-01T11:00,2027-04-01T12:00,BREAK,
3F-01,2027-04-01,2027-04-01T11:00,2027-04-01T12:00,BREAK,
3F-02,2027-04-01,2027-04-01T11:00,2027-04-01T12:00,BREAK,
3F-03,2027-04-01,2027-04-01T11:00,2027-04-01T12:00,BREAK,
3F-04,2027-04-01,2027-04-01T13:00,2027-04-01T14:00,BREAK,
3F-04,2027-04-01,2027-04-01T15:00,2027-04-01T16:00,BATH,
3F-05,2027-04-01,2027-04-01T13:00,2027-04-01T14:00,BREAK,
3F-06,2027-04-01,2027-04-01T13:00,2027-04-01T14:00,BREAK,
3F-07,2027-04-01,2027-04-01T13:00,2027-04-01T14:00,BREAK,
3F-08,2027-04-01,2027-04-01T13:00,2027-04-01T14:00,BREAK,
