staff_id,grant_date,granted_days,taken_full_days,taken_half_days,taken_hourly_hours,scheme
1F-01,2026-04-01,10,3,0,0,standard
1F-02,2026-04-01,10,3,0,0,standard
1F-03,2026-04-01,10,4,0,0,standard
1F-04,2026-04-01,10,4,0,0,standard
1F-05,2026-04-01,10,5,0,0,standard
1F-06,2026-04-01,10,5,0,0,standard
1F-07,2026-04-01,10,3,0,0,standard
1F-08,2026-04-01,10,3,0,0,standard
1F-09,2026-04-01,10,4,0,0,standard
1F-10,2026-04-01,10,4,0,0,standard
1F-11,2026-04-01,10,5,0,0,standard
1F-12,2026-04-01,10,5,0,0,standard
1F-13,2026-04-01,10,3,0,0,standard
1F-14,2026-04-01,10,3,0,0,standard
1F-15,2026-04-01,10,4,0,0,standard
1F-16,2026-04-01,10,4,0,0,standard
1F-17,2026-04-01,10,5,0,0,standard
1F-18,2026-04-01,10,5,0,0,standard
1F-19,2026-04-01,10,3,0,0,standard
1F-20,2026-04-01,10,3,0,0,standard
1F-21,2026-04-01,10,4,0,0,standard
1F-22,2026-04-01,10,4,0,0,standard
1F-23,2026-04-01,10,5,0,0,standard
1F-24,2026-04-01,10,5,0,0,standard
2F-01,2026-04-01,10,3,0,0,standard
2F-02,2026-04-01,10,3,0,0,standard
2F-03,2026-04-01,10,4,0,0,standard
2F-04,2026-04-01,10,4,0,0,standard
2F-05,2026-04-01,10,5,0,0,standard
2F-06,2026-04-01,10,5,0,0,standard
2F-07,2026-04-01,10,3,0,0,standard
2F-08,2026-04-01,10,3,0,0,standard
2F-09,2026-04-01,10,4,0,0,standard
2F-10,2026-04-01,10,4,0,0,standard
2F-11,2026-04-01,10,5,0,0,standard
2F-12,2026-04-01,10,5,0,0,standard
2F-13,2026-04-01,10,3,0,0,standard
2F-14,2026-04-01,10,3,0,0,standard
2F-15,2026-04-01,10,4,0,0,standard
2F-16,2026-04-01,10,4,0,0,standard
2F-17,2026-04-01,10,5,0,0,standard
2F-18,2026-04-01,10,5,0,0,standard
2F-19,2026-04-01,10,3,0,0,standard
2F-20,2026-04-01,10,3,0,0,standard
2F-21,2026-04-01,10,4,0,0,standard
2F-22,2026-04-01,10,4,0,0,standard
2F-23,2026-04-01,10,5,0,0,standard
2F-24,2026-04-01,10,5,0,0,standard
3F-01,2026-04-01,10,3,0,0,standard
3F-02,2026-04-01,10,3,0,0,standard
3F-03,2026-04-01,10,4,0,0,standard
3F-04,2026-04-01,10,4,0,0,standard
3F-05,2026-04-01,10,5,0,0,standard
3F-06,2026-04-01,10,5,0,0,standard
3F-07,2026-04-01,10,3,0,0,standard
3F-08,2026-04-01,10,3,0,0,standard
3F-09,2026-04-01,10,4,0,0,standard
3F-10,2026-04-01,10,4,0,0,standard
3F-11,2026-04-01,10,5,0,0,standard
3F-12,2026-04-01,10,5,0,0,standard
3F-13,2026-04-01,10,3,0,0,standard
3F-14,2026-04-01,10,3,0,0,standard
3F-15,2026-04-01,10,4,0,0,standard
3F-16,2026-04-01,10,4,0,0,standard
3F-17,2026-04-01,10,5,0,0,standard
3F-18,2026-04-01,10,5,0,0,standard
3F-19,2026-04-01,10,3,0,0,standard
3F-20,2026-04-01,10,3,0,0,standard
3F-21,2026-04-01,10,4,0,0,standard
3F-22,2026-04-01,10,4,0,0,standard
3F-23,2026-04-01,10,5,0,0,standard
3F-24,2026-04-01,10,5,0,0,standard
